{
"type": "FeatureCollection",
"name": "metro-stations",
"crs": { "type": "name", "properties": { "name": "urn:ogc:def:crs:OGC:1.3:CRS84" } },
"features": [
{ "type": "Feature", "properties": { "id": "798f0db8-be96-3bad-b592-d78c84a1afc3", "name": "古平岗(地铁站)", "type": "交通设施服务;地铁站;地铁站", "typecode": "150500", "typecode_X": 0.0, "typecode_Y": 0.0, "address": "(在建)7号线南段", "location_X": 118.757743, "location_Y": 32.072376, "tel": [ ], "pcode": 320000, "pname": "江苏省", "citycode": 25, "cityname": "南京市", "adcode": 320106, "adname": "鼓楼区", "gridcode": 4818068021.0, "distance": 678, "business_a": "虎踞北路", "timestamp": "2023-05-19T00:00:00", "biz_ext": { "rating": [ ], "cost": [ ] }, "行业大": "交通设施服务", "行业中": "地铁站", "行业小": "地铁站", "total_time": 3.0 }, "geometry": { "type": "Point", "coordinates": [ 118.752516885612366, 32.074417265948973 ] } },
{ "type": "Feature", "properties": { "id": "26777735-c1de-3be1-a407-683df67a6a54", "name": "盐仓桥(地铁站)", "type": "交通设施服务;地铁站;地铁站", "typecode": "150500", "typecode_X": 0.0, "typecode_Y": 0.0, "address": "(在建)5号线", "location_X": 118.751823, "location_Y": 32.086112, "tel": [ ], "pcode": 320000, "pname": "江苏省", "citycode": 25, "cityname": "南京市", "adcode": 320106, "adname": "鼓楼区", "gridcode": 4818160010.0, "distance": 1032, "business_a": "虎踞北路", "timestamp": "2023-05-24T00:00:00", "biz_ext": { "rating": [ ], "cost": [ ] }, "行业大": "交通设施服务", "行业中": "地铁站", "行业小": "地铁站", "total_time": 2.0 }, "geometry": { "type": "Point", "coordinates": [ 118.746594692885552, 32.088155224295903 ] } },
{ "type": "Feature", "properties": { "id": "b0bb7a41-db99-3be5-9768-e8ef93f8d86d", "name": "清凉山(地铁站)", "type": "交通设施服务;地铁站;地铁站", "typecode": "150500", "typecode_X": 0.0, "typecode_Y": 0.0, "address": "(在建)7号线南段;(规划)13号线", "location_X": 118.759494, "location_Y": 32.048142, "tel": [ ], "pcode": 320000, "pname": "江苏省", "citycode": 25, "cityname": "南京市", "adcode": 320106, "adname": "鼓楼区", "gridcode": 4818065022.0, "distance": 325, "business_a": "汉中门", "timestamp": "2023-02-15T00:00:00", "biz_ext": { "rating": [ ], "cost": [ ] }, "行业大": "交通设施服务", "行业中": "地铁站", "行业小": "地铁站", "total_time": 6.0 }, "geometry": { "type": "Point", "coordinates": [ 118.754270693853741, 32.050178472543834 ] } },
{ "type": "Feature", "properties": { "id": "7f3e1de9-276c-3446-815f-c646b42a6f32", "name": "马群(地铁站)", "type": "交通设施服务;地铁站;地铁站", "typecode": "150500", "typecode_X": 0.0, "typecode_Y": 0.0, "address": "2号线;S6号线/宁句线", "location_X": 118.894721, "location_Y": 32.049649, "tel": [ ], "pcode": 320000, "pname": "江苏省", "citycode": 25, "cityname": "南京市", "adcode": 320113, "adname": "栖霞区", "gridcode": 4818075121.0, "distance": 1376, "business_a": "马群", "timestamp": "2023-04-25T00:00:00", "biz_ext": { "rating": [ ], "cost": [ ] }, "行业大": "交通设施服务", "行业中": "地铁站", "行业小": "地铁站", "total_time": 9.0 }, "geometry": { "type": "Point", "coordinates": [ 118.889698618144479, 32.05186595093155 ] } },
{ "type": "Feature", "properties": { "id": "7a80c755-db62-3f7e-8cf0-6938f22fe9b6", "name": "油坊桥(地铁站)", "type": "交通设施服务;地铁站;地铁站", "typecode": "150500", "typecode_X": 0.0, "typecode_Y": 0.0, "address": "(在建)S2号线/宁马线;2号线;S3号线/宁和线", "location_X": 118.721361, "location_Y": 31.966454, "tel": [ ], "pcode": 320000, "pname": "江苏省", "citycode": 25, "cityname": "南京市", "adcode": 320105, "adname": "建邺区", "gridcode": 4718755722.0, "distance": 1682, "business_a": "西善桥", "timestamp": "2023-04-23T00:00:00", "biz_ext": { "rating": [ ], "cost": [ ] }, "行业大": "交通设施服务", "行业中": "地铁站", "行业小": "地铁站", "total_time": 8.0 }, "geometry": { "type": "Point", "coordinates": [ 118.716162813634398, 31.96848578427128 ] } },
{ "type": "Feature", "properties": { "id": "3e685f40-26c5-3fdb-bf8c-4acfd978fa69", "name": "西善桥(地铁站)", "type": "交通设施服务;地铁站;地铁站", "typecode": "150500", "typecode_X": 0.0, "typecode_Y": 0.0, "address": "(在建)7号线南段;(在建)S2号线/宁马线", "location_X": 118.690675, "location_Y": 31.946208, "tel": [ ], "pcode": 320000, "pname": "江苏省", "citycode": 25, "cityname": "南京市", "adcode": 320114, "adname": "雨花台区", "gridcode": 4718753510.0, "distance": 690, "business_a": [ ], "timestamp": "2023-04-08T00:00:00", "biz_ext": { "rating": [ ], "cost": [ ] }, "行业大": "交通设施服务", "行业中": "地铁站", "行业小": "地铁站", "total_time": 3.0 }, "geometry": { "type": "Point", "coordinates": [ 118.685531201361073, 31.948279862994049 ] } },
{ "type": "Feature", "properties": { "id": "bb399f87-644a-33bf-aba5-9eab193806b8", "name": "东山香樟园(地铁站)", "type": "交通设施服务;地铁站;地铁站", "typecode": "150500", "typecode_X": 0.0, "typecode_Y": 0.0, "address": "(在建)5号线", "location_X": 118.839363, "location_Y": 31.971777, "tel": [ ], "pcode": 320000, "pname": "江苏省", "citycode": 25, "cityname": "南京市", "adcode": 320115, "adname": "江宁区", "gridcode": 4718766710.0, "distance": 1442, "business_a": [ ], "timestamp": "2022-07-20T00:00:00", "biz_ext": { "rating": [ ], "cost": [ ] }, "行业大": "交通设施服务", "行业中": "地铁站", "行业小": "地铁站", "total_time": 3.0 }, "geometry": { "type": "Point", "coordinates": [ 118.834273460925743, 31.973908437572351 ] } },
{ "type": "Feature", "properties": { "id": "9a098b55-7b28-3b67-9921-72fdc88a85c1", "name": "仙鹤门(地铁站)", "type": "交通设施服务;地铁站;地铁站", "typecode": "150500", "typecode_X": 0.0, "typecode_Y": 0.0, "address": "2号线", "location_X": 118.904914, "location_Y": 32.084911, "tel": [ ], "pcode": 320000, "pname": "江苏省", "citycode": 25, "cityname": "南京市", "adcode": 320102, "adname": "玄武区", "gridcode": 4818170201.0, "distance": 1123, "business_a": "亚东", "timestamp": "2022-11-07T00:00:00", "biz_ext": { "rating": [ ], "cost": [ ] }, "行业大": "交通设施服务", "行业中": "地铁站", "行业小": "地铁站", "total_time": 2.0 }, "geometry": { "type": "Point", "coordinates": [ 118.899888346948188, 32.087136449966096 ] } },
{ "type": "Feature", "properties": { "id": "2687ad9e-f609-382d-8ac7-50bb0a50003b", "name": "百家湖(地铁站)", "type": "交通设施服务;地铁站;地铁站", "typecode": "150500", "typecode_X": 0.0, "typecode_Y": 0.0, "address": "(规划)12号线;1号线", "location_X": 118.820843, "location_Y": 31.931941, "tel": [ ], "pcode": 320000, "pname": "江苏省", "citycode": 25, "cityname": "南京市", "adcode": 320115, "adname": "江宁区", "gridcode": 4718761522.0, "distance": 913, "business_a": "开发区", "timestamp": "2023-05-26T00:00:00", "biz_ext": { "rating": [ ], "cost": [ ] }, "行业大": "交通设施服务", "行业中": "地铁站", "行业小": "地铁站", "total_time": 6.0 }, "geometry": { "type": "Point", "coordinates": [ 118.815717950252264, 31.934028673205248 ] } },
{ "type": "Feature", "properties": { "id": "884853df-89e0-3777-8725-e985e8ca4718", "name": "胜太路(地铁站)", "type": "交通设施服务;地铁站;地铁站", "typecode": "150500", "typecode_X": 0.0, "typecode_Y": 0.0, "address": "1号线", "location_X": 118.821393, "location_Y": 31.943549, "tel": [ ], "pcode": 320000, "pname": "江苏省", "citycode": 25, "cityname": "南京市", "adcode": 320115, "adname": "江宁区", "gridcode": 4718763502.0, "distance": 945, "business_a": "开发区", "timestamp": "2023-05-26T00:00:00", "biz_ext": { "rating": [ ], "cost": [ ] }, "行业大": "交通设施服务", "行业中": "地铁站", "行业小": "地铁站", "total_time": 2.0 }, "geometry": { "type": "Point", "coordinates": [ 118.816268051169061, 31.945640330088185 ] } },
{ "type": "Feature", "properties": { "id": "a058b389-9c96-305a-bac6-c7462a59c70e", "name": "龙眠大道(地铁站)", "type": "交通设施服务;地铁站;地铁站", "typecode": "150500", "typecode_X": 0.0, "typecode_Y": 0.0, "address": "1号线", "location_X": 118.877156, "location_Y": 31.939902, "tel": [ ], "pcode": 320000, "pname": "江苏省", "citycode": 25, "cityname": "南京市", "adcode": 320115, "adname": "江宁区", "gridcode": 4718772020.0, "distance": 1243, "business_a": [ ], "timestamp": "2023-04-08T00:00:00", "biz_ext": { "rating": [ ], "cost": [ ] }, "行业大": "交通设施服务", "行业中": "地铁站", "行业小": "地铁站", "total_time": 2.0 }, "geometry": { "type": "Point", "coordinates": [ 118.8721318832728, 31.942082396623469 ] } },
{ "type": "Feature", "properties": { "id": "743c0d23-748a-3fce-a522-4cb15d477f01", "name": "天印大道(地铁站)", "type": "交通设施服务;地铁站;地铁站", "typecode": "150500", "typecode_X": 0.0, "typecode_Y": 0.0, "address": "1号线", "location_X": 118.863561, "location_Y": 31.937638, "tel": [ ], "pcode": 320000, "pname": "江苏省", "citycode": 25, "cityname": "南京市", "adcode": 320115, "adname": "江宁区", "gridcode": 4718762910.0, "distance": 1348, "business_a": "竹山路沿线", "timestamp": "2022-12-05T00:00:00", "biz_ext": { "rating": [ ], "cost": [ ] }, "行业大": "交通设施服务", "行业中": "地铁站", "行业小": "地铁站", "total_time": 3.0 }, "geometry": { "type": "Point", "coordinates": [ 118.858519285240774, 31.93980159563532 ] } },
{ "type": "Feature", "properties": { "id": "86ccdc16-e64a-32ac-8553-172fbff3fc34", "name": "新亭路(地铁站)", "type": "交通设施服务;地铁站;地铁站", "typecode": "150500", "typecode_X": 0.0, "typecode_Y": 0.0, "address": "(在建)5号线", "location_X": 118.845566, "location_Y": 31.94269, "tel": [ ], "pcode": 320000, "pname": "江苏省", "citycode": 25, "cityname": "南京市", "adcode": 320115, "adname": "江宁区", "gridcode": 4718763701.0, "distance": 312, "business_a": "竹山路沿线", "timestamp": "2022-11-08T00:00:00", "biz_ext": { "rating": [ ], "cost": [ ] }, "行业大": "交通设施服务", "行业中": "地铁站", "行业小": "地铁站", "total_time": 2.0 }, "geometry": { "type": "Point", "coordinates": [ 118.840491676645527, 31.944825937465495 ] } },
{ "type": "Feature", "properties": { "id": "07768468-0e25-3e1a-902b-858a2d6b9caf", "name": "河定桥(地铁站)", "type": "交通设施服务;地铁站;地铁站", "typecode": "150500", "typecode_X": 0.0, "typecode_Y": 0.0, "address": "1号线", "location_X": 118.820141, "location_Y": 31.952092, "tel": [ ], "pcode": 320000, "pname": "江苏省", "citycode": 25, "cityname": "南京市", "adcode": 320115, "adname": "江宁区", "gridcode": 4718764501.0, "distance": 1125, "business_a": "胜太路", "timestamp": "2023-05-26T00:00:00", "biz_ext": { "rating": [ ], "cost": [ ] }, "行业大": "交通设施服务", "行业中": "地铁站", "行业小": "地铁站", "total_time": 2.0 }, "geometry": { "type": "Point", "coordinates": [ 118.815012632578757, 31.954182949302524 ] } },
{ "type": "Feature", "properties": { "id": "448fbce6-ec74-31ce-bbbb-e29d83cfafdd", "name": "科宁路(地铁站)", "type": "交通设施服务;地铁站;地铁站", "typecode": "150500", "typecode_X": 0.0, "typecode_Y": 0.0, "address": "(在建)5号线", "location_X": 118.849836, "location_Y": 31.923189, "tel": [ ], "pcode": 320000, "pname": "江苏省", "citycode": 25, "cityname": "南京市", "adcode": 320115, "adname": "江宁区", "gridcode": 4718760722.0, "distance": 545, "business_a": "竹山路沿线", "timestamp": "2022-07-18T00:00:00", "biz_ext": { "rating": [ ], "cost": [ ] }, "行业大": "交通设施服务", "行业中": "地铁站", "行业小": "地铁站", "total_time": 2.0 }, "geometry": { "type": "Point", "coordinates": [ 118.84477174355257, 31.92532793529994 ] } },
{ "type": "Feature", "properties": { "id": "0253d797-a9fb-3ac3-96fc-169726d966e1", "name": "东流(地铁站)", "type": "交通设施服务;地铁站;地铁站", "typecode": "150500", "typecode_X": 0.0, "typecode_Y": 0.0, "address": "4号线", "location_X": 118.964224, "location_Y": 32.077173, "tel": [ ], "pcode": 320000, "pname": "江苏省", "citycode": 25, "cityname": "南京市", "adcode": 320115, "adname": "江宁区", "gridcode": 4818079700.0, "distance": 1114, "business_a": [ ], "timestamp": "2023-04-02T00:00:00", "biz_ext": { "rating": [ ], "cost": [ ] }, "行业大": "交通设施服务", "行业中": "地铁站", "行业小": "地铁站", "total_time": 3.0 }, "geometry": { "type": "Point", "coordinates": [ 118.959094194073515, 32.079312812525771 ] } },
{ "type": "Feature", "properties": { "id": "9773a001-2cbd-3e83-b57c-72a127a67296", "name": "绿博园(地铁站)", "type": "交通设施服务;地铁站;地铁站", "typecode": "150500", "typecode_X": 0.0, "typecode_Y": 0.0, "address": "(在建)9号线;10号线", "location_X": 118.716735, "location_Y": 32.024161, "tel": [ ], "pcode": 320000, "pname": "江苏省", "citycode": 25, "cityname": "南京市", "adcode": 320105, "adname": "建邺区", "gridcode": 4818052721.0, "distance": 1680, "business_a": "兴隆", "timestamp": "2022-07-12T00:00:00", "biz_ext": { "rating": [ ], "cost": [ ] }, "行业大": "交通设施服务", "行业中": "地铁站", "行业小": "地铁站", "total_time": 5.0 }, "geometry": { "type": "Point", "coordinates": [ 118.711537626553564, 32.026211264863974 ] } },
{ "type": "Feature", "properties": { "id": "69dcbe3b-859b-343b-9cd9-c8660b21414d", "name": "神机营(地铁站)", "type": "交通设施服务;地铁站;地铁站", "typecode": "150500", "typecode_X": 0.0, "typecode_Y": 0.0, "address": "(在建)5号线", "location_X": 118.824519, "location_Y": 31.993202, "tel": [ ], "pcode": 320000, "pname": "江苏省", "citycode": 25, "cityname": "南京市", "adcode": 320104, "adname": "秦淮区", "gridcode": 4718769502.0, "distance": 1230, "business_a": [ ], "timestamp": "2022-07-20T00:00:00", "biz_ext": { "rating": [ ], "cost": [ ] }, "行业大": "交通设施服务", "行业中": "地铁站", "行业小": "地铁站", "total_time": 2.0 }, "geometry": { "type": "Point", "coordinates": [ 118.819396141310563, 31.995310618824092 ] } },
{ "type": "Feature", "properties": { "id": "afc55b91-35a1-38ed-9c5e-544ede7e1840", "name": "南京南站(地铁站)", "type": "交通设施服务;地铁站;地铁站", "typecode": "150500", "typecode_X": 0.0, "typecode_Y": 0.0, "address": "(在建)6号线;1号线;3号线;S1号线/机场线;S3号线/宁和线", "location_X": 118.796786, "location_Y": 31.970968, "tel": [ ], "pcode": 320000, "pname": "江苏省", "citycode": 25, "cityname": "南京市", "adcode": 320114, "adname": "雨花台区", "gridcode": 4718766312.0, "distance": 1205, "business_a": "宁南", "timestamp": "2023-05-10T00:00:00", "biz_ext": { "rating": [ ], "cost": [ ] }, "行业大": "交通设施服务", "行业中": "地铁站", "行业小": "地铁站", "total_time": 10.0 }, "geometry": { "type": "Point", "coordinates": [ 118.791610467632111, 31.973023143052579 ] } },
{ "type": "Feature", "properties": { "id": "0e1d6634-5bcb-3d93-b9ce-7952f0f9c3ab", "name": "珠江路(地铁站)", "type": "交通设施服务;地铁站;地铁站", "typecode": "150500", "typecode_X": 0.0, "typecode_Y": 0.0, "address": "(规划)13号线;1号线", "location_X": 118.784208, "location_Y": 32.050974, "tel": [ ], "pcode": 320000, "pname": "江苏省", "citycode": 25, "cityname": "南京市", "adcode": 320102, "adname": "玄武区", "gridcode": 4818066202.0, "distance": 535, "business_a": "南大", "timestamp": "2023-05-26T00:00:00", "biz_ext": { "rating": [ ], "cost": [ ] }, "行业大": "交通设施服务", "行业中": "地铁站", "行业小": "地铁站", "total_time": 2.0 }, "geometry": { "type": "Point", "coordinates": [ 118.779005831455038, 32.053030387771635 ] } },
{ "type": "Feature", "properties": { "id": "3009047b-fb49-30e8-b68c-23918da132a6", "name": "迈皋桥(地铁站)", "type": "交通设施服务;地铁站;地铁站", "typecode": "150500", "typecode_X": 0.0, "typecode_Y": 0.0, "address": "1号线", "location_X": 118.809677, "location_Y": 32.102712, "tel": [ ], "pcode": 320000, "pname": "江苏省", "citycode": 25, "cityname": "南京市", "adcode": 320113, "adname": "栖霞区", "gridcode": 4818162402.0, "distance": 1685, "business_a": "红山", "timestamp": "2023-05-26T00:00:00", "biz_ext": { "rating": [ ], "cost": [ ] }, "行业大": "交通设施服务", "行业中": "地铁站", "行业小": "地铁站", "total_time": 3.0 }, "geometry": { "type": "Point", "coordinates": [ 118.804513333975976, 32.104817733797255 ] } },
{ "type": "Feature", "properties": { "id": "f157d320-ff68-3e92-886e-3940c6bf9905", "name": "尧化新村(地铁站)", "type": "交通设施服务;地铁站;地铁站", "typecode": "150500", "typecode_X": 0.0, "typecode_Y": 0.0, "address": "7号线", "location_X": 118.875715, "location_Y": 32.115239, "tel": [ ], "pcode": 320000, "pname": "江苏省", "citycode": 25, "cityname": "南京市", "adcode": 320113, "adname": "栖霞区", "gridcode": 4818173020.0, "distance": 1384, "business_a": "尧化", "timestamp": "2022-12-27T00:00:00", "biz_ext": { "rating": [ ], "cost": [ ] }, "行业大": "交通设施服务", "行业中": "地铁站", "行业小": "地铁站", "total_time": 3.0 }, "geometry": { "type": "Point", "coordinates": [ 118.870673449443032, 32.117456989061843 ] } },
{ "type": "Feature", "properties": { "id": "eb8f462d-4ec5-3baa-b673-3ca31c8cc429", "name": "尧化门(地铁站)", "type": "交通设施服务;地铁站;地铁站", "typecode": "150500", "typecode_X": 0.0, "typecode_Y": 0.0, "address": "7号线", "location_X": 118.887867, "location_Y": 32.122646, "tel": [ ], "pcode": 320000, "pname": "江苏省", "citycode": 25, "cityname": "南京市", "adcode": 320113, "adname": "栖霞区", "gridcode": 4818174120.0, "distance": 1339, "business_a": "尧化", "timestamp": "2022-12-30T00:00:00", "biz_ext": { "rating": [ ], "cost": [ ] }, "行业大": "交通设施服务", "行业中": "地铁站", "行业小": "地铁站", "total_time": 1.0 }, "geometry": { "type": "Point", "coordinates": [ 118.8828351424348, 32.124875282914104 ] } },
{ "type": "Feature", "properties": { "id": "9f31b2a4-0f08-3593-a8f7-a0510a11a275", "name": "晓庄(地铁站)", "type": "交通设施服务;地铁站;地铁站", "typecode": "150500", "typecode_X": 0.0, "typecode_Y": 0.0, "address": "1号线;7号线", "location_X": 118.818517, "location_Y": 32.117229, "tel": [ ], "pcode": 320000, "pname": "江苏省", "citycode": 25, "cityname": "南京市", "adcode": 320113, "adname": "栖霞区", "gridcode": 4818164501.0, "distance": 864, "business_a": "迈皋桥", "timestamp": "2023-01-05T00:00:00", "biz_ext": { "rating": [ ], "cost": [ ] }, "行业大": "交通设施服务", "行业中": "地铁站", "行业小": "地铁站", "total_time": 7.0 }, "geometry": { "type": "Point", "coordinates": [ 118.813370090039143, 32.119353602606687 ] } },
{ "type": "Feature", "properties": { "id": "0033ca7c-64fe-3248-8375-40e0093a35d6", "name": "宏运大道(地铁站)", "type": "交通设施服务;地铁站;地铁站", "typecode": "150500", "typecode_X": 0.0, "typecode_Y": 0.0, "address": "3号线", "location_X": 118.804067, "location_Y": 31.959019, "tel": [ ], "pcode": 320000, "pname": "江苏省", "citycode": 25, "cityname": "南京市", "adcode": 320115, "adname": "江宁区", "gridcode": 4718765400.0, "distance": 1181, "business_a": [ ], "timestamp": "2022-11-10T00:00:00", "biz_ext": { "rating": [ ], "cost": [ ] }, "行业大": "交通设施服务", "行业中": "地铁站", "行业小": "地铁站", "total_time": 2.0 }, "geometry": { "type": "Point", "coordinates": [ 118.798905673621675, 31.961082980583761 ] } },
{ "type": "Feature", "properties": { "id": "3fa73273-950b-32d8-9b79-c8678fdeea3b", "name": "卡子门(地铁站)", "type": "交通设施服务;地铁站;地铁站", "typecode": "150500", "typecode_X": 0.0, "typecode_Y": 0.0, "address": "(在建)10号线二期;3号线", "location_X": 118.795514, "location_Y": 31.995041, "tel": [ ], "pcode": 320000, "pname": "江苏省", "citycode": 25, "cityname": "南京市", "adcode": 320104, "adname": "秦淮区", "gridcode": 4718769311.0, "distance": 551, "business_a": [ ], "timestamp": "2023-04-19T00:00:00", "biz_ext": { "rating": [ ], "cost": [ ] }, "行业大": "交通设施服务", "行业中": "地铁站", "行业小": "地铁站", "total_time": 2.0 }, "geometry": { "type": "Point", "coordinates": [ 118.790334097596627, 31.997099799886907 ] } },
{ "type": "Feature", "properties": { "id": "a9820562-5e42-31fd-9270-776c9c0fd448", "name": "安德门(地铁站)", "type": "交通设施服务;地铁站;地铁站", "typecode": "150500", "typecode_X": 0.0, "typecode_Y": 0.0, "address": "(在建)10号线二期;10号线;1号线", "location_X": 118.762136, "location_Y": 31.990862, "tel": [ ], "pcode": 320000, "pname": "江苏省", "citycode": 25, "cityname": "南京市", "adcode": 320114, "adname": "雨花台区", "gridcode": 4718768022.0, "distance": 548, "business_a": "安德门", "timestamp": "2023-05-26T00:00:00", "biz_ext": { "rating": [ ], "cost": [ ] }, "行业大": "交通设施服务", "行业中": "地铁站", "行业小": "地铁站", "total_time": 8.0 }, "geometry": { "type": "Point", "coordinates": [ 118.756919089796796, 31.99288641780748 ] } },
{ "type": "Feature", "properties": { "id": "c3d396ca-b2df-32a4-91af-6f9ea6ea3950", "name": "幕府山(地铁站)", "type": "交通设施服务;地铁站;地铁站", "typecode": "150500", "typecode_X": 0.0, "typecode_Y": 0.0, "address": "7号线", "location_X": 118.798662, "location_Y": 32.114303, "tel": [ ], "pcode": 320000, "pname": "江苏省", "citycode": 25, "cityname": "南京市", "adcode": 320106, "adname": "鼓楼区", "gridcode": 4818163322.0, "distance": 958, "business_a": [ ], "timestamp": "2022-12-29T00:00:00", "biz_ext": { "rating": [ ], "cost": [ ] }, "行业大": "交通设施服务", "行业中": "地铁站", "行业小": "地铁站", "total_time": 3.0 }, "geometry": { "type": "Point", "coordinates": [ 118.793476526030844, 32.116392770076679 ] } },
{ "type": "Feature", "properties": { "id": "37ca98b4-1dbc-309c-927c-07391cbfb29e", "name": "幕府西路(地铁站)", "type": "交通设施服务;地铁站;地铁站", "typecode": "150500", "typecode_X": 0.0, "typecode_Y": 0.0, "address": "(在建)7号线南段;7号线", "location_X": 118.771274, "location_Y": 32.105533, "tel": [ ], "pcode": 320000, "pname": "江苏省", "citycode": 25, "cityname": "南京市", "adcode": 320106, "adname": "鼓楼区", "gridcode": 4818162112.0, "distance": 703, "business_a": "幕府西路", "timestamp": "2022-12-29T00:00:00", "biz_ext": { "rating": [ ], "cost": [ ] }, "行业大": "交通设施服务", "行业中": "地铁站", "行业小": "地铁站", "total_time": 2.0 }, "geometry": { "type": "Point", "coordinates": [ 118.766052557608077, 32.107588347637005 ] } },
{ "type": "Feature", "properties": { "id": "1809aa4c-043b-3e6e-9281-c41b19e22def", "name": "丁家庄(地铁站)", "type": "交通设施服务;地铁站;地铁站", "typecode": "150500", "typecode_X": 0.0, "typecode_Y": 0.0, "address": "7号线", "location_X": 118.849892, "location_Y": 32.111546, "tel": [ ], "pcode": 320000, "pname": "江苏省", "citycode": 25, "cityname": "南京市", "adcode": 320113, "adname": "栖霞区", "gridcode": 4818163712.0, "distance": 1766, "business_a": [ ], "timestamp": "2022-12-30T00:00:00", "biz_ext": { "rating": [ ], "cost": [ ] }, "行业大": "交通设施服务", "行业中": "地铁站", "行业小": "地铁站", "total_time": 2.0 }, "geometry": { "type": "Point", "coordinates": [ 118.844810724207903, 32.113727106569435 ] } },
{ "type": "Feature", "properties": { "id": "20858596-947d-3740-b002-59ef234e753b", "name": "万寿(地铁站)", "type": "交通设施服务;地铁站;地铁站", "typecode": "150500", "typecode_X": 0.0, "typecode_Y": 0.0, "address": "(在建)6号线;7号线", "location_X": 118.834652, "location_Y": 32.119539, "tel": [ ], "pcode": 320000, "pname": "江苏省", "citycode": 25, "cityname": "南京市", "adcode": 320113, "adname": "栖霞区", "gridcode": 4818164612.0, "distance": 810, "business_a": "迈皋桥", "timestamp": "2022-12-27T00:00:00", "biz_ext": { "rating": [ ], "cost": [ ] }, "行业大": "交通设施服务", "行业中": "地铁站", "行业小": "地铁站", "total_time": 3.0 }, "geometry": { "type": "Point", "coordinates": [ 118.829539125002213, 32.121694297928755 ] } },
{ "type": "Feature", "properties": { "id": "50cf2c2d-af16-3407-88cb-d4e857d46df2", "name": "竹山路(地铁站)", "type": "交通设施服务;地铁站;地铁站", "typecode": "150500", "typecode_X": 0.0, "typecode_Y": 0.0, "address": "(在建)5号线;1号线", "location_X": 118.844454, "location_Y": 31.931965, "tel": [ ], "pcode": 320000, "pname": "江苏省", "citycode": 25, "cityname": "南京市", "adcode": 320115, "adname": "江宁区", "gridcode": 4718761721.0, "distance": 1102, "business_a": "竹山路沿线", "timestamp": "2023-05-26T00:00:00", "biz_ext": { "rating": [ ], "cost": [ ] }, "行业大": "交通设施服务", "行业中": "地铁站", "行业小": "地铁站", "total_time": 2.0 }, "geometry": { "type": "Point", "coordinates": [ 118.839378436616158, 31.934096537454206 ] } },
{ "type": "Feature", "properties": { "id": "5057fcc4-c467-335f-b5aa-8873eea99ff2", "name": "南大仙林校区(地铁站)", "type": "交通设施服务;地铁站;地铁站", "typecode": "150500", "typecode_X": 0.0, "typecode_Y": 0.0, "address": "2号线", "location_X": 118.95951, "location_Y": 32.108763, "tel": [ ], "pcode": 320000, "pname": "江苏省", "citycode": 25, "cityname": "南京市", "adcode": 320113, "adname": "栖霞区", "gridcode": 4818173602.0, "distance": 504, "business_a": [ ], "timestamp": "2022-11-10T00:00:00", "biz_ext": { "rating": [ ], "cost": [ ] }, "行业大": "交通设施服务", "行业中": "地铁站", "行业小": "地铁站", "total_time": 2.0 }, "geometry": { "type": "Point", "coordinates": [ 118.954391379190398, 32.110920960214365 ] } },
{ "type": "Feature", "properties": { "id": "20bad146-c1c6-3675-a835-345886066528", "name": "胜太西路(地铁站)", "type": "交通设施服务;地铁站;地铁站", "typecode": "150500", "typecode_X": 0.0, "typecode_Y": 0.0, "address": "3号线", "location_X": 118.807434, "location_Y": 31.943772, "tel": [ ], "pcode": 320000, "pname": "江苏省", "citycode": 25, "cityname": "南京市", "adcode": 320115, "adname": "江宁区", "gridcode": 4718763401.0, "distance": 1105, "business_a": "开发区", "timestamp": "2023-05-19T00:00:00", "biz_ext": { "rating": [ ], "cost": [ ] }, "行业大": "交通设施服务", "行业中": "地铁站", "行业小": "地铁站", "total_time": 3.0 }, "geometry": { "type": "Point", "coordinates": [ 118.80228051725075, 31.945838186926817 ] } },
{ "type": "Feature", "properties": { "id": "4cd3d779-4a1c-3584-8f14-7b4f770d74a3", "name": "光华门(地铁站)", "type": "交通设施服务;地铁站;地铁站", "typecode": "150500", "typecode_X": 0.0, "typecode_Y": 0.0, "address": "(在建)5号线;(在建)6号线", "location_X": 118.815925, "location_Y": 32.02337, "tel": [ ], "pcode": 320000, "pname": "江苏省", "citycode": 25, "cityname": "南京市", "adcode": 320104, "adname": "秦淮区", "gridcode": 4818062520.0, "distance": 825, "business_a": "大光路", "timestamp": "2022-11-08T00:00:00", "biz_ext": { "rating": [ ], "cost": [ ] }, "行业大": "交通设施服务", "行业中": "地铁站", "行业小": "地铁站", "total_time": 2.0 }, "geometry": { "type": "Point", "coordinates": [ 118.810781310563726, 32.025469601524932 ] } },
{ "type": "Feature", "properties": { "id": "3c825b5a-b8f9-3367-a14e-2a73e2e94fdd", "name": "软件大道(地铁站)", "type": "交通设施服务;地铁站;地铁站", "typecode": "150500", "typecode_X": 0.0, "typecode_Y": 0.0, "address": "1号线", "location_X": 118.774598, "location_Y": 31.976801, "tel": [ ], "pcode": 320000, "pname": "江苏省", "citycode": 25, "cityname": "南京市", "adcode": 320114, "adname": "雨花台区", "gridcode": 4718767102.0, "distance": 427, "business_a": [ ], "timestamp": "2022-12-05T00:00:00", "biz_ext": { "rating": [ ], "cost": [ ] }, "行业大": "交通设施服务", "行业中": "地铁站", "行业小": "地铁站", "total_time": 2.0 }, "geometry": { "type": "Point", "coordinates": [ 118.769391508645782, 31.97883045029068 ] } },
{ "type": "Feature", "properties": { "id": "1be201a6-28db-3c19-8547-8016421de72e", "name": "小行(地铁站)", "type": "交通设施服务;地铁站;地铁站", "typecode": "150500", "typecode_X": 0.0, "typecode_Y": 0.0, "address": "(在建)S2号线/宁马线;10号线", "location_X": 118.744681, "location_Y": 31.982464, "tel": [ ], "pcode": 320000, "pname": "江苏省", "citycode": 25, "cityname": "南京市", "adcode": 320114, "adname": "雨花台区", "gridcode": 4718757921.0, "distance": 952, "business_a": "小行", "timestamp": "2023-04-07T00:00:00", "biz_ext": { "rating": [ ], "cost": [ ] }, "行业大": "交通设施服务", "行业中": "地铁站", "行业小": "地铁站", "total_time": 2.0 }, "geometry": { "type": "Point", "coordinates": [ 118.739463213157478, 31.984484500328378 ] } },
{ "type": "Feature", "properties": { "id": "797db23d-0dc6-3379-8df1-d066e15078dd", "name": "静海寺(地铁站)", "type": "交通设施服务;地铁站;地铁站", "typecode": "150500", "typecode_X": 0.0, "typecode_Y": 0.0, "address": "(在建)5号线", "location_X": 118.737766, "location_Y": 32.092175, "tel": [ ], "pcode": 320000, "pname": "江苏省", "citycode": 25, "cityname": "南京市", "adcode": 320106, "adname": "鼓楼区", "gridcode": 4818151900.0, "distance": 1333, "business_a": [ ], "timestamp": "2022-07-21T00:00:00", "biz_ext": { "rating": [ ], "cost": [ ] }, "行业大": "交通设施服务", "行业中": "地铁站", "行业小": "地铁站", "total_time": 14.0 }, "geometry": { "type": "Point", "coordinates": [ 118.732541088768357, 32.094222483143056 ] } },
{ "type": "Feature", "properties": { "id": "6234b91f-c69b-30d0-b6dd-e3f62e9dd92e", "name": "金马路(地铁站)", "type": "交通设施服务;地铁站;地铁站", "typecode": "150500", "typecode_X": 0.0, "typecode_Y": 0.0, "address": "(规划)12号线;2号线;4号线", "location_X": 118.906302, "location_Y": 32.071737, "tel": [ ], "pcode": 320000, "pname": "江苏省", "citycode": 25, "cityname": "南京市", "adcode": 320113, "adname": "栖霞区", "gridcode": 4818078211.0, "distance": 1296, "business_a": [ ], "timestamp": "2022-11-07T00:00:00", "biz_ext": { "rating": [ ], "cost": [ ] }, "行业大": "交通设施服务", "行业中": "地铁站", "行业小": "地铁站", "total_time": 9.0 }, "geometry": { "type": "Point", "coordinates": [ 118.901277115622065, 32.073959388872488 ] } },
{ "type": "Feature", "properties": { "id": "1404c8c0-3b09-3182-bc16-4d3976146756", "name": "孝陵卫(地铁站)", "type": "交通设施服务;地铁站;地铁站", "typecode": "150500", "typecode_X": 0.0, "typecode_Y": 0.0, "address": "2号线", "location_X": 118.858058, "location_Y": 32.035416, "tel": [ ], "pcode": 320000, "pname": "江苏省", "citycode": 25, "cityname": "南京市", "adcode": 320102, "adname": "玄武区", "gridcode": 4818064801.0, "distance": 1023, "business_a": "孝陵卫", "timestamp": "2023-04-04T00:00:00", "biz_ext": { "rating": [ ], "cost": [ ] }, "行业大": "交通设施服务", "行业中": "地铁站", "行业小": "地铁站", "total_time": 19.0 }, "geometry": { "type": "Point", "coordinates": [ 118.852998454622693, 32.037593969697731 ] } },
{ "type": "Feature", "properties": { "id": "1b71c5bd-7c91-3177-ab55-897546510378", "name": "钟灵街(地铁站)", "type": "交通设施服务;地铁站;地铁站", "typecode": "150500", "typecode_X": 0.0, "typecode_Y": 0.0, "address": "2号线", "location_X": 118.869395, "location_Y": 32.039146, "tel": [ ], "pcode": 320000, "pname": "江苏省", "citycode": 25, "cityname": "南京市", "adcode": 320102, "adname": "玄武区", "gridcode": 4818064921.0, "distance": 1280, "business_a": "孝陵卫", "timestamp": "2022-11-08T00:00:00", "biz_ext": { "rating": [ ], "cost": [ ] }, "行业大": "交通设施服务", "行业中": "地铁站", "行业小": "地铁站", "total_time": 2.0 }, "geometry": { "type": "Point", "coordinates": [ 118.864352559863846, 32.041340575427114 ] } },
{ "type": "Feature", "properties": { "id": "c9c1191f-7ab1-3b3a-bfef-c0a0c4279c73", "name": "鼓楼(地铁站)", "type": "交通设施服务;地铁站;地铁站", "typecode": "150500", "typecode_X": 0.0, "typecode_Y": 0.0, "address": "1号线;4号线", "location_X": 118.783701, "location_Y": 32.058667, "tel": [ ], "pcode": 320000, "pname": "江苏省", "citycode": 25, "cityname": "南京市", "adcode": 320106, "adname": "鼓楼区", "gridcode": 4818067202.0, "distance": 531, "business_a": "南大", "timestamp": "2023-05-25T00:00:00", "biz_ext": { "rating": [ ], "cost": [ ] }, "行业大": "交通设施服务", "行业中": "地铁站", "行业小": "地铁站", "total_time": 10.0 }, "geometry": { "type": "Point", "coordinates": [ 118.778497448884323, 32.0607244969191 ] } },
{ "type": "Feature", "properties": { "id": "a84e0de0-0003-30bd-9e85-7f4aae716ee0", "name": "青春广场(地铁站)", "type": "交通设施服务;地铁站;地铁站", "typecode": "150500", "typecode_X": 0.0, "typecode_Y": 0.0, "address": "(在建)5号线", "location_X": 118.772919, "location_Y": 32.068564, "tel": [ ], "pcode": 320000, "pname": "江苏省", "citycode": 25, "cityname": "南京市", "adcode": 320106, "adname": "鼓楼区", "gridcode": 4818068102.0, "distance": 612, "business_a": "湖南路", "timestamp": "2022-07-20T00:00:00", "biz_ext": { "rating": [ ], "cost": [ ] }, "行业大": "交通设施服务", "行业中": "地铁站", "行业小": "地铁站", "total_time": 2.0 }, "geometry": { "type": "Point", "coordinates": [ 118.767702437664056, 32.070612867528766 ] } },
{ "type": "Feature", "properties": { "id": "c9f8fda4-057d-37a7-99ec-cc45fd734419", "name": "虹桥(地铁站)", "type": "交通设施服务;地铁站;地铁站", "typecode": "150500", "typecode_X": 0.0, "typecode_Y": 0.0, "address": "(在建)5号线", "location_X": 118.766322, "location_Y": 32.074356, "tel": [ ], "pcode": 320000, "pname": "江苏省", "citycode": 25, "cityname": "南京市", "adcode": 320106, "adname": "鼓楼区", "gridcode": 4818068120.0, "distance": 308, "business_a": [ ], "timestamp": "2022-07-20T00:00:00", "biz_ext": { "rating": [ ], "cost": [ ] }, "行业大": "交通设施服务", "行业中": "地铁站", "行业小": "地铁站", "total_time": 1.0 }, "geometry": { "type": "Point", "coordinates": [ 118.761099721900479, 32.076401437679124 ] } },
{ "type": "Feature", "properties": { "id": "94a28f42-6224-3f49-ac17-0242382b98d9", "name": "上海路(地铁站)", "type": "交通设施服务;地铁站;地铁站", "typecode": "150500", "typecode_X": 0.0, "typecode_Y": 0.0, "address": "(在建)5号线;2号线", "location_X": 118.776444, "location_Y": 32.04227, "tel": [ ], "pcode": 320000, "pname": "江苏省", "citycode": 25, "cityname": "南京市", "adcode": 320104, "adname": "秦淮区", "gridcode": 4818065200.0, "distance": 432, "business_a": "新街口", "timestamp": "2023-02-15T00:00:00", "biz_ext": { "rating": [ ], "cost": [ ] }, "行业大": "交通设施服务", "行业中": "地铁站", "行业小": "地铁站", "total_time": 7.0 }, "geometry": { "type": "Point", "coordinates": [ 118.771233345749408, 32.044316159236821 ] } },
{ "type": "Feature", "properties": { "id": "77af29a5-cb4b-3ebc-9b41-c7da7cd8b23a", "name": "云南路(地铁站)", "type": "交通设施服务;地铁站;地铁站", "typecode": "150500", "typecode_X": 0.0, "typecode_Y": 0.0, "address": "(在建)5号线;4号线", "location_X": 118.774679, "location_Y": 32.059117, "tel": [ ], "pcode": 320000, "pname": "江苏省", "citycode": 25, "cityname": "南京市", "adcode": 320106, "adname": "鼓楼区", "gridcode": 4818067102.0, "distance": 424, "business_a": "南大", "timestamp": "2022-12-17T00:00:00", "biz_ext": { "rating": [ ], "cost": [ ] }, "行业大": "交通设施服务", "行业中": "地铁站", "行业小": "地铁站", "total_time": 8.0 }, "geometry": { "type": "Point", "coordinates": [ 118.76946498749318, 32.06116530129345 ] } },
{ "type": "Feature", "properties": { "id": "0bb9dada-12e0-3162-ac75-0fbcf09ef4b7", "name": "经天路(地铁站)", "type": "交通设施服务;地铁站;地铁站", "typecode": "150500", "typecode_X": 0.0, "typecode_Y": 0.0, "address": "2号线", "location_X": 118.976654, "location_Y": 32.116151, "tel": [ ], "pcode": 320000, "pname": "江苏省", "citycode": 25, "cityname": "南京市", "adcode": 320113, "adname": "栖霞区", "gridcode": 4818173820.0, "distance": 1793, "business_a": [ ], "timestamp": "2022-11-07T00:00:00", "biz_ext": { "rating": [ ], "cost": [ ] }, "行业大": "交通设施服务", "行业中": "地铁站", "行业小": "地铁站", "total_time": 2.0 }, "geometry": { "type": "Point", "coordinates": [ 118.971480226463385, 32.11826558421658 ] } },
{ "type": "Feature", "properties": { "id": "ffc7e845-13a7-35f6-998d-c014fc701e85", "name": "诚信大道(地铁站)", "type": "交通设施服务;地铁站;地铁站", "typecode": "150500", "typecode_X": 0.0, "typecode_Y": 0.0, "address": "(在建)5号线;3号线", "location_X": 118.829894, "location_Y": 31.907714, "tel": [ ], "pcode": 320000, "pname": "江苏省", "citycode": 25, "cityname": "南京市", "adcode": 320115, "adname": "江宁区", "gridcode": 4718668621.0, "distance": 1901, "business_a": [ ], "timestamp": "2022-11-10T00:00:00", "biz_ext": { "rating": [ ], "cost": [ ] }, "行业大": "交通设施服务", "行业中": "地铁站", "行业小": "地铁站", "total_time": 8.0 }, "geometry": { "type": "Point", "coordinates": [ 118.824790373602426, 31.909813281456472 ] } },
{ "type": "Feature", "properties": { "id": "eea88a8b-31a3-3b37-aa06-77b05d401fb8", "name": "汉中门(地铁站)", "type": "交通设施服务;地铁站;地铁站", "typecode": "150500", "typecode_X": 0.0, "typecode_Y": 0.0, "address": "2号线", "location_X": 118.76708, "location_Y": 32.042725, "tel": [ ], "pcode": 320000, "pname": "江苏省", "citycode": 25, "cityname": "南京市", "adcode": 320104, "adname": "秦淮区", "gridcode": 4818065101.0, "distance": 192, "business_a": "汉中门", "timestamp": "2023-04-07T00:00:00", "biz_ext": { "rating": [ ], "cost": [ ] }, "行业大": "交通设施服务", "行业中": "地铁站", "行业小": "地铁站", "total_time": 2.0 }, "geometry": { "type": "Point", "coordinates": [ 118.761861153885263, 32.044763919174976 ] } },
{ "type": "Feature", "properties": { "id": "d43a235a-e815-32e4-8a43-379aee76cbcd", "name": "常府街(地铁站)", "type": "交通设施服务;地铁站;地铁站", "typecode": "150500", "typecode_X": 0.0, "typecode_Y": 0.0, "address": "3号线", "location_X": 118.792317, "location_Y": 32.033401, "tel": [ ], "pcode": 320000, "pname": "江苏省", "citycode": 25, "cityname": "南京市", "adcode": 320104, "adname": "秦淮区", "gridcode": 4818064301.0, "distance": 249, "business_a": "新街口", "timestamp": "2023-04-04T00:00:00", "biz_ext": { "rating": [ ], "cost": [ ] }, "行业大": "交通设施服务", "行业中": "地铁站", "行业小": "地铁站", "total_time": 9.0 }, "geometry": { "type": "Point", "coordinates": [ 118.78712833738615, 32.035463974064044 ] } },
{ "type": "Feature", "properties": { "id": "ecd54ddf-4e25-3e2c-9942-8a5b03c772c6", "name": "玄武门(地铁站)", "type": "交通设施服务;地铁站;地铁站", "typecode": "150500", "typecode_X": 0.0, "typecode_Y": 0.0, "address": "1号线", "location_X": 118.784221, "location_Y": 32.070381, "tel": [ ], "pcode": 320000, "pname": "江苏省", "citycode": 25, "cityname": "南京市", "adcode": 320102, "adname": "玄武区", "gridcode": 4818068212.0, "distance": 688, "business_a": "中央路", "timestamp": "2023-04-14T00:00:00", "biz_ext": { "rating": [ ], "cost": [ ] }, "行业大": "交通设施服务", "行业中": "地铁站", "行业小": "地铁站", "total_time": 8.0 }, "geometry": { "type": "Point", "coordinates": [ 118.779017055972588, 32.072441674330946 ] } },
{ "type": "Feature", "properties": { "id": "b4164db7-ba54-3cd9-b343-c1062c11840f", "name": "下马坊(地铁站)", "type": "交通设施服务;地铁站;地铁站", "typecode": "150500", "typecode_X": 0.0, "typecode_Y": 0.0, "address": "2号线", "location_X": 118.848373, "location_Y": 32.037578, "tel": [ ], "pcode": 320000, "pname": "江苏省", "citycode": 25, "cityname": "南京市", "adcode": 320102, "adname": "玄武区", "gridcode": 4818064712.0, "distance": 1017, "business_a": "苜蓿园", "timestamp": "2023-04-02T00:00:00", "biz_ext": { "rating": [ ], "cost": [ ] }, "行业大": "交通设施服务", "行业中": "地铁站", "行业小": "地铁站", "total_time": 2.0 }, "geometry": { "type": "Point", "coordinates": [ 118.843295549448158, 32.039740629645358 ] } },
{ "type": "Feature", "properties": { "id": "0abdee26-3625-34e9-af08-66ce201e5173", "name": "西安门(地铁站)", "type": "交通设施服务;地铁站;地铁站", "typecode": "150500", "typecode_X": 0.0, "typecode_Y": 0.0, "address": "2号线", "location_X": 118.805761, "location_Y": 32.040108, "tel": [ ], "pcode": 320000, "pname": "江苏省", "citycode": 25, "cityname": "南京市", "adcode": 320104, "adname": "秦淮区", "gridcode": 4818064421.0, "distance": 730, "business_a": "梅园", "timestamp": "2023-04-04T00:00:00", "biz_ext": { "rating": [ ], "cost": [ ] }, "行业大": "交通设施服务", "行业中": "地铁站", "行业小": "地铁站", "total_time": 2.0 }, "geometry": { "type": "Point", "coordinates": [ 118.800595446364852, 32.042193459049976 ] } },
{ "type": "Feature", "properties": { "id": "a06ad482-a9f7-3aa5-a138-4a584a1430ab", "name": "大行宫(地铁站)", "type": "交通设施服务;地铁站;地铁站", "typecode": "150500", "typecode_X": 0.0, "typecode_Y": 0.0, "address": "2号线;3号线", "location_X": 118.794787, "location_Y": 32.041737, "tel": [ ], "pcode": 320000, "pname": "江苏省", "citycode": 25, "cityname": "南京市", "adcode": 320102, "adname": "玄武区", "gridcode": 4818065301.0, "distance": 626, "business_a": "大行宫", "timestamp": "2022-11-10T00:00:00", "biz_ext": { "rating": [ ], "cost": [ ] }, "行业大": "交通设施服务", "行业中": "地铁站", "行业小": "地铁站", "total_time": 11.0 }, "geometry": { "type": "Point", "coordinates": [ 118.789601584725219, 32.04380541101056 ] } },
{ "type": "Feature", "properties": { "id": "d659a3c3-748f-390d-8f3d-0b3e29ff93a9", "name": "五台山(地铁站)", "type": "交通设施服务;地铁站;地铁站", "typecode": "150500", "typecode_X": 0.0, "typecode_Y": 0.0, "address": "(在建)5号线;(规划)13号线", "location_X": 118.776146, "location_Y": 32.050423, "tel": [ ], "pcode": 320000, "pname": "江苏省", "citycode": 25, "cityname": "南京市", "adcode": 320106, "adname": "鼓楼区", "gridcode": 4818066200.0, "distance": 599, "business_a": "南大", "timestamp": "2022-11-06T00:00:00", "biz_ext": { "rating": [ ], "cost": [ ] }, "行业大": "交通设施服务", "行业中": "地铁站", "行业小": "地铁站", "total_time": 5.0 }, "geometry": { "type": "Point", "coordinates": [ 118.770934279827898, 32.052470705981662 ] } },
{ "type": "Feature", "properties": { "id": "163d677b-ff6f-3518-9a9f-1e18ea406dc3", "name": "朝天宫(地铁站)", "type": "交通设施服务;地铁站;地铁站", "typecode": "150500", "typecode_X": 0.0, "typecode_Y": 0.0, "address": "(在建)5号线", "location_X": 118.773124, "location_Y": 32.032741, "tel": [ ], "pcode": 320000, "pname": "江苏省", "citycode": 25, "cityname": "南京市", "adcode": 320104, "adname": "秦淮区", "gridcode": 4818063122.0, "distance": 529, "business_a": "止马营", "timestamp": "2022-07-20T00:00:00", "biz_ext": { "rating": [ ], "cost": [ ] }, "行业大": "交通设施服务", "行业中": "地铁站", "行业小": "地铁站", "total_time": 9.0 }, "geometry": { "type": "Point", "coordinates": [ 118.767910939175053, 32.034782058469666 ] } },
{ "type": "Feature", "properties": { "id": "0ef5373c-fa73-327f-8118-a859bdf956dd", "name": "夫子庙(地铁站)", "type": "交通设施服务;地铁站;地铁站", "typecode": "150500", "typecode_X": 0.0, "typecode_Y": 0.0, "address": "(在建)5号线;3号线", "location_X": 118.790911, "location_Y": 32.024119, "tel": [ ], "pcode": 320000, "pname": "江苏省", "citycode": 25, "cityname": "南京市", "adcode": 320104, "adname": "秦淮区", "gridcode": 4818062320.0, "distance": 436, "business_a": "夫子庙", "timestamp": "2023-05-25T00:00:00", "biz_ext": { "rating": [ ], "cost": [ ] }, "行业大": "交通设施服务", "行业中": "地铁站", "行业小": "地铁站", "total_time": 15.0 }, "geometry": { "type": "Point", "coordinates": [ 118.785720985809704, 32.026177906893686 ] } },
{ "type": "Feature", "properties": { "id": "b0a3cfab-a549-3e7d-954f-4f5025e1bf33", "name": "浮桥(地铁站)", "type": "交通设施服务;地铁站;地铁站", "typecode": "150500", "typecode_X": 0.0, "typecode_Y": 0.0, "address": "(规划)13号线;3号线", "location_X": 118.796107, "location_Y": 32.04866, "tel": [ ], "pcode": 320000, "pname": "江苏省", "citycode": 25, "cityname": "南京市", "adcode": 320102, "adname": "玄武区", "gridcode": 4818065322.0, "distance": 642, "business_a": "梅园", "timestamp": "2022-11-10T00:00:00", "biz_ext": { "rating": [ ], "cost": [ ] }, "行业大": "交通设施服务", "行业中": "地铁站", "行业小": "地铁站", "total_time": 2.0 }, "geometry": { "type": "Point", "coordinates": [ 118.790923162114353, 32.050731922696443 ] } },
{ "type": "Feature", "properties": { "id": "b4a3dd1b-d1bf-3c77-9146-863981f9f3d6", "name": "红山动物园(地铁站)", "type": "交通设施服务;地铁站;地铁站", "typecode": "150500", "typecode_X": 0.0, "typecode_Y": 0.0, "address": "1号线", "location_X": 118.802053, "location_Y": 32.095774, "tel": [ ], "pcode": 320000, "pname": "江苏省", "citycode": 25, "cityname": "南京市", "adcode": 320102, "adname": "玄武区", "gridcode": 4818161410.0, "distance": 414, "business_a": "红山", "timestamp": "2023-04-14T00:00:00", "biz_ext": { "rating": [ ], "cost": [ ] }, "行业大": "交通设施服务", "行业中": "地铁站", "行业小": "地铁站", "total_time": 9.0 }, "geometry": { "type": "Point", "coordinates": [ 118.796875349083535, 32.097865404427075 ] } },
{ "type": "Feature", "properties": { "id": "309dc7cd-645f-3b91-813c-1a397dc3673d", "name": "明故宫(地铁站)", "type": "交通设施服务;地铁站;地铁站", "typecode": "150500", "typecode_X": 0.0, "typecode_Y": 0.0, "address": "(在建)6号线;2号线", "location_X": 118.819746, "location_Y": 32.039218, "tel": [ ], "pcode": 320000, "pname": "江苏省", "citycode": 25, "cityname": "南京市", "adcode": 320104, "adname": "秦淮区", "gridcode": 4818064521.0, "distance": 955, "business_a": "月牙湖", "timestamp": "2023-04-04T00:00:00", "biz_ext": { "rating": [ ], "cost": [ ] }, "行业大": "交通设施服务", "行业中": "地铁站", "行业小": "地铁站", "total_time": 5.0 }, "geometry": { "type": "Point", "coordinates": [ 118.814608830909322, 32.041328239126997 ] } },
{ "type": "Feature", "properties": { "id": "132134ee-b5b4-3969-8326-a8504af602a3", "name": "龙华路(地铁站)", "type": "交通设施服务;地铁站;地铁站", "typecode": "150500", "typecode_X": 0.0, "typecode_Y": 0.0, "address": "10号线", "location_X": 118.635204, "location_Y": 32.064712, "tel": [ ], "pcode": 320000, "pname": "江苏省", "citycode": 25, "cityname": "南京市", "adcode": 320111, "adname": "浦口区", "gridcode": 4818057022.0, "distance": 1256, "business_a": "江北新区", "timestamp": "2023-04-07T00:00:00", "biz_ext": { "rating": [ ], "cost": [ ] }, "行业大": "交通设施服务", "行业中": "地铁站", "行业小": "地铁站", "total_time": 2.0 }, "geometry": { "type": "Point", "coordinates": [ 118.630163594452753, 32.066909873382457 ] } },
{ "type": "Feature", "properties": { "id": "2b0441ea-3082-3793-b516-b4038c60e6df", "name": "福建路(地铁站)", "type": "交通设施服务;地铁站;地铁站", "typecode": "150500", "typecode_X": 0.0, "typecode_Y": 0.0, "address": "(在建)5号线;(在建)7号线南段", "location_X": 118.759615, "location_Y": 32.080126, "tel": [ ], "pcode": 320000, "pname": "江苏省", "citycode": 25, "cityname": "南京市", "adcode": 320106, "adname": "鼓楼区", "gridcode": 4818069012.0, "distance": 406, "business_a": "挹江门", "timestamp": "2022-11-06T00:00:00", "biz_ext": { "rating": [ ], "cost": [ ] }, "行业大": "交通设施服务", "行业中": "地铁站", "行业小": "地铁站", "total_time": 7.0 }, "geometry": { "type": "Point", "coordinates": [ 118.754388776049097, 32.082169517217217 ] } },
{ "type": "Feature", "properties": { "id": "ca332d62-fcb1-3642-ac0e-6daef96eefe2", "name": "中国药科大学(地铁站)", "type": "交通设施服务;地铁站;地铁站", "typecode": "150500", "typecode_X": 0.0, "typecode_Y": 0.0, "address": "1号线", "location_X": 118.914127, "location_Y": 31.897684, "tel": [ ], "pcode": 320000, "pname": "江苏省", "citycode": 25, "cityname": "南京市", "adcode": 320115, "adname": "江宁区", "gridcode": 4718677320.0, "distance": 819, "business_a": [ ], "timestamp": "2023-04-19T00:00:00", "biz_ext": { "rating": [ ], "cost": [ ] }, "行业大": "交通设施服务", "行业中": "地铁站", "行业小": "地铁站", "total_time": 3.0 }, "geometry": { "type": "Point", "coordinates": [ 118.909113545283333, 31.899864056660231 ] } },
{ "type": "Feature", "properties": { "id": "8e7a3ea8-9f38-3353-9fa1-542127f2244e", "name": "云锦路(地铁站)", "type": "交通设施服务;地铁站;地铁站", "typecode": "150500", "typecode_X": 0.0, "typecode_Y": 0.0, "address": "2号线", "location_X": 118.747323, "location_Y": 32.034912, "tel": [ ], "pcode": 320000, "pname": "江苏省", "citycode": 25, "cityname": "南京市", "adcode": 320105, "adname": "建邺区", "gridcode": 4818054902.0, "distance": 466, "business_a": "茶南", "timestamp": "2023-02-09T00:00:00", "biz_ext": { "rating": [ ], "cost": [ ] }, "行业大": "交通设施服务", "行业中": "地铁站", "行业小": "地铁站", "total_time": 3.0 }, "geometry": { "type": "Point", "coordinates": [ 118.742099761565441, 32.036944113821143 ] } },
{ "type": "Feature", "properties": { "id": "bfbd8f33-5968-3646-bbde-97d75c1ef36f", "name": "兴隆大街(地铁站)", "type": "交通设施服务;地铁站;地铁站", "typecode": "150500", "typecode_X": 0.0, "typecode_Y": 0.0, "address": "2号线", "location_X": 118.736465, "location_Y": 32.015197, "tel": [ ], "pcode": 320000, "pname": "江苏省", "citycode": 25, "cityname": "南京市", "adcode": 320105, "adname": "建邺区", "gridcode": 4818051822.0, "distance": 970, "business_a": "应天西路", "timestamp": "2023-04-02T00:00:00", "biz_ext": { "rating": [ ], "cost": [ ] }, "行业大": "交通设施服务", "行业中": "地铁站", "行业小": "地铁站", "total_time": 2.0 }, "geometry": { "type": "Point", "coordinates": [ 118.731248007519355, 32.017228105350654 ] } },
{ "type": "Feature", "properties": { "id": "fe13fac6-23ab-3067-a4c9-e685d5d09927", "name": "通济门(地铁站)", "type": "交通设施服务;地铁站;地铁站", "typecode": "150500", "typecode_X": 0.0, "typecode_Y": 0.0, "address": "(在建)5号线", "location_X": 118.806775, "location_Y": 32.025099, "tel": [ ], "pcode": 320000, "pname": "江苏省", "citycode": 25, "cityname": "南京市", "adcode": 320104, "adname": "秦淮区", "gridcode": 4818063401.0, "distance": 1021, "business_a": "大光路", "timestamp": "2022-11-09T00:00:00", "biz_ext": { "rating": [ ], "cost": [ ] }, "行业大": "交通设施服务", "行业中": "地铁站", "行业小": "地铁站", "total_time": 2.0 }, "geometry": { "type": "Point", "coordinates": [ 118.801612779146609, 32.027182778242548 ] } },
{ "type": "Feature", "properties": { "id": "708a0fc4-b361-35da-b5a7-0ae31be3bd36", "name": "新城科技园(地铁站)", "type": "交通设施服务;地铁站;地铁站", "typecode": "150500", "typecode_X": 0.0, "typecode_Y": 0.0, "address": "(在建)7号线南段", "location_X": 118.739104, "location_Y": 31.99479, "tel": [ ], "pcode": 320000, "pname": "江苏省", "citycode": 25, "cityname": "南京市", "adcode": 320105, "adname": "建邺区", "gridcode": 4718759910.0, "distance": 724, "business_a": "奥体", "timestamp": "2022-11-04T00:00:00", "biz_ext": { "rating": [ ], "cost": [ ] }, "行业大": "交通设施服务", "行业中": "地铁站", "行业小": "地铁站", "total_time": 2.0 }, "geometry": { "type": "Point", "coordinates": [ 118.733887349758319, 31.99681514716648 ] } },
{ "type": "Feature", "properties": { "id": "27853901-e1ab-3dda-95e0-5e778cbd1a82", "name": "集庆门大街(地铁站)", "type": "交通设施服务;地铁站;地铁站", "typecode": "150500", "typecode_X": 0.0, "typecode_Y": 0.0, "address": "2号线", "location_X": 118.73958, "location_Y": 32.028573, "tel": [ ], "pcode": 320000, "pname": "江苏省", "citycode": 25, "cityname": "南京市", "adcode": 320105, "adname": "建邺区", "gridcode": 4818053910.0, "distance": 789, "business_a": [ ], "timestamp": "2023-04-14T00:00:00", "biz_ext": { "rating": [ ], "cost": [ ] }, "行业大": "交通设施服务", "行业中": "地铁站", "行业小": "地铁站", "total_time": 22.0 }, "geometry": { "type": "Point", "coordinates": [ 118.734359982601887, 32.030605713014353 ] } },
{ "type": "Feature", "properties": { "id": "eb9891b5-6741-3512-8483-9bcf84a305d3", "name": "元通(地铁站)", "type": "交通设施服务;地铁站;地铁站", "typecode": "150500", "typecode_X": 0.0, "typecode_Y": 0.0, "address": "10号线;2号线", "location_X": 118.721449, "location_Y": 31.995471, "tel": [ ], "pcode": 320000, "pname": "江苏省", "citycode": 25, "cityname": "南京市", "adcode": 320105, "adname": "建邺区", "gridcode": 4718759712.0, "distance": 225, "business_a": "元通", "timestamp": "2023-04-07T00:00:00", "biz_ext": { "rating": [ ], "cost": [ ] }, "行业大": "交通设施服务", "行业中": "地铁站", "行业小": "地铁站", "total_time": 7.0 }, "geometry": { "type": "Point", "coordinates": [ 118.716248032969347, 31.997509400934572 ] } },
{ "type": "Feature", "properties": { "id": "5db7ca26-9496-3542-b618-12b95eb87986", "name": "嘉陵江东街(地铁站)", "type": "交通设施服务;地铁站;地铁站", "typecode": "150500", "typecode_X": 0.0, "typecode_Y": 0.0, "address": "(在建)7号线南段", "location_X": 118.72776, "location_Y": 31.982117, "tel": [ ], "pcode": 320000, "pname": "江苏省", "citycode": 25, "cityname": "南京市", "adcode": 320105, "adname": "建邺区", "gridcode": 4718757820.0, "distance": 775, "business_a": [ ], "timestamp": "2022-11-04T00:00:00", "biz_ext": { "rating": [ ], "cost": [ ] }, "行业大": "交通设施服务", "行业中": "地铁站", "行业小": "地铁站", "total_time": 2.0 }, "geometry": { "type": "Point", "coordinates": [ 118.722553202633151, 31.984146386341109 ] } },
{ "type": "Feature", "properties": { "id": "b8e309b8-04fe-380a-b491-c1997ac3796d", "name": "张府园(地铁站)", "type": "交通设施服务;地铁站;地铁站", "typecode": "150500", "typecode_X": 0.0, "typecode_Y": 0.0, "address": "1号线", "location_X": 118.783932, "location_Y": 32.030963, "tel": [ ], "pcode": 320000, "pname": "江苏省", "citycode": 25, "cityname": "南京市", "adcode": 320104, "adname": "秦淮区", "gridcode": 4818063222.0, "distance": 563, "business_a": "新街口", "timestamp": "2023-04-04T00:00:00", "biz_ext": { "rating": [ ], "cost": [ ] }, "行业大": "交通设施服务", "行业中": "地铁站", "行业小": "地铁站", "total_time": 11.0 }, "geometry": { "type": "Point", "coordinates": [ 118.778731311830626, 32.033014555655733 ] } },
{ "type": "Feature", "properties": { "id": "d3c65c7a-4dff-3755-8a4b-28c607a8d0d7", "name": "花神庙(地铁站)", "type": "交通设施服务;地铁站;地铁站", "typecode": "150500", "typecode_X": 0.0, "typecode_Y": 0.0, "address": "1号线", "location_X": 118.785648, "location_Y": 31.977795, "tel": [ ], "pcode": 320000, "pname": "江苏省", "citycode": 25, "cityname": "南京市", "adcode": 320114, "adname": "雨花台区", "gridcode": 4718767212.0, "distance": 661, "business_a": "宁南", "timestamp": "2023-04-14T00:00:00", "biz_ext": { "rating": [ ], "cost": [ ] }, "行业大": "交通设施服务", "行业中": "地铁站", "行业小": "地铁站", "total_time": 2.0 }, "geometry": { "type": "Point", "coordinates": [ 118.780454534295075, 31.979836382187724 ] } },
{ "type": "Feature", "properties": { "id": "8f93a2c7-55d9-31ff-80fd-fd5bab0de542", "name": "梦都大街(地铁站)", "type": "交通设施服务;地铁站;地铁站", "typecode": "150500", "typecode_X": 0.0, "typecode_Y": 0.0, "address": "10号线", "location_X": 118.721781, "location_Y": 32.015473, "tel": [ ], "pcode": 320000, "pname": "江苏省", "citycode": 25, "cityname": "南京市", "adcode": 320105, "adname": "建邺区", "gridcode": 4818051722.0, "distance": 963, "business_a": "奥体", "timestamp": "2022-07-12T00:00:00", "biz_ext": { "rating": [ ], "cost": [ ] }, "行业大": "交通设施服务", "行业中": "地铁站", "行业小": "地铁站", "total_time": 3.0 }, "geometry": { "type": "Point", "coordinates": [ 118.716577780531367, 32.017515667779776 ] } },
{ "type": "Feature", "properties": { "id": "878acfd3-387b-3358-9859-d632e142cdfc", "name": "奥体中心(地铁站)", "type": "交通设施服务;地铁站;地铁站", "typecode": "150500", "typecode_X": 0.0, "typecode_Y": 0.0, "address": "10号线", "location_X": 118.718286, "location_Y": 32.009065, "tel": [ ], "pcode": 320000, "pname": "江苏省", "citycode": 25, "cityname": "南京市", "adcode": 320105, "adname": "建邺区", "gridcode": 4818051701.0, "distance": 582, "business_a": "奥体", "timestamp": "2023-04-07T00:00:00", "biz_ext": { "rating": [ ], "cost": [ ] }, "行业大": "交通设施服务", "行业中": "地铁站", "行业小": "地铁站", "total_time": 2.0 }, "geometry": { "type": "Point", "coordinates": [ 118.713087878193903, 32.011109993860458 ] } },
{ "type": "Feature", "properties": { "id": "ea98bda6-12f5-3a24-a0f7-c3863ed55083", "name": "江心洲(地铁站)", "type": "交通设施服务;地铁站;地铁站", "typecode": "150500", "typecode_X": 0.0, "typecode_Y": 0.0, "address": "10号线", "location_X": 118.703335, "location_Y": 32.031632, "tel": [ ], "pcode": 320000, "pname": "江苏省", "citycode": 25, "cityname": "南京市", "adcode": 320105, "adname": "建邺区", "gridcode": 4818053620.0, "distance": 982, "business_a": [ ], "timestamp": "2022-07-12T00:00:00", "biz_ext": { "rating": [ ], "cost": [ ] }, "行业大": "交通设施服务", "行业中": "地铁站", "行业小": "地铁站", "total_time": 5.0 }, "geometry": { "type": "Point", "coordinates": [ 118.698158630466253, 32.033702381726194 ] } },
{ "type": "Feature", "properties": { "id": "65725a73-1b6d-36a4-97ef-05cf0f36cae7", "name": "苜蓿园(地铁站)", "type": "交通设施服务;地铁站;地铁站", "typecode": "150500", "typecode_X": 0.0, "typecode_Y": 0.0, "address": "2号线", "location_X": 118.83531, "location_Y": 32.040239, "tel": [ ], "pcode": 320000, "pname": "江苏省", "citycode": 25, "cityname": "南京市", "adcode": 320102, "adname": "玄武区", "gridcode": 4818064622.0, "distance": 1690, "business_a": [ ], "timestamp": "2022-11-07T00:00:00", "biz_ext": { "rating": [ ], "cost": [ ] }, "行业大": "交通设施服务", "行业中": "地铁站", "行业小": "地铁站", "total_time": 2.0 }, "geometry": { "type": "Point", "coordinates": [ 118.830205764039576, 32.042378663338596 ] } },
{ "type": "Feature", "properties": { "id": "d68a8d20-c2a9-380c-a6f5-6e8493048baf", "name": "南京站(地铁站)", "type": "交通设施服务;地铁站;地铁站", "typecode": "150500", "typecode_X": 0.0, "typecode_Y": 0.0, "address": "(在建)9号线;1号线;3号线", "location_X": 118.796509, "location_Y": 32.089322, "tel": [ ], "pcode": 320000, "pname": "江苏省", "citycode": 25, "cityname": "南京市", "adcode": 320106, "adname": "鼓楼区", "gridcode": 4818160322.0, "distance": 634, "business_a": "红山", "timestamp": "2023-05-03T00:00:00", "biz_ext": { "rating": [ ], "cost": [ ] }, "行业大": "交通设施服务", "行业中": "地铁站", "行业小": "地铁站", "total_time": 7.0 }, "geometry": { "type": "Point", "coordinates": [ 118.791322096250042, 32.091403361315876 ] } },
{ "type": "Feature", "properties": { "id": "0f78a020-39c1-3ff8-9bbe-e2afcae5749a", "name": "灵山(地铁站)", "type": "交通设施服务;地铁站;地铁站", "typecode": "150500", "typecode_X": 0.0, "typecode_Y": 0.0, "address": "(规划)8号线;4号线", "location_X": 118.943672, "location_Y": 32.077698, "tel": [ ], "pcode": 320000, "pname": "江苏省", "citycode": 25, "cityname": "南京市", "adcode": 320115, "adname": "江宁区", "gridcode": 4818079501.0, "distance": 652, "business_a": [ ], "timestamp": "2023-04-02T00:00:00", "biz_ext": { "rating": [ ], "cost": [ ] }, "行业大": "交通设施服务", "行业中": "地铁站", "行业小": "地铁站", "total_time": 2.0 }, "geometry": { "type": "Point", "coordinates": [ 118.93859728229998, 32.079883034755724 ] } },
{ "type": "Feature", "properties": { "id": "c11200d8-edc6-3859-8996-7e8e7acea73e", "name": "西岗桦墅(地铁站)", "type": "交通设施服务;地铁站;地铁站", "typecode": "150500", "typecode_X": 0.0, "typecode_Y": 0.0, "address": "4号线", "location_X": 118.996482, "location_Y": 32.098965, "tel": [ ], "pcode": 320000, "pname": "江苏省", "citycode": 25, "cityname": "南京市", "adcode": 320113, "adname": "栖霞区", "gridcode": 4818171922.0, "distance": 674, "business_a": [ ], "timestamp": "2023-04-02T00:00:00", "biz_ext": { "rating": [ ], "cost": [ ] }, "行业大": "交通设施服务", "行业中": "地铁站", "行业小": "地铁站", "total_time": 3.0 }, "geometry": { "type": "Point", "coordinates": [ 118.991239115246444, 32.10101763683133 ] } },
{ "type": "Feature", "properties": { "id": "601a8c91-3e10-3b1f-bc98-555c73969a78", "name": "莫愁湖(地铁站)", "type": "交通设施服务;地铁站;地铁站", "typecode": "150500", "typecode_X": 0.0, "typecode_Y": 0.0, "address": "(在建)7号线南段;2号线", "location_X": 118.758964, "location_Y": 32.037306, "tel": [ ], "pcode": 320000, "pname": "江苏省", "citycode": 25, "cityname": "南京市", "adcode": 320105, "adname": "建邺区", "gridcode": 4818064012.0, "distance": 485, "business_a": "汉中门", "timestamp": "2022-11-07T00:00:00", "biz_ext": { "rating": [ ], "cost": [ ] }, "行业大": "交通设施服务", "行业中": "地铁站", "行业小": "地铁站", "total_time": 8.0 }, "geometry": { "type": "Point", "coordinates": [ 118.753741511613086, 32.039339859543283 ] } },
{ "type": "Feature", "properties": { "id": "2a207165-04f6-3ce4-9291-705bd76d90fa", "name": "应天大街(地铁站)", "type": "交通设施服务;地铁站;地铁站", "typecode": "150500", "typecode_X": 0.0, "typecode_Y": 0.0, "address": "(在建)7号线南段", "location_X": 118.749744, "location_Y": 32.017281, "tel": [ ], "pcode": 320000, "pname": "江苏省", "citycode": 25, "cityname": "南京市", "adcode": 320105, "adname": "建邺区", "gridcode": 4818052902.0, "distance": 927, "business_a": "应天西路", "timestamp": "2023-05-20T00:00:00", "biz_ext": { "rating": [ ], "cost": [ ] }, "行业大": "交通设施服务", "行业中": "地铁站", "行业小": "地铁站", "total_time": 2.0 }, "geometry": { "type": "Point", "coordinates": [ 118.744522105085636, 32.019308920350475 ] } },
{ "type": "Feature", "properties": { "id": "54fa10d1-69ce-3d32-80ce-038ea1041c97", "name": "梦都大街东(地铁站)", "type": "交通设施服务;地铁站;地铁站", "typecode": "150500", "typecode_X": 0.0, "typecode_Y": 0.0, "address": "(在建)7号线南段", "location_X": 118.745774, "location_Y": 32.003116, "tel": [ ], "pcode": 320000, "pname": "江苏省", "citycode": 25, "cityname": "南京市", "adcode": 320105, "adname": "建邺区", "gridcode": 4818050911.0, "distance": 910, "business_a": [ ], "timestamp": "2022-11-04T00:00:00", "biz_ext": { "rating": [ ], "cost": [ ] }, "行业大": "交通设施服务", "行业中": "地铁站", "行业小": "地铁站", "total_time": 2.0 }, "geometry": { "type": "Point", "coordinates": [ 118.740554018753613, 32.005141060052225 ] } },
{ "type": "Feature", "properties": { "id": "f86b87be-829e-3bf8-8041-71056a470b4e", "name": "中胜(地铁站)", "type": "交通设施服务;地铁站;地铁站", "typecode": "150500", "typecode_X": 0.0, "typecode_Y": 0.0, "address": "(在建)7号线南段;10号线", "location_X": 118.73317, "location_Y": 31.987911, "tel": [ ], "pcode": 320000, "pname": "江苏省", "citycode": 25, "cityname": "南京市", "adcode": 320105, "adname": "建邺区", "gridcode": 4718758811.0, "distance": 465, "business_a": [ ], "timestamp": "2022-11-04T00:00:00", "biz_ext": { "rating": [ ], "cost": [ ] }, "行业大": "交通设施服务", "行业中": "地铁站", "行业小": "地铁站", "total_time": 7.0 }, "geometry": { "type": "Point", "coordinates": [ 118.72795786350882, 31.989937731257651 ] } },
{ "type": "Feature", "properties": { "id": "a3f84fab-da25-3529-bc6e-011e18fde723", "name": "仙林中心(地铁站)", "type": "交通设施服务;地铁站;地铁站", "typecode": "150500", "typecode_X": 0.0, "typecode_Y": 0.0, "address": "(规划)8号线;2号线", "location_X": 118.930412, "location_Y": 32.098663, "tel": [ ], "pcode": 320000, "pname": "江苏省", "citycode": 25, "cityname": "南京市", "adcode": 320113, "adname": "栖霞区", "gridcode": 4818171421.0, "distance": 998, "business_a": "仙林", "timestamp": "2023-02-15T00:00:00", "biz_ext": { "rating": [ ], "cost": [ ] }, "行业大": "交通设施服务", "行业中": "地铁站", "行业小": "地铁站", "total_time": 2.0 }, "geometry": { "type": "Point", "coordinates": [ 118.925361061367255, 32.100873123175454 ] } },
{ "type": "Feature", "properties": { "id": "8b2c6cf9-2895-3e1b-a115-f5c0eec4aaad", "name": "雨花门(地铁站)", "type": "交通设施服务;地铁站;地铁站", "typecode": "150500", "typecode_X": 0.0, "typecode_Y": 0.0, "address": "(规划)8号线;3号线", "location_X": 118.792454, "location_Y": 32.003779, "tel": [ ], "pcode": 320000, "pname": "江苏省", "citycode": 25, "cityname": "南京市", "adcode": 320104, "adname": "秦淮区", "gridcode": 4818060311.0, "distance": 810, "business_a": [ ], "timestamp": "2022-11-10T00:00:00", "biz_ext": { "rating": [ ], "cost": [ ] }, "行业大": "交通设施服务", "行业中": "地铁站", "行业小": "地铁站", "total_time": 22.0 }, "geometry": { "type": "Point", "coordinates": [ 118.787268283934353, 32.005835383293821 ] } },
{ "type": "Feature", "properties": { "id": "905b5763-f0e8-3798-9fee-7c3c477db242", "name": "中华门(地铁站)", "type": "交通设施服务;地铁站;地铁站", "typecode": "150500", "typecode_X": 0.0, "typecode_Y": 0.0, "address": "(在建)S2号线/宁马线;(规划)8号线;1号线", "location_X": 118.774447, "location_Y": 32.006748, "tel": [ ], "pcode": 320000, "pname": "江苏省", "citycode": 25, "cityname": "南京市", "adcode": 320114, "adname": "雨花台区", "gridcode": 4818060122.0, "distance": 643, "business_a": "赛虹桥", "timestamp": "2023-04-14T00:00:00", "biz_ext": { "rating": [ ], "cost": [ ] }, "行业大": "交通设施服务", "行业中": "地铁站", "行业小": "地铁站", "total_time": 3.0 }, "geometry": { "type": "Point", "coordinates": [ 118.769237598245823, 32.008784238577526 ] } },
{ "type": "Feature", "properties": { "id": "394e913f-3338-36be-8b0d-0edc5500832e", "name": "下关(地铁站)", "type": "交通设施服务;地铁站;地铁站", "typecode": "150500", "typecode_X": 0.0, "typecode_Y": 0.0, "address": "(在建)5号线;(在建)9号线", "location_X": 118.742368, "location_Y": 32.087026, "tel": [ ], "pcode": 320000, "pname": "江苏省", "citycode": 25, "cityname": "南京市", "adcode": 320106, "adname": "鼓楼区", "gridcode": 4818150911.0, "distance": 1403, "business_a": "热河南路", "timestamp": "2023-02-08T00:00:00", "biz_ext": { "rating": [ ], "cost": [ ] }, "行业大": "交通设施服务", "行业中": "地铁站", "行业小": "地铁站", "total_time": 2.0 }, "geometry": { "type": "Point", "coordinates": [ 118.73714132380546, 32.089070606046143 ] } },
{ "type": "Feature", "properties": { "id": "bc876723-fd7e-3fb5-b66d-621d97ab470b", "name": "雨润大街(地铁站)", "type": "交通设施服务;地铁站;地铁站", "typecode": "150500", "typecode_X": 0.0, "typecode_Y": 0.0, "address": "2号线", "location_X": 118.722613, "location_Y": 31.983679, "tel": [ ], "pcode": 320000, "pname": "江苏省", "citycode": 25, "cityname": "南京市", "adcode": 320105, "adname": "建邺区", "gridcode": 4718758702.0, "distance": 591, "business_a": "元通", "timestamp": "2022-11-07T00:00:00", "biz_ext": { "rating": [ ], "cost": [ ] }, "行业大": "交通设施服务", "行业中": "地铁站", "行业小": "地铁站", "total_time": 3.0 }, "geometry": { "type": "Point", "coordinates": [ 118.717411703236252, 31.985713481474406 ] } },
{ "type": "Feature", "properties": { "id": "f2b638fa-8121-33bd-b35d-ae0a7ab8d90d", "name": "奥体东(地铁站)", "type": "交通设施服务;地铁站;地铁站", "typecode": "150500", "typecode_X": 0.0, "typecode_Y": 0.0, "address": "2号线", "location_X": 118.729086, "location_Y": 32.005077, "tel": [ ], "pcode": 320000, "pname": "江苏省", "citycode": 25, "cityname": "南京市", "adcode": 320105, "adname": "建邺区", "gridcode": 4818050810.0, "distance": 884, "business_a": "奥体", "timestamp": "2022-11-07T00:00:00", "biz_ext": { "rating": [ ], "cost": [ ] }, "行业大": "交通设施服务", "行业中": "地铁站", "行业小": "地铁站", "total_time": 2.0 }, "geometry": { "type": "Point", "coordinates": [ 118.723875798567946, 32.00711061971824 ] } },
{ "type": "Feature", "properties": { "id": "62c6e072-1bfb-36c6-bf36-84ef8dce748c", "name": "新街口(地铁站)", "type": "交通设施服务;地铁站;地铁站", "typecode": "150500", "typecode_X": 0.0, "typecode_Y": 0.0, "address": "1号线;2号线", "location_X": 118.784136, "location_Y": 32.041806, "tel": [ ], "pcode": 320000, "pname": "江苏省", "citycode": 25, "cityname": "南京市", "adcode": 320102, "adname": "玄武区", "gridcode": 4818065202.0, "distance": 287, "business_a": "新街口", "timestamp": "2023-04-14T00:00:00", "biz_ext": { "rating": [ ], "cost": [ ] }, "行业大": "交通设施服务", "行业中": "地铁站", "行业小": "地铁站", "total_time": 7.0 }, "geometry": { "type": "Point", "coordinates": [ 118.778934581972734, 32.043860249041082 ] } },
{ "type": "Feature", "properties": { "id": "0311490a-4ad7-3d3d-b271-ee388bd70f34", "name": "学则路(地铁站)", "type": "交通设施服务;地铁站;地铁站", "typecode": "150500", "typecode_X": 0.0, "typecode_Y": 0.0, "address": "2号线", "location_X": 118.916778, "location_Y": 32.09128, "tel": [ ], "pcode": 320000, "pname": "江苏省", "citycode": 25, "cityname": "南京市", "adcode": 320113, "adname": "栖霞区", "gridcode": 4818170321.0, "distance": 1661, "business_a": "亚东", "timestamp": "2023-04-02T00:00:00", "biz_ext": { "rating": [ ], "cost": [ ] }, "行业大": "交通设施服务", "行业中": "地铁站", "行业小": "地铁站", "total_time": 2.0 }, "geometry": { "type": "Point", "coordinates": [ 118.911744855398609, 32.093501950880579 ] } },
{ "type": "Feature", "properties": { "id": "ec1ebc98-319d-3ec4-947b-0e9b8f108675", "name": "羊山公园(地铁站)", "type": "交通设施服务;地铁站;地铁站", "typecode": "150500", "typecode_X": 0.0, "typecode_Y": 0.0, "address": "2号线", "location_X": 118.939971, "location_Y": 32.1038, "tel": [ ], "pcode": 320000, "pname": "江苏省", "citycode": 25, "cityname": "南京市", "adcode": 320113, "adname": "栖霞区", "gridcode": 4818172510.0, "distance": 1160, "business_a": "仙林", "timestamp": "2023-04-02T00:00:00", "biz_ext": { "rating": [ ], "cost": [ ] }, "行业大": "交通设施服务", "行业中": "地铁站", "行业小": "地铁站", "total_time": 13.0 }, "geometry": { "type": "Point", "coordinates": [ 118.93490192524628, 32.105996992688951 ] } },
{ "type": "Feature", "properties": { "id": "ab45e7cb-1bf8-3e86-ab50-5526cda9e832", "name": "七桥瓮(地铁站)", "type": "交通设施服务;地铁站;地铁站", "typecode": "150500", "typecode_X": 0.0, "typecode_Y": 0.0, "address": "(在建)5号线", "location_X": 118.825372, "location_Y": 32.009276, "tel": [ ], "pcode": 320000, "pname": "江苏省", "citycode": 25, "cityname": "南京市", "adcode": 320104, "adname": "秦淮区", "gridcode": 4818061600.0, "distance": 351, "business_a": "红花", "timestamp": "2023-03-01T00:00:00", "biz_ext": { "rating": [ ], "cost": [ ] }, "行业大": "交通设施服务", "行业中": "地铁站", "行业小": "地铁站", "total_time": 2.0 }, "geometry": { "type": "Point", "coordinates": [ 118.820249486539424, 32.011389931461331 ] } },
{ "type": "Feature", "properties": { "id": "385286c9-f96e-36d5-8cfc-207f8e8a8737", "name": "文靖路(地铁站)", "type": "交通设施服务;地铁站;地铁站", "typecode": "150500", "typecode_X": 0.0, "typecode_Y": 0.0, "address": "(在建)5号线", "location_X": 118.840002, "location_Y": 31.963796, "tel": [ ], "pcode": 320000, "pname": "江苏省", "citycode": 25, "cityname": "南京市", "adcode": 320115, "adname": "江宁区", "gridcode": 4718765710.0, "distance": 1739, "business_a": [ ], "timestamp": "2022-07-21T00:00:00", "biz_ext": { "rating": [ ], "cost": [ ] }, "行业大": "交通设施服务", "行业中": "地铁站", "行业小": "地铁站", "total_time": 3.0 }, "geometry": { "type": "Point", "coordinates": [ 118.834914505066052, 31.96592676725642 ] } },
{ "type": "Feature", "properties": { "id": "b55e1f2a-ef27-392d-a69c-81678e061639", "name": "东山(地铁站)", "type": "交通设施服务;地铁站;地铁站", "typecode": "150500", "typecode_X": 0.0, "typecode_Y": 0.0, "address": "(在建)5号线", "location_X": 118.843859, "location_Y": 31.953335, "tel": [ ], "pcode": 320000, "pname": "江苏省", "citycode": 25, "cityname": "南京市", "adcode": 320115, "adname": "江宁区", "gridcode": 4718764711.0, "distance": 964, "business_a": [ ], "timestamp": "2022-07-21T00:00:00", "biz_ext": { "rating": [ ], "cost": [ ] }, "行业大": "交通设施服务", "行业中": "地铁站", "行业小": "地铁站", "total_time": 10.0 }, "geometry": { "type": "Point", "coordinates": [ 118.838780304560444, 31.955470338146185 ] } },
{ "type": "Feature", "properties": { "id": "b894d301-21d4-310f-83da-957904231bb5", "name": "天元西路(地铁站)", "type": "交通设施服务;地铁站;地铁站", "typecode": "150500", "typecode_X": 0.0, "typecode_Y": 0.0, "address": "(规划)12号线;3号线", "location_X": 118.808591, "location_Y": 31.927697, "tel": [ ], "pcode": 320000, "pname": "江苏省", "citycode": 25, "cityname": "南京市", "adcode": 320115, "adname": "江宁区", "gridcode": 4718761402.0, "distance": 1066, "business_a": "开发区", "timestamp": "2022-11-10T00:00:00", "biz_ext": { "rating": [ ], "cost": [ ] }, "行业大": "交通设施服务", "行业中": "地铁站", "行业小": "地铁站", "total_time": 3.0 }, "geometry": { "type": "Point", "coordinates": [ 118.803441251505163, 31.929761549067585 ] } },
{ "type": "Feature", "properties": { "id": "a09aeb5f-8a2c-3e86-8711-5938199911f0", "name": "大明路(地铁站)", "type": "交通设施服务;地铁站;地铁站", "typecode": "150500", "typecode_X": 0.0, "typecode_Y": 0.0, "address": "3号线", "location_X": 118.799624, "location_Y": 31.986114, "tel": [ ], "pcode": 320000, "pname": "江苏省", "citycode": 25, "cityname": "南京市", "adcode": 320104, "adname": "秦淮区", "gridcode": 4718768312.0, "distance": 970, "business_a": "宁南", "timestamp": "2022-11-10T00:00:00", "biz_ext": { "rating": [ ], "cost": [ ] }, "行业大": "交通设施服务", "行业中": "地铁站", "行业小": "地铁站", "total_time": 2.0 }, "geometry": { "type": "Point", "coordinates": [ 118.794452038603907, 31.988177032955615 ] } },
{ "type": "Feature", "properties": { "id": "64ad5ce2-7d9f-3e4d-bfcc-47dba9e4a2fd", "name": "泰冯路(地铁站)", "type": "交通设施服务;地铁站;地铁站", "typecode": "150500", "typecode_X": 0.0, "typecode_Y": 0.0, "address": "3号线;S8号线/宁天线", "location_X": 118.718931, "location_Y": 32.153441, "tel": [ ], "pcode": 320000, "pname": "江苏省", "citycode": 25, "cityname": "南京市", "adcode": 320111, "adname": "浦口区", "gridcode": 4818158711.0, "distance": 693, "business_a": "江北新区", "timestamp": "2023-03-15T00:00:00", "biz_ext": { "rating": [ ], "cost": [ ] }, "行业大": "交通设施服务", "行业中": "地铁站", "行业小": "地铁站", "total_time": 7.0 }, "geometry": { "type": "Point", "coordinates": [ 118.713718674089236, 32.155515568961889 ] } },
{ "type": "Feature", "properties": { "id": "7b08475e-40ee-3b06-959d-05b255fb17a1", "name": "南京交院(地铁站)", "type": "交通设施服务;地铁站;地铁站", "typecode": "150500", "typecode_X": 0.0, "typecode_Y": 0.0, "address": "1号线", "location_X": 118.904804, "location_Y": 31.91286, "tel": [ ], "pcode": 320000, "pname": "江苏省", "citycode": 25, "cityname": "南京市", "adcode": 320115, "adname": "江宁区", "gridcode": 4718679211.0, "distance": 541, "business_a": "大学城", "timestamp": "2023-05-11T00:00:00", "biz_ext": { "rating": [ ], "cost": [ ] }, "行业大": "交通设施服务", "行业中": "地铁站", "行业小": "地铁站", "total_time": 3.0 }, "geometry": { "type": "Point", "coordinates": [ 118.899793919128228, 31.915046592407776 ] } },
{ "type": "Feature", "properties": { "id": "a827bc32-31e7-33c4-a01a-ef95f1d5f664", "name": "南医大·江苏经贸学院(地铁站)", "type": "交通设施服务;地铁站;地铁站", "typecode": "150500", "typecode_X": 0.0, "typecode_Y": 0.0, "address": "1号线", "location_X": 118.890239, "location_Y": 31.933475, "tel": [ ], "pcode": 320000, "pname": "江苏省", "citycode": 25, "cityname": "南京市", "adcode": 320115, "adname": "江宁区", "gridcode": 4718772100.0, "distance": 1413, "business_a": "大学城", "timestamp": "2022-12-05T00:00:00", "biz_ext": { "rating": [ ], "cost": [ ] }, "行业大": "交通设施服务", "行业中": "地铁站", "行业小": "地铁站", "total_time": 3.0 }, "geometry": { "type": "Point", "coordinates": [ 118.885225496945552, 31.935663600582917 ] } },
{ "type": "Feature", "properties": { "id": "a0d934f3-1247-3cfe-bf3f-a9c31f1309d8", "name": "小龙湾(地铁站)", "type": "交通设施服务;地铁站;地铁站", "typecode": "150500", "typecode_X": 0.0, "typecode_Y": 0.0, "address": "1号线", "location_X": 118.832734, "location_Y": 31.929735, "tel": [ ], "pcode": 320000, "pname": "江苏省", "citycode": 25, "cityname": "南京市", "adcode": 320115, "adname": "江宁区", "gridcode": 4718761611.0, "distance": 696, "business_a": "双龙大道", "timestamp": "2022-12-05T00:00:00", "biz_ext": { "rating": [ ], "cost": [ ] }, "行业大": "交通设施服务", "行业中": "地铁站", "行业小": "地铁站", "total_time": 3.0 }, "geometry": { "type": "Point", "coordinates": [ 118.827634397241354, 31.931844514806578 ] } },
{ "type": "Feature", "properties": { "id": "1d0db5f7-0c24-3a65-ac41-052d19c87dc5", "name": "双龙大道(地铁站)", "type": "交通设施服务;地铁站;地铁站", "typecode": "150500", "typecode_X": 0.0, "typecode_Y": 0.0, "address": "1号线", "location_X": 118.817196, "location_Y": 31.963833, "tel": [ ], "pcode": 320000, "pname": "江苏省", "citycode": 25, "cityname": "南京市", "adcode": 320115, "adname": "江宁区", "gridcode": 4718765511.0, "distance": 1706, "business_a": "岔路口", "timestamp": "2023-04-14T00:00:00", "biz_ext": { "rating": [ ], "cost": [ ] }, "行业大": "交通设施服务", "行业中": "地铁站", "行业小": "地铁站", "total_time": 3.0 }, "geometry": { "type": "Point", "coordinates": [ 118.812060397706446, 31.965921202051046 ] } },
{ "type": "Feature", "properties": { "id": "670306f8-766e-3f9d-ae3d-c87b5c89a1ab", "name": "天隆寺(地铁站)", "type": "交通设施服务;地铁站;地铁站", "typecode": "150500", "typecode_X": 0.0, "typecode_Y": 0.0, "address": "1号线", "location_X": 118.763131, "location_Y": 31.979272, "tel": [ ], "pcode": 320000, "pname": "江苏省", "citycode": 25, "cityname": "南京市", "adcode": 320114, "adname": "雨花台区", "gridcode": 4718767110.0, "distance": 440, "business_a": "安德门", "timestamp": "2023-04-14T00:00:00", "biz_ext": { "rating": [ ], "cost": [ ] }, "行业大": "交通设施服务", "行业中": "地铁站", "行业小": "地铁站", "total_time": 3.0 }, "geometry": { "type": "Point", "coordinates": [ 118.757915651525124, 31.981294193682523 ] } },
{ "type": "Feature", "properties": { "id": "e7c812f1-967b-3482-9036-ad5083a7610a", "name": "新模范马路(地铁站)", "type": "交通设施服务;地铁站;地铁站", "typecode": "150500", "typecode_X": 0.0, "typecode_Y": 0.0, "address": "1号线", "location_X": 118.783714, "location_Y": 32.079871, "tel": [ ], "pcode": 320000, "pname": "江苏省", "citycode": 25, "cityname": "南京市", "adcode": 320106, "adname": "鼓楼区", "gridcode": 4818069212.0, "distance": 577, "business_a": "中央路", "timestamp": "2023-04-14T00:00:00", "biz_ext": { "rating": [ ], "cost": [ ] }, "行业大": "交通设施服务", "行业中": "地铁站", "行业小": "地铁站", "total_time": 3.0 }, "geometry": { "type": "Point", "coordinates": [ 118.778508506371011, 32.081933121270744 ] } },
{ "type": "Feature", "properties": { "id": "d9ab4567-f750-3fdf-8c34-da124e543551", "name": "浦口万汇城(地铁站)", "type": "交通设施服务;地铁站;地铁站", "typecode": "150500", "typecode_X": 0.0, "typecode_Y": 0.0, "address": "(在建)11号线;10号线", "location_X": 118.657082, "location_Y": 32.061689, "tel": [ ], "pcode": 320000, "pname": "江苏省", "citycode": 25, "cityname": "南京市", "adcode": 320111, "adname": "浦口区", "gridcode": 4818057211.0, "distance": 117, "business_a": "江北新区", "timestamp": "2023-05-25T00:00:00", "biz_ext": { "rating": [ ], "cost": [ ] }, "行业大": "交通设施服务", "行业中": "地铁站", "行业小": "地铁站", "total_time": 2.0 }, "geometry": { "type": "Point", "coordinates": [ 118.652000813377612, 32.063850299991188 ] } },
{ "type": "Feature", "properties": { "id": "6ca6f480-bca0-3409-b455-e3a044bc31e5", "name": "南京工业大学(地铁站)", "type": "交通设施服务;地铁站;地铁站", "typecode": "150500", "typecode_X": 0.0, "typecode_Y": 0.0, "address": "10号线", "location_X": 118.648245, "location_Y": 32.066794, "tel": [ ], "pcode": 320000, "pname": "江苏省", "citycode": 25, "cityname": "南京市", "adcode": 320111, "adname": "浦口区", "gridcode": 4818058102.0, "distance": 1481, "business_a": "江北新区", "timestamp": "2023-04-07T00:00:00", "biz_ext": { "rating": [ ], "cost": [ ] }, "行业大": "交通设施服务", "行业中": "地铁站", "行业小": "地铁站", "total_time": 3.0 }, "geometry": { "type": "Point", "coordinates": [ 118.643181295149759, 32.068972036846965 ] } },
{ "type": "Feature", "properties": { "id": "c482e141-dd4d-3cda-94ea-ba9cc588aacf", "name": "文德路(地铁站)", "type": "交通设施服务;地铁站;地铁站", "typecode": "150500", "typecode_X": 0.0, "typecode_Y": 0.0, "address": "10号线", "location_X": 118.626645, "location_Y": 32.057396, "tel": [ ], "pcode": 320000, "pname": "江苏省", "citycode": 25, "cityname": "南京市", "adcode": 320111, "adname": "浦口区", "gridcode": 4818056020.0, "distance": 1466, "business_a": "江北新区", "timestamp": "2023-04-07T00:00:00", "biz_ext": { "rating": [ ], "cost": [ ] }, "行业大": "交通设施服务", "行业中": "地铁站", "行业小": "地铁站", "total_time": 2.0 }, "geometry": { "type": "Point", "coordinates": [ 118.621617469247312, 32.059603141852314 ] } },
{ "type": "Feature", "properties": { "id": "5f523f15-9738-398e-bfd2-f26cafff4b9d", "name": "吉印大道(地铁站)", "type": "交通设施服务;地铁站;地铁站", "typecode": "150500", "typecode_X": 0.0, "typecode_Y": 0.0, "address": "(在建)5号线;S1号线/机场线", "location_X": 118.795507, "location_Y": 31.886166, "tel": [ ], "pcode": 320000, "pname": "江苏省", "citycode": 25, "cityname": "南京市", "adcode": 320115, "adname": "江宁区", "gridcode": 4718666311.0, "distance": 1881, "business_a": [ ], "timestamp": "2022-11-10T00:00:00", "biz_ext": { "rating": [ ], "cost": [ ] }, "行业大": "交通设施服务", "行业中": "地铁站", "行业小": "地铁站", "total_time": 7.0 }, "geometry": { "type": "Point", "coordinates": [ 118.79033707808766, 31.888200257384298 ] } },
{ "type": "Feature", "properties": { "id": "05686fbe-5ed7-38c7-bd69-42847f221f5c", "name": "柳洲东路(地铁站)", "type": "交通设施服务;地铁站;地铁站", "typecode": "150500", "typecode_X": 0.0, "typecode_Y": 0.0, "address": "(在建)11号线;3号线", "location_X": 118.746237, "location_Y": 32.139965, "tel": [ ], "pcode": 320000, "pname": "江苏省", "citycode": 25, "cityname": "南京市", "adcode": 320111, "adname": "浦口区", "gridcode": 4818156922.0, "distance": 1307, "business_a": "江北新区", "timestamp": "2022-11-10T00:00:00", "biz_ext": { "rating": [ ], "cost": [ ] }, "行业大": "交通设施服务", "行业中": "地铁站", "行业小": "地铁站", "total_time": 3.0 }, "geometry": { "type": "Point", "coordinates": [ 118.741004237331637, 32.14201922537891 ] } },
{ "type": "Feature", "properties": { "id": "4633e5db-f1b9-3a6b-aa59-911d45de7453", "name": "上元门(地铁站)", "type": "交通设施服务;地铁站;地铁站", "typecode": "150500", "typecode_X": 0.0, "typecode_Y": 0.0, "address": "3号线", "location_X": 118.769921, "location_Y": 32.115468, "tel": [ ], "pcode": 320000, "pname": "江苏省", "citycode": 25, "cityname": "南京市", "adcode": 320106, "adname": "鼓楼区", "gridcode": 4818163121.0, "distance": 1862, "business_a": [ ], "timestamp": "2022-11-10T00:00:00", "biz_ext": { "rating": [ ], "cost": [ ] }, "行业大": "交通设施服务", "行业中": "地铁站", "行业小": "地铁站", "total_time": 4.0 }, "geometry": { "type": "Point", "coordinates": [ 118.764697519599395, 32.117524331935634 ] } },
{ "type": "Feature", "properties": { "id": "883b8cf3-3025-3044-acac-8f836b8f826b", "name": "武定门(地铁站)", "type": "交通设施服务;地铁站;地铁站", "typecode": "150500", "typecode_X": 0.0, "typecode_Y": 0.0, "address": "3号线", "location_X": 118.794632, "location_Y": 32.013747, "tel": [ ], "pcode": 320000, "pname": "江苏省", "citycode": 25, "cityname": "南京市", "adcode": 320104, "adname": "秦淮区", "gridcode": 4818061311.0, "distance": 585, "business_a": "秦虹", "timestamp": "2023-05-19T00:00:00", "biz_ext": { "rating": [ ], "cost": [ ] }, "行业大": "交通设施服务", "行业中": "地铁站", "行业小": "地铁站", "total_time": 9.0 }, "geometry": { "type": "Point", "coordinates": [ 118.789448905675428, 32.015808811338957 ] } },
{ "type": "Feature", "properties": { "id": "ce203adf-c698-302c-ab6d-29ee20fb691c", "name": "鸡鸣寺(地铁站)", "type": "交通设施服务;地铁站;地铁站", "typecode": "150500", "typecode_X": 0.0, "typecode_Y": 0.0, "address": "3号线;4号线", "location_X": 118.798082, "location_Y": 32.057266, "tel": [ ], "pcode": 320000, "pname": "江苏省", "citycode": 25, "cityname": "南京市", "adcode": 320102, "adname": "玄武区", "gridcode": 4818066322.0, "distance": 467, "business_a": "九华山", "timestamp": "2022-11-10T00:00:00", "biz_ext": { "rating": [ ], "cost": [ ] }, "行业大": "交通设施服务", "行业中": "地铁站", "行业小": "地铁站", "total_time": 17.0 }, "geometry": { "type": "Point", "coordinates": [ 118.792900769650856, 32.059342841549039 ] } },
{ "type": "Feature", "properties": { "id": "5db14a7d-d2a3-350d-a535-e45bbfe2e5a5", "name": "秣周东路(地铁站)", "type": "交通设施服务;地铁站;地铁站", "typecode": "150500", "typecode_X": 0.0, "typecode_Y": 0.0, "address": "(在建)3号线三期;3号线", "location_X": 118.831022, "location_Y": 31.868977, "tel": [ ], "pcode": 320000, "pname": "江苏省", "citycode": 25, "cityname": "南京市", "adcode": 320115, "adname": "江宁区", "gridcode": 4718664601.0, "distance": 1832, "business_a": [ ], "timestamp": "2023-02-07T00:00:00", "biz_ext": { "rating": [ ], "cost": [ ] }, "行业大": "交通设施服务", "行业中": "地铁站", "行业小": "地铁站", "total_time": 3.0 }, "geometry": { "type": "Point", "coordinates": [ 118.825924290085041, 31.871070178777366 ] } },
{ "type": "Feature", "properties": { "id": "a2678db0-2e69-32d6-a9ff-2e1ef41c824d", "name": "东大九龙湖校区(地铁站)", "type": "交通设施服务;地铁站;地铁站", "typecode": "150500", "typecode_X": 0.0, "typecode_Y": 0.0, "address": "3号线", "location_X": 118.83045, "location_Y": 31.896037, "tel": [ ], "pcode": 320000, "pname": "江苏省", "citycode": 25, "cityname": "南京市", "adcode": 320115, "adname": "江宁区", "gridcode": 4718667611.0, "distance": 1256, "business_a": [ ], "timestamp": "2023-03-16T00:00:00", "biz_ext": { "rating": [ ], "cost": [ ] }, "行业大": "交通设施服务", "行业中": "地铁站", "行业小": "地铁站", "total_time": 2.0 }, "geometry": { "type": "Point", "coordinates": [ 118.825348617069835, 31.898134790027939 ] } },
{ "type": "Feature", "properties": { "id": "bc89e140-d9d3-39ce-91b1-2e7c8d93752c", "name": "九龙湖(地铁站)", "type": "交通设施服务;地铁站;地铁站", "typecode": "150500", "typecode_X": 0.0, "typecode_Y": 0.0, "address": "3号线", "location_X": 118.821263, "location_Y": 31.915939, "tel": [ ], "pcode": 320000, "pname": "江苏省", "citycode": 25, "cityname": "南京市", "adcode": 320115, "adname": "江宁区", "gridcode": 4718669522.0, "distance": 854, "business_a": "开发区", "timestamp": "2023-04-17T00:00:00", "biz_ext": { "rating": [ ], "cost": [ ] }, "行业大": "交通设施服务", "行业中": "地铁站", "行业小": "地铁站", "total_time": 3.0 }, "geometry": { "type": "Point", "coordinates": [ 118.816140295479201, 31.918023877160429 ] } },
{ "type": "Feature", "properties": { "id": "ea7b1949-231c-39a5-ab31-96f48ede2a15", "name": "南京林业大学·新庄(地铁站)", "type": "交通设施服务;地铁站;地铁站", "typecode": "150500", "typecode_X": 0.0, "typecode_Y": 0.0, "address": "3号线", "location_X": 118.810435, "location_Y": 32.076463, "tel": [ ], "pcode": 320000, "pname": "江苏省", "citycode": 25, "cityname": "南京市", "adcode": 320102, "adname": "玄武区", "gridcode": 4818069402.0, "distance": 717, "business_a": [ ], "timestamp": "2022-11-10T00:00:00", "biz_ext": { "rating": [ ], "cost": [ ] }, "行业大": "交通设施服务", "行业中": "地铁站", "行业小": "地铁站", "total_time": 3.0 }, "geometry": { "type": "Point", "coordinates": [ 118.805275260224164, 32.078564559803553 ] } },
{ "type": "Feature", "properties": { "id": "2f91d30e-c3bb-3001-ba3c-2fdd229ca147", "name": "小市(地铁站)", "type": "交通设施服务;地铁站;地铁站", "typecode": "150500", "typecode_X": 0.0, "typecode_Y": 0.0, "address": "3号线", "location_X": 118.785737, "location_Y": 32.094998, "tel": [ ], "pcode": 320000, "pname": "江苏省", "citycode": 25, "cityname": "南京市", "adcode": 320106, "adname": "鼓楼区", "gridcode": 4818161212.0, "distance": 819, "business_a": "小市", "timestamp": "2022-11-10T00:00:00", "biz_ext": { "rating": [ ], "cost": [ ] }, "行业大": "交通设施服务", "行业中": "地铁站", "行业小": "地铁站", "total_time": 3.0 }, "geometry": { "type": "Point", "coordinates": [ 118.780532842763648, 32.097065738042168 ] } },
{ "type": "Feature", "properties": { "id": "02ef454a-439b-3f26-8ef6-71c5a4772df3", "name": "五塘广场(地铁站)", "type": "交通设施服务;地铁站;地铁站", "typecode": "150500", "typecode_X": 0.0, "typecode_Y": 0.0, "address": "3号线;7号线", "location_X": 118.777688, "location_Y": 32.1105, "tel": [ ], "pcode": 320000, "pname": "江苏省", "citycode": 25, "cityname": "南京市", "adcode": 320106, "adname": "鼓楼区", "gridcode": 4818163200.0, "distance": 641, "business_a": "幕府西路", "timestamp": "2023-02-15T00:00:00", "biz_ext": { "rating": [ ], "cost": [ ] }, "行业大": "交通设施服务", "行业中": "地铁站", "行业小": "地铁站", "total_time": 21.0 }, "geometry": { "type": "Point", "coordinates": [ 118.772472373609148, 32.112561975371932 ] } },
{ "type": "Feature", "properties": { "id": "4309a552-c414-3199-ade7-5b639d2c9303", "name": "天润城(地铁站)", "type": "交通设施服务;地铁站;地铁站", "typecode": "150500", "typecode_X": 0.0, "typecode_Y": 0.0, "address": "3号线", "location_X": 118.734078, "location_Y": 32.150854, "tel": [ ], "pcode": 320000, "pname": "江苏省", "citycode": 25, "cityname": "南京市", "adcode": 320111, "adname": "浦口区", "gridcode": 4818158802.0, "distance": 243, "business_a": "江北新区", "timestamp": "2022-11-10T00:00:00", "biz_ext": { "rating": [ ], "cost": [ ] }, "行业大": "交通设施服务", "行业中": "地铁站", "行业小": "地铁站", "total_time": 3.0 }, "geometry": { "type": "Point", "coordinates": [ 118.728850095751497, 32.15291489394297 ] } },
{ "type": "Feature", "properties": { "id": "da4bc0aa-1e05-3ebb-9334-84f6412086ca", "name": "东大成贤学院(地铁站)", "type": "交通设施服务;地铁站;地铁站", "typecode": "150500", "typecode_X": 0.0, "typecode_Y": 0.0, "address": "3号线", "location_X": 118.707888, "location_Y": 32.156266, "tel": [ ], "pcode": 320000, "pname": "江苏省", "citycode": 25, "cityname": "南京市", "adcode": 320111, "adname": "浦口区", "gridcode": 4818158621.0, "distance": 1098, "business_a": "江北新区", "timestamp": "2022-11-10T00:00:00", "biz_ext": { "rating": [ ], "cost": [ ] }, "行业大": "交通设施服务", "行业中": "地铁站", "行业小": "地铁站", "total_time": 2.0 }, "geometry": { "type": "Point", "coordinates": [ 118.702692161572287, 32.158355233802432 ] } },
{ "type": "Feature", "properties": { "id": "e5a7483a-a552-3807-a690-ddf7ce8af6be", "name": "星火路(地铁站)", "type": "交通设施服务;地铁站;地铁站", "typecode": "150500", "typecode_X": 0.0, "typecode_Y": 0.0, "address": "3号线", "location_X": 118.696577, "location_Y": 32.157273, "tel": [ ], "pcode": 320000, "pname": "江苏省", "citycode": 25, "cityname": "南京市", "adcode": 320111, "adname": "浦口区", "gridcode": 4818158522.0, "distance": 1011, "business_a": "江北新区", "timestamp": "2022-11-10T00:00:00", "biz_ext": { "rating": [ ], "cost": [ ] }, "行业大": "交通设施服务", "行业中": "地铁站", "行业小": "地铁站", "total_time": 3.0 }, "geometry": { "type": "Point", "coordinates": [ 118.691401868251717, 32.159380110234387 ] } },
{ "type": "Feature", "properties": { "id": "50e63646-c175-3c97-a348-9c4160015e58", "name": "明发广场(地铁站)", "type": "交通设施服务;地铁站;地铁站", "typecode": "150500", "typecode_X": 0.0, "typecode_Y": 0.0, "address": "3号线", "location_X": 118.800512, "location_Y": 31.97705, "tel": [ ], "pcode": 320000, "pname": "江苏省", "citycode": 25, "cityname": "南京市", "adcode": 320114, "adname": "雨花台区", "gridcode": 4718767400.0, "distance": 455, "business_a": "宁南", "timestamp": "2022-11-10T00:00:00", "biz_ext": { "rating": [ ], "cost": [ ] }, "行业大": "交通设施服务", "行业中": "地铁站", "行业小": "地铁站", "total_time": 2.0 }, "geometry": { "type": "Point", "coordinates": [ 118.795342464164008, 31.97911234521915 ] } },
{ "type": "Feature", "properties": { "id": "f05a1c78-267e-3aa3-8618-e3be9c8d4f6f", "name": "汇通路(地铁站)", "type": "交通设施服务;地铁站;地铁站", "typecode": "150500", "typecode_X": 0.0, "typecode_Y": 0.0, "address": "4号线", "location_X": 118.931631, "location_Y": 32.078018, "tel": [ ], "pcode": 320000, "pname": "江苏省", "citycode": 25, "cityname": "南京市", "adcode": 320113, "adname": "栖霞区", "gridcode": 4818079411.0, "distance": 1312, "business_a": [ ], "timestamp": "2022-08-18T00:00:00", "biz_ext": { "rating": [ ], "cost": [ ] }, "行业大": "交通设施服务", "行业中": "地铁站", "行业小": "地铁站", "total_time": 4.0 }, "geometry": { "type": "Point", "coordinates": [ 118.926579939210384, 32.080222190303815 ] } },
{ "type": "Feature", "properties": { "id": "dec30675-19a4-3e7e-b643-5cbfd6d1318a", "name": "龙江(地铁站)", "type": "交通设施服务;地铁站;地铁站", "typecode": "150500", "typecode_X": 0.0, "typecode_Y": 0.0, "address": "(在建)4号线二期;(在建)9号线;4号线", "location_X": 118.73805, "location_Y": 32.057926, "tel": [ ], "pcode": 320000, "pname": "江苏省", "citycode": 25, "cityname": "南京市", "adcode": 320106, "adname": "鼓楼区", "gridcode": 4818056920.0, "distance": 1387, "business_a": "龙江", "timestamp": "2023-04-02T00:00:00", "biz_ext": { "rating": [ ], "cost": [ ] }, "行业大": "交通设施服务", "行业中": "地铁站", "行业小": "地铁站", "total_time": 14.0 }, "geometry": { "type": "Point", "coordinates": [ 118.732828095270008, 32.059965975097761 ] } },
{ "type": "Feature", "properties": { "id": "cf55272c-3f66-3c55-bd54-fc65b0c66536", "name": "九华山(地铁站)", "type": "交通设施服务;地铁站;地铁站", "typecode": "150500", "typecode_X": 0.0, "typecode_Y": 0.0, "address": "4号线", "location_X": 118.806, "location_Y": 32.057314, "tel": [ ], "pcode": 320000, "pname": "江苏省", "citycode": 25, "cityname": "南京市", "adcode": 320102, "adname": "玄武区", "gridcode": 4818066421.0, "distance": 1584, "business_a": "九华山", "timestamp": "2023-03-29T00:00:00", "biz_ext": { "rating": [ ], "cost": [ ] }, "行业大": "交通设施服务", "行业中": "地铁站", "行业小": "地铁站", "total_time": 2.0 }, "geometry": { "type": "Point", "coordinates": [ 118.80083332265788, 32.059403706941573 ] } },
{ "type": "Feature", "properties": { "id": "46c9d671-1e74-3690-a65c-0683071bac91", "name": "孟北(地铁站)", "type": "交通设施服务;地铁站;地铁站", "typecode": "150500", "typecode_X": 0.0, "typecode_Y": 0.0, "address": "4号线", "location_X": 118.98724, "location_Y": 32.084468, "tel": [ ], "pcode": 320000, "pname": "江苏省", "citycode": 25, "cityname": "南京市", "adcode": 320113, "adname": "栖霞区", "gridcode": 4818170802.0, "distance": 1757, "business_a": [ ], "timestamp": "2022-11-05T00:00:00", "biz_ext": { "rating": [ ], "cost": [ ] }, "行业大": "交通设施服务", "行业中": "地铁站", "行业小": "地铁站", "total_time": 3.0 }, "geometry": { "type": "Point", "coordinates": [ 118.98203202909167, 32.086545400774334 ] } },
{ "type": "Feature", "properties": { "id": "a6436caa-d36d-3021-9a25-a2a905a29d91", "name": "岗子村(地铁站)", "type": "交通设施服务;地铁站;地铁站", "typecode": "150500", "typecode_X": 0.0, "typecode_Y": 0.0, "address": "(在建)6号线;4号线", "location_X": 118.815835, "location_Y": 32.065571, "tel": [ ], "pcode": 320000, "pname": "江苏省", "citycode": 25, "cityname": "南京市", "adcode": 320102, "adname": "玄武区", "gridcode": 4818067520.0, "distance": 1305, "business_a": [ ], "timestamp": "2023-04-02T00:00:00", "biz_ext": { "rating": [ ], "cost": [ ] }, "行业大": "交通设施服务", "行业中": "地铁站", "行业小": "地铁站", "total_time": 2.0 }, "geometry": { "type": "Point", "coordinates": [ 118.81068725252284, 32.067679895339111 ] } },
{ "type": "Feature", "properties": { "id": "d2399ac8-a45c-3ada-9d81-ad5a47d28034", "name": "蒋王庙(地铁站)", "type": "交通设施服务;地铁站;地铁站", "typecode": "150500", "typecode_X": 0.0, "typecode_Y": 0.0, "address": "4号线", "location_X": 118.831148, "location_Y": 32.077536, "tel": [ ], "pcode": 320000, "pname": "江苏省", "citycode": 25, "cityname": "南京市", "adcode": 320102, "adname": "玄武区", "gridcode": 4818069601.0, "distance": 633, "business_a": [ ], "timestamp": "2022-11-09T00:00:00", "biz_ext": { "rating": [ ], "cost": [ ] }, "行业大": "交通设施服务", "行业中": "地铁站", "行业小": "地铁站", "total_time": 3.0 }, "geometry": { "type": "Point", "coordinates": [ 118.826031544792926, 32.079676087873196 ] } },
{ "type": "Feature", "properties": { "id": "70777c0c-5c6f-3640-b5a6-0e8ba9bc60ed", "name": "仙林湖(地铁站)", "type": "交通设施服务;地铁站;地铁站", "typecode": "150500", "typecode_X": 0.0, "typecode_Y": 0.0, "address": "(在建)S5号线/宁扬线;4号线", "location_X": 118.992658, "location_Y": 32.125509, "tel": [ ], "pcode": 320000, "pname": "江苏省", "citycode": 25, "cityname": "南京市", "adcode": 320113, "adname": "栖霞区", "gridcode": 4818175901.0, "distance": 560, "business_a": [ ], "timestamp": "2022-11-07T00:00:00", "biz_ext": { "rating": [ ], "cost": [ ] }, "行业大": "交通设施服务", "行业中": "地铁站", "行业小": "地铁站", "total_time": 3.0 }, "geometry": { "type": "Point", "coordinates": [ 118.987426613048783, 32.127578495270861 ] } },
{ "type": "Feature", "properties": { "id": "61013309-4883-392f-b493-77b0e304dfd2", "name": "聚宝山(地铁站)", "type": "交通设施服务;地铁站;地铁站", "typecode": "150500", "typecode_X": 0.0, "typecode_Y": 0.0, "address": "4号线", "location_X": 118.864212, "location_Y": 32.093858, "tel": [ ], "pcode": 320000, "pname": "江苏省", "citycode": 25, "cityname": "南京市", "adcode": 320102, "adname": "玄武区", "gridcode": 4818161900.0, "distance": 1464, "business_a": [ ], "timestamp": "2023-02-15T00:00:00", "biz_ext": { "rating": [ ], "cost": [ ] }, "行业大": "交通设施服务", "行业中": "地铁站", "行业小": "地铁站", "total_time": 3.0 }, "geometry": { "type": "Point", "coordinates": [ 118.859157121901006, 32.096057711145654 ] } },
{ "type": "Feature", "properties": { "id": "c53bbcae-c94c-3a5c-8143-e33035cd8e56", "name": "王家湾(地铁站)", "type": "交通设施服务;地铁站;地铁站", "typecode": "150500", "typecode_X": 0.0, "typecode_Y": 0.0, "address": "4号线", "location_X": 118.837855, "location_Y": 32.085238, "tel": [ ], "pcode": 320000, "pname": "江苏省", "citycode": 25, "cityname": "南京市", "adcode": 320102, "adname": "玄武区", "gridcode": 4818160700.0, "distance": 481, "business_a": [ ], "timestamp": "2022-11-06T00:00:00", "biz_ext": { "rating": [ ], "cost": [ ] }, "行业大": "交通设施服务", "行业中": "地铁站", "行业小": "地铁站", "total_time": 2.0 }, "geometry": { "type": "Point", "coordinates": [ 118.832751983983187, 32.087392245882612 ] } },
{ "type": "Feature", "properties": { "id": "77ba341b-65e5-3fa8-8c46-9ca3c8f916d2", "name": "永初路(地铁站)", "type": "交通设施服务;地铁站;地铁站", "typecode": "150500", "typecode_X": 0.0, "typecode_Y": 0.0, "address": "(在建)7号线南段;S3号线/宁和线", "location_X": 118.712185, "location_Y": 31.974264, "tel": [ ], "pcode": 320000, "pname": "江苏省", "citycode": 25, "cityname": "南京市", "adcode": 320105, "adname": "建邺区", "gridcode": 4718756622.0, "distance": 1079, "business_a": [ ], "timestamp": "2022-11-04T00:00:00", "biz_ext": { "rating": [ ], "cost": [ ] }, "行业大": "交通设施服务", "行业中": "地铁站", "行业小": "地铁站", "total_time": 8.0 }, "geometry": { "type": "Point", "coordinates": [ 118.706998961768804, 31.97630846908638 ] } },
{ "type": "Feature", "properties": { "id": "019175da-7810-35ac-9a5f-56a342972f32", "name": "燕子矶(地铁站)", "type": "交通设施服务;地铁站;地铁站", "typecode": "150500", "typecode_X": 0.0, "typecode_Y": 0.0, "address": "1号线", "location_X": 118.821914, "location_Y": 32.136112, "tel": [ ], "pcode": 320000, "pname": "江苏省", "citycode": 25, "cityname": "南京市", "adcode": 320113, "adname": "栖霞区", "gridcode": 4818166512.0, "distance": 195, "business_a": "燕子矶", "timestamp": "2023-05-26T00:00:00", "biz_ext": { "rating": [ ], "cost": [ ] }, "行业大": "交通设施服务", "行业中": "地铁站", "行业小": "地铁站", "total_time": 18.0 }, "geometry": { "type": "Point", "coordinates": [ 118.81677251282261, 32.138246542838964 ] } },
{ "type": "Feature", "properties": { "id": "56e25e0e-e9ab-3302-a41f-0721dc447a1d", "name": "吉祥庵(地铁站)", "type": "交通设施服务;地铁站;地铁站", "typecode": "150500", "typecode_X": 0.0, "typecode_Y": 0.0, "address": "1号线", "location_X": 118.821339, "location_Y": 32.126634, "tel": [ ], "pcode": 320000, "pname": "江苏省", "citycode": 25, "cityname": "南京市", "adcode": 320113, "adname": "栖霞区", "gridcode": 4818165502.0, "distance": 1853, "business_a": "燕子矶", "timestamp": "2023-04-14T00:00:00", "biz_ext": { "rating": [ ], "cost": [ ] }, "行业大": "交通设施服务", "行业中": "地铁站", "行业小": "地铁站", "total_time": 2.0 }, "geometry": { "type": "Point", "coordinates": [ 118.816197167099048, 32.128765673889177 ] } },
{ "type": "Feature", "properties": { "id": "0d8f3b3e-8a5e-37e7-948c-d1ee17dc1cc1", "name": "笆斗山(地铁站)", "type": "交通设施服务;地铁站;地铁站", "typecode": "150500", "typecode_X": 0.0, "typecode_Y": 0.0, "address": "1号线", "location_X": 118.829597, "location_Y": 32.143424, "tel": [ ], "pcode": 320000, "pname": "江苏省", "citycode": 25, "cityname": "南京市", "adcode": 320113, "adname": "栖霞区", "gridcode": 4818167601.0, "distance": 910, "business_a": "燕子矶", "timestamp": "2023-04-14T00:00:00", "biz_ext": { "rating": [ ], "cost": [ ] }, "行业大": "交通设施服务", "行业中": "地铁站", "行业小": "地铁站", "total_time": 2.0 }, "geometry": { "type": "Point", "coordinates": [ 118.824471202549717, 32.145574332766344 ] } },
{ "type": "Feature", "properties": { "id": "633fff78-8115-3e5c-9316-c4ea987f9195", "name": "前庄(地铁站)", "type": "交通设施服务;地铁站;地铁站", "typecode": "150500", "typecode_X": 0.0, "typecode_Y": 0.0, "address": "(在建)5号线", "location_X": 118.843705, "location_Y": 31.910349, "tel": [ ], "pcode": 320000, "pname": "江苏省", "citycode": 25, "cityname": "南京市", "adcode": 320115, "adname": "江宁区", "gridcode": 4718669701.0, "distance": 1490, "business_a": [ ], "timestamp": "2023-02-10T00:00:00", "biz_ext": { "rating": [ ], "cost": [ ] }, "行业大": "交通设施服务", "行业中": "地铁站", "行业小": "地铁站", "total_time": 4.0 }, "geometry": { "type": "Point", "coordinates": [ 118.838629895912803, 31.912474383132885 ] } },
{ "type": "Feature", "properties": { "id": "ee3924bb-ec21-341f-abf6-e027fa972851", "name": "南京西站(地铁站)", "type": "交通设施服务;地铁站;地铁站", "typecode": "150500", "typecode_X": 0.0, "typecode_Y": 0.0, "address": "(在建)5号线", "location_X": 118.739966, "location_Y": 32.095929, "tel": [ ], "pcode": 320000, "pname": "江苏省", "citycode": 25, "cityname": "南京市", "adcode": 320106, "adname": "鼓楼区", "gridcode": 4818151910.0, "distance": 660, "business_a": [ ], "timestamp": "2023-03-29T00:00:00", "biz_ext": { "rating": [ ], "cost": [ ] }, "行业大": "交通设施服务", "行业中": "地铁站", "行业小": "地铁站", "total_time": 2.0 }, "geometry": { "type": "Point", "coordinates": [ 118.734739555399429, 32.097976307314504 ] } },
{ "type": "Feature", "properties": { "id": "c97960cd-c98a-3f68-82fa-475b7dd64b70", "name": "大校场(地铁站)", "type": "交通设施服务;地铁站;地铁站", "typecode": "150500", "typecode_X": 0.0, "typecode_Y": 0.0, "address": "(在建)10号线二期;(在建)5号线", "location_X": 118.82489, "location_Y": 31.998403, "tel": [ ], "pcode": 320000, "pname": "江苏省", "citycode": 25, "cityname": "南京市", "adcode": 320104, "adname": "秦淮区", "gridcode": 4718769522.0, "distance": 1623, "business_a": "红花", "timestamp": "2022-07-20T00:00:00", "biz_ext": { "rating": [ ], "cost": [ ] }, "行业大": "交通设施服务", "行业中": "地铁站", "行业小": "地铁站", "total_time": 2.0 }, "geometry": { "type": "Point", "coordinates": [ 118.819767454883248, 32.000513517815293 ] } },
{ "type": "Feature", "properties": { "id": "9d56e7e1-d78a-3db0-84f2-db579d75eb23", "name": "九龙湖南(地铁站)", "type": "交通设施服务;地铁站;地铁站", "typecode": "150500", "typecode_X": 0.0, "typecode_Y": 0.0, "address": "(在建)5号线", "location_X": 118.810524, "location_Y": 31.893192, "tel": [ ], "pcode": 320000, "pname": "江苏省", "citycode": 25, "cityname": "南京市", "adcode": 320115, "adname": "江宁区", "gridcode": 4718667402.0, "distance": 1801, "business_a": [ ], "timestamp": "2022-07-21T00:00:00", "biz_ext": { "rating": [ ], "cost": [ ] }, "行业大": "交通设施服务", "行业中": "地铁站", "行业小": "地铁站", "total_time": 4.0 }, "geometry": { "type": "Point", "coordinates": [ 118.805381234794567, 31.895252346494118 ] } },
{ "type": "Feature", "properties": { "id": "90a3abd6-82a1-3d66-807b-6358d2c91791", "name": "丁家庄南(地铁站)", "type": "交通设施服务;地铁站;地铁站", "typecode": "150500", "typecode_X": 0.0, "typecode_Y": 0.0, "address": "7号线", "location_X": 118.859908, "location_Y": 32.107659, "tel": [ ], "pcode": 320000, "pname": "江苏省", "citycode": 25, "cityname": "南京市", "adcode": 320113, "adname": "栖霞区", "gridcode": 4818162822.0, "distance": 693, "business_a": [ ], "timestamp": "2022-12-27T00:00:00", "biz_ext": { "rating": [ ], "cost": [ ] }, "行业大": "交通设施服务", "行业中": "地铁站", "行业小": "地铁站", "total_time": 3.0 }, "geometry": { "type": "Point", "coordinates": [ 118.854845001391723, 32.109855355246097 ] } },
{ "type": "Feature", "properties": { "id": "288cdb0d-f347-3864-a135-d5e9db2a59a0", "name": "大士茶亭(地铁站)", "type": "交通设施服务;地铁站;地铁站", "typecode": "150500", "typecode_X": 0.0, "typecode_Y": 0.0, "address": "(在建)7号线南段", "location_X": 118.757395, "location_Y": 32.032244, "tel": [ ], "pcode": 320000, "pname": "江苏省", "citycode": 25, "cityname": "南京市", "adcode": 320105, "adname": "建邺区", "gridcode": 4818063021.0, "distance": 488, "business_a": "汉中门", "timestamp": "2022-11-04T00:00:00", "biz_ext": { "rating": [ ], "cost": [ ] }, "行业大": "交通设施服务", "行业中": "地铁站", "行业小": "地铁站", "total_time": 2.0 }, "geometry": { "type": "Point", "coordinates": [ 118.752172503948131, 32.03427625202427 ] } },
{ "type": "Feature", "properties": { "id": "0d50c0e3-bc4f-39d1-9d94-9b86a1afc6db", "name": "南湖(地铁站)", "type": "交通设施服务;地铁站;地铁站", "typecode": "150500", "typecode_X": 0.0, "typecode_Y": 0.0, "address": "(在建)7号线南段", "location_X": 118.75473, "location_Y": 32.024423, "tel": [ ], "pcode": 320000, "pname": "江苏省", "citycode": 25, "cityname": "南京市", "adcode": 320105, "adname": "建邺区", "gridcode": 4818062021.0, "distance": 429, "business_a": "南苑", "timestamp": "2022-11-04T00:00:00", "biz_ext": { "rating": [ ], "cost": [ ] }, "行业大": "交通设施服务", "行业中": "地铁站", "行业小": "地铁站", "total_time": 2.0 }, "geometry": { "type": "Point", "coordinates": [ 118.74950766414041, 32.026452900573055 ] } },
{ "type": "Feature", "properties": { "id": "8193bcd9-106f-30d8-a75e-e9c1319aeeb2", "name": "三山街(地铁站)", "type": "交通设施服务;地铁站;地铁站", "typecode": "150500", "typecode_X": 0.0, "typecode_Y": 0.0, "address": "(在建)5号线;1号线", "location_X": 118.781583, "location_Y": 32.023021, "tel": [ ], "pcode": 320000, "pname": "江苏省", "citycode": 25, "cityname": "南京市", "adcode": 320104, "adname": "秦淮区", "gridcode": 4818062221.0, "distance": 607, "business_a": "升州路", "timestamp": "2023-03-25T00:00:00", "biz_ext": { "rating": [ ], "cost": [ ] }, "行业大": "交通设施服务", "行业中": "地铁站", "行业小": "地铁站", "total_time": 22.0 }, "geometry": { "type": "Point", "coordinates": [ 118.776380029333751, 32.025068062680823 ] } },
{ "type": "Feature", "properties": { "id": "a78b33c6-176b-3b6c-86d3-d71098df3d9a", "name": "太清路(地铁站)", "type": "交通设施服务;地铁站;地铁站", "typecode": "150500", "typecode_X": 0.0, "typecode_Y": 0.0, "address": "(在建)7号线南段", "location_X": 118.703187, "location_Y": 31.966499, "tel": [ ], "pcode": 320000, "pname": "江苏省", "citycode": 25, "cityname": "南京市", "adcode": 320105, "adname": "建邺区", "gridcode": 4718755620.0, "distance": 171, "business_a": [ ], "timestamp": "2022-11-04T00:00:00", "biz_ext": { "rating": [ ], "cost": [ ] }, "行业大": "交通设施服务", "行业中": "地铁站", "行业小": "地铁站", "total_time": 3.0 }, "geometry": { "type": "Point", "coordinates": [ 118.698016878828625, 31.968554608151493 ] } },
{ "type": "Feature", "properties": { "id": "097d1651-f1ac-30a6-bd8b-48cd6e82b608", "name": "螺塘路(地铁站)", "type": "交通设施服务;地铁站;地铁站", "typecode": "150500", "typecode_X": 0.0, "typecode_Y": 0.0, "address": "(在建)7号线南段;2号线", "location_X": 118.701494, "location_Y": 31.960723, "tel": [ ], "pcode": 320000, "pname": "江苏省", "citycode": 25, "cityname": "南京市", "adcode": 320105, "adname": "建邺区", "gridcode": 4718755600.0, "distance": 751, "business_a": [ ], "timestamp": "2023-01-08T00:00:00", "biz_ext": { "rating": [ ], "cost": [ ] }, "行业大": "交通设施服务", "行业中": "地铁站", "行业小": "地铁站", "total_time": 7.0 }, "geometry": { "type": "Point", "coordinates": [ 118.696327516532335, 31.962779928017888 ] } },
{ "type": "Feature", "properties": { "id": "75709421-599b-3f18-8c52-8bd6b18839a5", "name": "天保街(地铁站)", "type": "交通设施服务;地铁站;地铁站", "typecode": "150500", "typecode_X": 0.0, "typecode_Y": 0.0, "address": "2号线", "location_X": 118.678564, "location_Y": 31.965968, "tel": [ ], "pcode": 320000, "pname": "江苏省", "citycode": 25, "cityname": "南京市", "adcode": 320105, "adname": "建邺区", "gridcode": 4718755420.0, "distance": 787, "business_a": [ ], "timestamp": "2023-02-07T00:00:00", "biz_ext": { "rating": [ ], "cost": [ ] }, "行业大": "交通设施服务", "行业中": "地铁站", "行业小": "地铁站", "total_time": 2.0 }, "geometry": { "type": "Point", "coordinates": [ 118.673444448516179, 31.968066771362174 ] } },
{ "type": "Feature", "properties": { "id": "de7657c8-21b5-3d96-ae90-24eca2fddc32", "name": "青莲街(地铁站)", "type": "交通设施服务;地铁站;地铁站", "typecode": "150500", "typecode_X": 0.0, "typecode_Y": 0.0, "address": "2号线", "location_X": 118.691716, "location_Y": 31.962351, "tel": [ ], "pcode": 320000, "pname": "江苏省", "citycode": 25, "cityname": "南京市", "adcode": 320105, "adname": "建邺区", "gridcode": 4718755511.0, "distance": 576, "business_a": [ ], "timestamp": "2023-02-09T00:00:00", "biz_ext": { "rating": [ ], "cost": [ ] }, "行业大": "交通设施服务", "行业中": "地铁站", "行业小": "地铁站", "total_time": 2.0 }, "geometry": { "type": "Point", "coordinates": [ 118.6865685739795, 31.964424722154288 ] } },
{ "type": "Feature", "properties": { "id": "2d0d4823-4b0b-3db1-ba9e-79d73663061f", "name": "鱼嘴(地铁站)", "type": "交通设施服务;地铁站;地铁站", "typecode": "150500", "typecode_X": 0.0, "typecode_Y": 0.0, "address": "2号线", "location_X": 118.669853, "location_Y": 31.96673, "tel": [ ], "pcode": 320000, "pname": "江苏省", "citycode": 25, "cityname": "南京市", "adcode": 320105, "adname": "建邺区", "gridcode": 4718756301.0, "distance": 1168, "business_a": [ ], "timestamp": "2022-11-07T00:00:00", "biz_ext": { "rating": [ ], "cost": [ ] }, "行业大": "交通设施服务", "行业中": "地铁站", "行业小": "地铁站", "total_time": 11.0 }, "geometry": { "type": "Point", "coordinates": [ 118.664752683242639, 31.968845588324481 ] } },
{ "type": "Feature", "properties": { "id": "052b9608-e25b-31eb-a73d-f09941a8203f", "name": "石门坎(地铁站)", "type": "交通设施服务;地铁站;地铁站", "typecode": "150500", "typecode_X": 0.0, "typecode_Y": 0.0, "address": "(在建)5号线;(规划)8号线", "location_X": 118.824821, "location_Y": 32.017514, "tel": [ ], "pcode": 320000, "pname": "江苏省", "citycode": 25, "cityname": "南京市", "adcode": 320104, "adname": "秦淮区", "gridcode": 4818062502.0, "distance": 581, "business_a": "光华路", "timestamp": "2022-11-09T00:00:00", "biz_ext": { "rating": [ ], "cost": [ ] }, "行业大": "交通设施服务", "行业中": "地铁站", "行业小": "地铁站", "total_time": 3.0 }, "geometry": { "type": "Point", "coordinates": [ 118.819696560931789, 32.019628788043633 ] } },
{ "type": "Feature", "properties": { "id": "62e6ded8-12a5-373e-92f8-4dfc74149491", "name": "钟阜路(地铁站)", "type": "交通设施服务;地铁站;地铁站", "typecode": "150500", "typecode_X": 0.0, "typecode_Y": 0.0, "address": "(在建)7号线南段;(在建)9号线", "location_X": 118.771912, "location_Y": 32.09222, "tel": [ ], "pcode": 320000, "pname": "江苏省", "citycode": 25, "cityname": "南京市", "adcode": 320106, "adname": "鼓楼区", "gridcode": 4818161102.0, "distance": 882, "business_a": "建宁路", "timestamp": "2022-11-06T00:00:00", "biz_ext": { "rating": [ ], "cost": [ ] }, "行业大": "交通设施服务", "行业中": "地铁站", "行业小": "地铁站", "total_time": 3.0 }, "geometry": { "type": "Point", "coordinates": [ 118.766692343278407, 32.094273103375698 ] } },
{ "type": "Feature", "properties": { "id": "2bb7159a-c9d4-3e8d-a15f-1fc23f614918", "name": "东山(地铁站)", "type": "交通设施服务;地铁站;地铁站", "typecode": "150500", "typecode_X": 0.0, "typecode_Y": 0.0, "address": "(规划)12号线", "location_X": 118.845586, "location_Y": 31.94268, "tel": [ ], "pcode": 320000, "pname": "江苏省", "citycode": 25, "cityname": "南京市", "adcode": 320115, "adname": "江宁区", "gridcode": 4718763701.0, "distance": 312, "business_a": "竹山路沿线", "timestamp": "2022-07-21T00:00:00", "biz_ext": { "rating": [ ], "cost": [ ] }, "行业大": "交通设施服务", "行业中": "地铁站", "行业小": "地铁站", "total_time": 10.0 }, "geometry": { "type": "Point", "coordinates": [ 118.840511717178799, 31.944815970469548 ] } }
]
}
