{
"type": "FeatureCollection",
"name": "nanjing-boundary",
"crs": { "type": "name", "properties": { "name": "urn:ogc:def:crs:OGC:1.3:CRS84" } },
"features": [
{ "type": "Feature", "properties": { "gml_id": "layer_city_boundary_pg.88", "Name": "马鞍山市", "layer": "市", "code": "340500000000", "grade": 2 }, "geometry": { "type": "MultiPolygon", "coordinates": [ [ [ [ 118.880832618529695, 31.520683932910803 ], [ 118.88082898, 31.52059237 ], [ 118.88081199, 31.52036739 ], [ 118.88080302811467, 31.520142116713355 ], [ 118.880811986021996, 31.520367386966399 ], [ 118.880832618529695, 31.520683932910803 ] ] ], [ [ [ 118.880788214118581, 31.519771584195436 ], [ 118.88078503, 31.51969146 ], [ 118.88076804, 31.51946647 ], [ 118.880738232188321, 31.518923295249706 ], [ 118.880768036280003, 31.5194664734607 ], [ 118.880788214118581, 31.519771584195436 ] ] ], [ [ [ 118.880729576718522, 31.518694616222103 ], [ 118.88072509, 31.51856756 ], [ 118.88071796543062, 31.518478510798886 ], [ 118.880725086946995, 31.5185675612992 ], [ 118.880729576718522, 31.518694616222103 ] ] ], [ [ [ 118.880700220337729, 31.518148042872291 ], [ 118.88069911, 31.5181166 ], [ 118.88068112, 31.51789262 ], [ 118.88068114, 31.51766765 ], [ 118.88066415, 31.51744167 ], [ 118.88065516, 31.51721569 ], [ 118.880632595687644, 31.516851449692059 ], [ 118.880664145430003, 31.517441667875801 ], [ 118.880681136937, 31.517667649540599 ], [ 118.88068111698, 31.517892620061598 ], [ 118.880700220337729, 31.518148042872291 ] ] ], [ [ [ 118.880627114493223, 31.516708240956554 ], [ 118.8806212, 31.51654076 ], [ 118.88061221, 31.51631478 ], [ 118.880609172739611, 31.516288789812489 ], [ 118.880627114493223, 31.516708240956554 ] ] ], [ [ [ 118.880456628377232, 31.515108804433485 ], [ 118.88037821, 31.51452686 ], [ 118.88031721, 31.51407788 ], [ 118.880272412129642, 31.513749675572981 ], [ 118.880456628377232, 31.515108804433485 ] ] ], [ [ [ 118.88021634795561, 31.513338882511391 ], [ 118.8801952, 31.51318392 ], [ 118.8801352, 31.51273694 ], [ 118.880103597225755, 31.512504371346015 ], [ 118.880195199206995, 31.5131839216691 ], [ 118.88021634795561, 31.513338882511391 ] ] ], [ [ [ 118.880015495222011, 31.511856909399292 ], [ 118.88001319, 31.51183998 ], [ 118.87995219, 31.511393 ], [ 118.879919139990335, 31.511145727989732 ], [ 118.880015495222011, 31.511856909399292 ] ] ], [ [ [ 118.879845398297206, 31.510601225155494 ], [ 118.87977018, 31.51005006 ], [ 118.879713919393723, 31.509637875672919 ], [ 118.879770175066, 31.5100500616627 ], [ 118.879845398297206, 31.510601225155494 ] ] ], [ [ [ 118.87970223545878, 31.509551188828073 ], [ 118.87964917, 31.5091541 ], [ 118.8796097586809, 31.508865359278698 ], [ 118.879649167031999, 31.509154103029999 ], [ 118.87970223545878, 31.509551188828073 ] ] ], [ [ [ 118.879565313467154, 31.508539711094301 ], [ 118.87952716, 31.50826014 ], [ 118.879489497852063, 31.507982979679113 ], [ 118.879527157430005, 31.508260143845298 ], [ 118.879565313467154, 31.508539711094301 ] ] ], [ [ [ 118.87943070594828, 31.507546528802578 ], [ 118.87940615, 31.50736319 ], [ 118.879387958656594, 31.50723021220405 ], [ 118.879406148162005, 31.507363186240902 ], [ 118.87943070594828, 31.507546528802578 ] ] ], [ [ [ 118.879270954916976, 31.506437977853782 ], [ 118.87921513, 31.50602024 ], [ 118.879144624183766, 31.505503691978685 ], [ 118.879215125727995, 31.506020243445398 ], [ 118.879270954916976, 31.506437977853782 ] ] ], [ [ [ 118.879051082840533, 31.504816956326938 ], [ 118.87903211, 31.50467731 ], [ 118.879003180075202, 31.50446182761727 ], [ 118.879032107688005, 31.504677307362002 ], [ 118.879051082840533, 31.504816956326938 ] ] ], [ [ [ 118.878953163231472, 31.504091570052548 ], [ 118.8789111, 31.50378335 ], [ 118.878832564811631, 31.503202837864617 ], [ 118.878911095470002, 31.503783351058502 ], [ 118.878953163231472, 31.504091570052548 ] ] ], [ [ [ 118.878761267183592, 31.502675272906902 ], [ 118.87872908, 31.50243942 ], [ 118.8787200384388, 31.502372445472588 ], [ 118.878729075799001, 31.502439417520598 ], [ 118.878761267183592, 31.502675272906902 ] ] ], [ [ [ 118.878680660019057, 31.502084284188964 ], [ 118.87866807, 31.50199244 ], [ 118.87859906, 31.50154346 ], [ 118.878470151893737, 31.500598809589345 ], [ 118.878599055170994, 31.501543455922501 ], [ 118.878680660019057, 31.502084284188964 ] ] ], [ [ [ 118.878319745381972, 31.499490177943667 ], [ 118.87820801, 31.49863361 ], [ 118.878185302994012, 31.498561593920972 ], [ 118.878208007672001, 31.498633606961999 ], [ 118.878319745381972, 31.499490177943667 ] ] ], [ [ [ 118.877957928862585, 31.497810269837515 ], [ 118.87791286, 31.49764853 ], [ 118.87777479, 31.4972125 ], [ 118.87764372, 31.49677846 ], [ 118.877624885892786, 31.496717892959399 ], [ 118.877774787472006, 31.497212495382499 ], [ 118.877912860045001, 31.497648534070901 ], [ 118.877957928862585, 31.497810269837515 ] ] ], [ [ [ 118.877321111228525, 31.495735192021222 ], [ 118.87730554, 31.49568637 ], [ 118.87717547, 31.49524833 ], [ 118.8770454, 31.4948143 ], [ 118.876991836386665, 31.494646368752079 ], [ 118.877045398641997, 31.494814298293701 ], [ 118.877305538502, 31.495686367373398 ], [ 118.877321111228525, 31.495735192021222 ] ] ], [ [ [ 118.876888652224551, 31.494314855179752 ], [ 118.87684529, 31.49415924 ], [ 118.876669436617249, 31.493588893607598 ], [ 118.876845287654007, 31.494159241563001 ], [ 118.876888652224551, 31.494314855179752 ] ] ], [ [ [ 118.876438728788315, 31.492808964402091 ], [ 118.87638603, 31.49263311 ], [ 118.87624695, 31.49219707 ], [ 118.876133894644909, 31.491816359915855 ], [ 118.876246945765004, 31.4921970669063 ], [ 118.876438728788315, 31.492808964402091 ] ] ], [ [ [ 118.875842647048188, 31.490873044784571 ], [ 118.87577767, 31.49066892 ], [ 118.87561357, 31.49010088 ], [ 118.875611483937035, 31.490093907546417 ], [ 118.875777665878005, 31.4906689223298 ], [ 118.875842647048188, 31.490873044784571 ] ] ], [ [ [ 118.875409630020002, 31.489434330119664 ], [ 118.87522233, 31.48882275 ], [ 118.87508324, 31.4883847 ], [ 118.875014252260669, 31.488153464594834 ], [ 118.875083236468996, 31.4883847028965 ], [ 118.875409630020002, 31.489434330119664 ] ] ], [ [ [ 118.874618449773294, 31.486813101492167 ], [ 118.87449386, 31.48642251 ], [ 118.87445386032978, 31.486297446077486 ], [ 118.874493858061996, 31.486422512133 ], [ 118.874618449773294, 31.486813101492167 ] ] ], [ [ [ 118.874392023093577, 31.486096934952762 ], [ 118.87429373, 31.48576744 ], [ 118.87416364, 31.4853334 ], [ 118.874126523470608, 31.485216513618237 ], [ 118.874392023093577, 31.486096934952762 ] ] ], [ [ [ 118.873976325527295, 31.484733726992474 ], [ 118.87389446, 31.4844593 ], [ 118.87376437, 31.48402526 ], [ 118.87369532, 31.48380323 ], [ 118.87355622, 31.48336918 ], [ 118.87343514, 31.48293314 ], [ 118.87330505, 31.4824971 ], [ 118.873106284487946, 31.481861066519023 ], [ 118.873556219964001, 31.483369181110799 ], [ 118.873976325527295, 31.484733726992474 ] ] ], [ [ [ 118.872801680550509, 31.480897901685282 ], [ 118.87280168, 31.4808979 ], [ 118.872763639462434, 31.480814497773089 ], [ 118.872801680550509, 31.480897901685282 ] ] ], [ [ [ 118.872221887182405, 31.479649180466243 ], [ 118.872219191263838, 31.479643562633637 ], [ 118.872219191469, 31.479643563085801 ], [ 118.872221887182405, 31.479649180466243 ] ] ], [ [ [ 118.872209732567512, 31.479622715950107 ], [ 118.87202903, 31.47922445 ], [ 118.871926186494818, 31.479016905502938 ], [ 118.872029029439005, 31.479224451664798 ], [ 118.872209732567512, 31.479622715950107 ] ] ], [ [ [ 118.87192493980551, 31.479014389573617 ], [ 118.871913851411577, 31.478990079443019 ], [ 118.871924938413002, 31.479014386763399 ], [ 118.87192493980551, 31.479014389573617 ] ] ], [ [ [ 118.871658068482873, 31.47842969372185 ], [ 118.87135144, 31.47775804 ], [ 118.871286345194974, 31.477626055749312 ], [ 118.871351437810006, 31.477758041415001 ], [ 118.871658068482873, 31.47842969372185 ] ] ], [ [ [ 118.870721521049717, 31.47641272865858 ], [ 118.87066582, 31.47629061 ], [ 118.870632056281025, 31.476216378818076 ], [ 118.870665818972, 31.4762906100799 ], [ 118.870721521049717, 31.47641272865858 ] ] ], [ [ [ 118.870409360530843, 31.475738090849699 ], [ 118.87037155, 31.47566142 ], [ 118.870233219469412, 31.475358884371548 ], [ 118.870371547570997, 31.4756614207726 ], [ 118.870409360530843, 31.475738090849699 ] ] ], [ [ [ 118.870060862871455, 31.474981300717712 ], [ 118.86998919, 31.47482417 ], [ 118.869920739218855, 31.474680137790063 ], [ 118.869989191569005, 31.474824174834801 ], [ 118.870060862871455, 31.474981300717712 ] ] ], [ [ [ 118.869546099521372, 31.473869897059384 ], [ 118.86950373, 31.47377585 ], [ 118.86931255, 31.47335673 ], [ 118.869164564492635, 31.473047645783986 ], [ 118.869546099521372, 31.473869897059384 ] ] ], [ [ [ 118.868453296475792, 31.471510914851887 ], [ 118.8679582, 31.47042579 ], [ 118.867759, 31.47000665 ], [ 118.8675678, 31.46958851 ], [ 118.867491525505997, 31.469428027637587 ], [ 118.868453296475792, 31.471510914851887 ] ] ], [ [ [ 118.866917654685636, 31.468198995218305 ], [ 118.86669088, 31.46770187 ], [ 118.866608443483074, 31.467520649216731 ], [ 118.866690877229999, 31.4677018706493 ], [ 118.866917654685636, 31.468198995218305 ] ] ], [ [ [ 118.866099281716131, 31.466431330531783 ], [ 118.86600614, 31.46623535 ], [ 118.86555272706542, 31.465241018210815 ], [ 118.866006136720998, 31.466235354147098 ], [ 118.866099281716131, 31.466431330531783 ] ] ], [ [ [ 118.865487286060599, 31.465025623528351 ], [ 118.86544153, 31.46484695 ], [ 118.865373896745083, 31.46458323352272 ], [ 118.865441529074005, 31.4648469546316 ], [ 118.865487286060599, 31.465025623528351 ] ] ], [ [ [ 118.865006481812813, 31.463096541173417 ], [ 118.86484296, 31.46242271 ], [ 118.864654142213311, 31.461687478605743 ], [ 118.864842956605997, 31.462422713296601 ], [ 118.865006481812813, 31.463096541173417 ] ] ], [ [ [ 118.864240626730179, 31.460018996569232 ], [ 118.86413126, 31.45955842 ], [ 118.864116074116353, 31.459502711902545 ], [ 118.864131257656993, 31.459558418038402 ], [ 118.864240626730179, 31.460018996569232 ] ] ], [ [ [ 118.863607771151962, 31.457450837471974 ], [ 118.86353166, 31.45713217 ], [ 118.863452323606595, 31.456820789515525 ], [ 118.863531656068005, 31.457132168151301 ], [ 118.863607771151962, 31.457450837471974 ] ] ], [ [ [ 118.863398123012146, 31.456614242276217 ], [ 118.86335848, 31.45647009 ], [ 118.863303187412299, 31.456236385742066 ], [ 118.863358476548001, 31.4564700873152 ], [ 118.863398123012146, 31.456614242276217 ] ] ], [ [ [ 118.863202778027343, 31.455811470522377 ], [ 118.86315027, 31.45558901 ], [ 118.8630355842851, 31.455142772968362 ], [ 118.863150266869994, 31.455589007456599 ], [ 118.863202778027343, 31.455811470522377 ] ] ], [ [ [ 118.862769937443304, 31.454068670328457 ], [ 118.86270781, 31.45382481 ], [ 118.862674994438905, 31.453685491995511 ], [ 118.862707806738001, 31.4538248138924 ], [ 118.862769937443304, 31.454068670328457 ] ] ], [ [ [ 118.862385308949698, 31.452535423609731 ], [ 118.8622213, 31.45183961 ], [ 118.86218171562841, 31.451696467108974 ], [ 118.862221297071997, 31.451839608655899 ], [ 118.862385308949698, 31.452535423609731 ] ] ], [ [ [ 118.861951379940464, 31.450768242810057 ], [ 118.861944, 31.45073648 ], [ 118.86183989, 31.45029644 ], [ 118.861833625354123, 31.450273971596765 ], [ 118.861951379940464, 31.450768242810057 ] ] ], [ [ [ 118.861660945123432, 31.449615380749137 ], [ 118.86161465, 31.44941734 ], [ 118.861563957733239, 31.449203691770645 ], [ 118.861614645596006, 31.4494173385478 ], [ 118.861660945123432, 31.449615380749137 ] ] ], [ [ [ 118.861407633676421, 31.448574366926906 ], [ 118.86139741, 31.44853424 ], [ 118.86128429, 31.44809419 ], [ 118.861232806788394, 31.44787462982632 ], [ 118.861407633676421, 31.448574366926906 ] ] ], [ [ [ 118.861229594984749, 31.44786103262501 ], [ 118.86112812, 31.44743213 ], [ 118.861091429433344, 31.447087998650549 ], [ 118.861128117977998, 31.447432128969599 ], [ 118.861229594984749, 31.44786103262501 ] ] ], [ [ [ 118.861095121371179, 31.446925951974265 ], [ 118.86113721, 31.44657033 ], [ 118.86118031, 31.44612149 ], [ 118.861186819173469, 31.446053551445754 ], [ 118.861095121371179, 31.446925951974265 ] ] ], [ [ [ 118.861247571477463, 31.445462187990337 ], [ 118.86124947, 31.44544573 ], [ 118.861252150161619, 31.445417942755984 ], [ 118.861249470057999, 31.445445727707 ], [ 118.861247571477463, 31.445462187990337 ] ] ], [ [ [ 118.861319212690134, 31.444769447179386 ], [ 118.86134469, 31.44455005 ], [ 118.861376236006748, 31.444228266424659 ], [ 118.861344687262005, 31.4445500526781 ], [ 118.861319212690134, 31.444769447179386 ] ] ], [ [ [ 118.861399103359275, 31.444011396779675 ], [ 118.86144091, 31.44365138 ], [ 118.861456515687493, 31.443510636011247 ], [ 118.861440905869003, 31.443651380387202 ], [ 118.861399103359275, 31.444011396779675 ] ] ], [ [ [ 118.861481225576355, 31.443270817738913 ], [ 118.86151007, 31.44297862 ], [ 118.86155317, 31.44252978 ], [ 118.86159627, 31.44207994 ], [ 118.861611472409052, 31.441948999734201 ], [ 118.861596268846, 31.442079938293599 ], [ 118.861481225576355, 31.443270817738913 ] ] ], [ [ [ 118.861664732530954, 31.441426427045982 ], [ 118.86166643, 31.44140518 ], [ 118.861669245564514, 31.441381037250231 ], [ 118.861666429403996, 31.4414051831127 ], [ 118.861664732530954, 31.441426427045982 ] ] ], [ [ [ 118.861738640358993, 31.440749075002792 ], [ 118.86176165, 31.44050951 ], [ 118.86180475, 31.44005967 ], [ 118.86184785, 31.43961083 ], [ 118.861869961252182, 31.439419958678467 ], [ 118.861738640358993, 31.440749075002792 ] ] ], [ [ [ 118.861909613675152, 31.439040706115449 ], [ 118.86191801, 31.43893608 ], [ 118.861947786914953, 31.438680179101365 ], [ 118.861918008138005, 31.438936075891899 ], [ 118.861909613675152, 31.439040706115449 ] ] ], [ [ [ 118.862030672161595, 31.437861826045921 ], [ 118.86205733, 31.43759057 ], [ 118.86210043, 31.43714073 ], [ 118.8621345, 31.43691482 ], [ 118.862250937756144, 31.435766760442437 ], [ 118.862100426862, 31.4371407280291 ], [ 118.862030672161595, 31.437861826045921 ] ] ], [ [ [ 118.862335452889369, 31.434959734637872 ], [ 118.86234297, 31.43489457 ], [ 118.86236414719049, 31.434679993678007 ], [ 118.862342969349996, 31.434894566736901 ], [ 118.862335452889369, 31.434959734637872 ] ] ], [ [ [ 118.862491603852177, 31.433389172034953 ], [ 118.86252539, 31.43309823 ], [ 118.862586799493727, 31.432490309837512 ], [ 118.862525385485995, 31.433098225912602 ], [ 118.862491603852177, 31.433389172034953 ] ] ], [ [ [ 118.862754852940952, 31.430818934269048 ], [ 118.86282907, 31.43017931 ], [ 118.862771977876392, 31.427329322306488 ], [ 118.862829069363997, 31.430179312819 ], [ 118.862754852940952, 31.430818934269048 ] ] ], [ [ [ 118.86275505104048, 31.426792466888028 ], [ 118.86275127, 31.42669206 ], [ 118.8627423, 31.42624016 ], [ 118.86273813703427, 31.42603113090761 ], [ 118.86275505104048, 31.426792466888028 ] ] ], [ [ [ 118.862852445652265, 31.425662796495079 ], [ 118.86301174, 31.42549369 ], [ 118.863108228997973, 31.425387501578282 ], [ 118.863011738368002, 31.425493687422001 ], [ 118.862852445652265, 31.425662796495079 ] ] ], [ [ [ 118.863447218769636, 31.425017208069111 ], [ 118.86367071, 31.4247837 ], [ 118.86391175589695, 31.424520121894112 ], [ 118.863670709530993, 31.4247836952187 ], [ 118.863447218769636, 31.425017208069111 ] ] ], [ [ [ 118.864521573714512, 31.423855571033705 ], [ 118.86464312, 31.42372516 ], [ 118.86428017602384, 31.423389105103563 ], [ 118.864643115744997, 31.423725162551602 ], [ 118.864521573714512, 31.423855571033705 ] ] ], [ [ [ 118.864174088317611, 31.42328968208551 ], [ 118.86403535, 31.42315655 ], [ 118.863703833721729, 31.422856050554632 ], [ 118.864035349564006, 31.423156554540899 ], [ 118.864174088317611, 31.42328968208551 ] ] ], [ [ [ 118.86359511243171, 31.422738792263985 ], [ 118.86335849, 31.42246588 ], [ 118.862612593982035, 31.421433421092008 ], [ 118.863358486042998, 31.422465879210002 ], [ 118.86359511243171, 31.422738792263985 ] ] ], [ [ [ 118.861773152369068, 31.42026548287663 ], [ 118.86156218, 31.41997319 ], [ 118.861491693261527, 31.419876400501291 ], [ 118.861562176129993, 31.419973191505601 ], [ 118.861773152369068, 31.42026548287663 ] ] ], [ [ [ 118.861226009849972, 31.419499997050693 ], [ 118.86115464, 31.4193978 ], [ 118.860709356100429, 31.418782890590411 ], [ 118.861154637769999, 31.419397799266701 ], [ 118.861226009849972, 31.419499997050693 ] ] ], [ [ [ 118.860462383820703, 31.418441812921579 ], [ 118.86032052, 31.41824598 ], [ 118.86004314, 31.4178637 ], [ 118.85976576, 31.41748042 ], [ 118.85963558, 31.41728729 ], [ 118.859602559471298, 31.417241946820599 ], [ 118.859765758158005, 31.417480419498801 ], [ 118.860043138527999, 31.417863698873902 ], [ 118.860462383820703, 31.418441812921579 ] ] ], [ [ [ 118.859287579335913, 31.416792639339754 ], [ 118.85922702, 31.41669488 ], [ 118.859075900626905, 31.41644405576363 ], [ 118.859227015978007, 31.416694881987901 ], [ 118.859287579335913, 31.416792639339754 ] ] ], [ [ [ 118.858741348983116, 31.415893418267515 ], [ 118.858734621527091, 31.415881956643883 ], [ 118.858741347280997, 31.415893415474901 ], [ 118.858741348983116, 31.415893418267515 ] ] ], [ [ [ 118.858332509120658, 31.415215604400885 ], [ 118.85825567, 31.41509294 ], [ 118.857676231904406, 31.414139745803912 ], [ 118.858255671094, 31.415092943198101 ], [ 118.858332509120658, 31.415215604400885 ] ] ], [ [ [ 118.857548168195223, 31.413929679892618 ], [ 118.85740447, 31.4136951 ], [ 118.857311736877307, 31.413537116537633 ], [ 118.857404467991998, 31.413695101118702 ], [ 118.857548168195223, 31.413929679892618 ] ] ], [ [ [ 118.856520075523093, 31.412234319495361 ], [ 118.85643307, 31.41209612 ], [ 118.856303589323076, 31.411882633306984 ], [ 118.856433068539999, 31.412096121266998 ], [ 118.856520075523093, 31.412234319495361 ] ] ], [ [ [ 118.855123868767478, 31.409928328907945 ], [ 118.85510411, 31.40989575 ], [ 118.854974938730507, 31.409690585656097 ], [ 118.855104110092, 31.409895750972801 ], [ 118.855123868767478, 31.409928328907945 ] ] ], [ [ [ 118.854304664234647, 31.408580093507702 ], [ 118.85413265, 31.40829672 ], [ 118.853967703405417, 31.4080261284257 ], [ 118.854132645697007, 31.408296723376601 ], [ 118.854304664234647, 31.408580093507702 ] ] ], [ [ [ 118.853821471829576, 31.407784371667034 ], [ 118.85376809, 31.40769533 ], [ 118.853394034278764, 31.40708279819102 ], [ 118.853768089488995, 31.407695333153899 ], [ 118.853821471829576, 31.407784371667034 ] ] ], [ [ [ 118.853193797626929, 31.40675282077353 ], [ 118.85303897, 31.40649754 ], [ 118.85279559, 31.40609828 ], [ 118.85230983, 31.40529774 ], [ 118.852127531013579, 31.404987193128267 ], [ 118.853193797626929, 31.40675282077353 ] ] ], [ [ [ 118.852042946617232, 31.404844258997514 ], [ 118.85195427, 31.40469635 ], [ 118.851758462340158, 31.40439938283793 ], [ 118.851954269325006, 31.404696354710001 ], [ 118.852042946617232, 31.404844258997514 ] ] ], [ [ [ 118.851622121971189, 31.404194819005074 ], [ 118.85144145, 31.40392576 ], [ 118.85130323, 31.4037306 ], [ 118.85104281, 31.4033423 ], [ 118.850967473667666, 31.403233724418907 ], [ 118.851303226197004, 31.403730599115001 ], [ 118.851622121971189, 31.404194819005074 ] ] ], [ [ [ 118.850408148819213, 31.402420290983301 ], [ 118.85024451, 31.40217535 ], [ 118.84998408, 31.40178704 ], [ 118.849936577692219, 31.401718052792418 ], [ 118.850408148819213, 31.402420290983301 ] ] ], [ [ [ 118.849514767482503, 31.401107668443377 ], [ 118.84944519, 31.40100739 ], [ 118.849115387242549, 31.400514713360458 ], [ 118.849445187783004, 31.401007390228401 ], [ 118.849514767482503, 31.401107668443377 ] ] ], [ [ [ 118.848779096857314, 31.399986456761962 ], [ 118.84871698, 31.39988352 ], [ 118.848449559920084, 31.399346317558937 ], [ 118.848716979193995, 31.3998835233952 ], [ 118.848779096857314, 31.399986456761962 ] ] ], [ [ [ 118.848243822209525, 31.398909694994451 ], [ 118.84821316, 31.39884199 ], [ 118.84806305006434, 31.398344442631835 ], [ 118.848213159161006, 31.398841992094098 ], [ 118.848243822209525, 31.398909694994451 ] ] ], [ [ [ 118.847259735586746, 31.396460100545454 ], [ 118.8468239, 31.3956486 ], [ 118.84613771, 31.39467673 ], [ 118.845829728472125, 31.394421448796379 ], [ 118.846823896746002, 31.395648599654699 ], [ 118.847259735586746, 31.396460100545454 ] ] ], [ [ [ 118.844500683272642, 31.39411512831915 ], [ 118.84450068, 31.39411513 ], [ 118.84418969222807, 31.394629296597767 ], [ 118.844500683272642, 31.39411512831915 ] ] ], [ [ [ 118.843026498660066, 31.396056271138033 ], [ 118.84288342, 31.39609279 ], [ 118.842674287105027, 31.396083200577799 ], [ 118.842883417945998, 31.3960927922531 ], [ 118.843026498660066, 31.396056271138033 ] ] ], [ [ [ 118.84205983636916, 31.395818323502148 ], [ 118.84200675, 31.39577436 ], [ 118.841850299345481, 31.395641055814735 ], [ 118.842006750579998, 31.3957743616469 ], [ 118.84205983636916, 31.395818323502148 ] ] ], [ [ [ 118.841556103919913, 31.395392562023858 ], [ 118.84125234, 31.39514222 ], [ 118.841063991810657, 31.394983683149398 ], [ 118.841252336696996, 31.395142223075499 ], [ 118.841556103919913, 31.395392562023858 ] ] ], [ [ [ 118.840739509050408, 31.394706896240532 ], [ 118.84069629, 31.39466938 ], [ 118.84031457, 31.3943548 ], [ 118.840004252985395, 31.394093590978876 ], [ 118.840314566014001, 31.394354797731999 ], [ 118.840739509050408, 31.394706896240532 ] ] ], [ [ [ 118.838734207832147, 31.393020205926707 ], [ 118.83863035, 31.39293321 ], [ 118.838583374103649, 31.392893563059353 ], [ 118.838630351725001, 31.392933212597299 ], [ 118.838734207832147, 31.393020205926707 ] ] ], [ [ [ 118.837756407971526, 31.392198031574342 ], [ 118.83769355, 31.39214576 ], [ 118.837504470327175, 31.391985593990249 ], [ 118.837693545484001, 31.392145759643402 ], [ 118.837756407971526, 31.392198031574342 ] ] ], [ [ [ 118.836745888599438, 31.391343613649685 ], [ 118.83657337, 31.39119701 ], [ 118.83619163, 31.39088241 ], [ 118.835793236864802, 31.390546880742246 ], [ 118.836191625018003, 31.3908824113721 ], [ 118.836745888599438, 31.391343613649685 ] ] ], [ [ [ 118.834941458354777, 31.389832218826299 ], [ 118.83482895, 31.38973726 ], [ 118.834737559302866, 31.389660333261055 ], [ 118.834828951103006, 31.389737262063601 ], [ 118.834941458354777, 31.389832218826299 ] ] ], [ [ [ 118.834241806669013, 31.389246798822629 ], [ 118.8338911, 31.38894977 ], [ 118.833547230088243, 31.38836540460462 ], [ 118.833891098639995, 31.388949773490001 ], [ 118.834241806669013, 31.389246798822629 ] ] ], [ [ [ 118.832989413655085, 31.387569902336786 ], [ 118.83280099, 31.38738822 ], [ 118.830735867461087, 31.386376345037949 ], [ 118.832800991569002, 31.387388223967299 ], [ 118.832989413655085, 31.387569902336786 ] ] ], [ [ [ 118.827781556474221, 31.385640044423077 ], [ 118.82720757, 31.38528148 ], [ 118.82390874, 31.38366475 ], [ 118.81905659, 31.38241699 ], [ 118.81787618, 31.38160802 ], [ 118.81429901, 31.37796845 ], [ 118.812123544927147, 31.376583716090153 ], [ 118.814299008804994, 31.3779684548905 ], [ 118.817876178608003, 31.381608021938401 ], [ 118.819056593951998, 31.382416992981099 ], [ 118.823908741064997, 31.383664752890699 ], [ 118.827781556474221, 31.385640044423077 ] ] ], [ [ [ 118.811592450673714, 31.376280423456507 ], [ 118.80867373, 31.37463218 ], [ 118.807552984081312, 31.37413582233188 ], [ 118.808673732580999, 31.374632184319001 ], [ 118.811592450673714, 31.376280423456507 ] ] ], [ [ [ 118.79975870416267, 31.371986182718768 ], [ 118.79922049, 31.3718516 ], [ 118.798621187230466, 31.371805237943196 ], [ 118.799220489296999, 31.3718516012894 ], [ 118.79975870416267, 31.371986182718768 ] ] ], [ [ [ 118.79483276600331, 31.371030544841126 ], [ 118.79426254, 31.37100883 ], [ 118.7931674078513, 31.371023834669437 ], [ 118.794262540896995, 31.3710088339094 ], [ 118.79483276600331, 31.371030544841126 ] ] ], [ [ [ 118.78984915381811, 31.371155633717649 ], [ 118.78870611, 31.37121938 ], [ 118.78748627129184, 31.371303584265519 ], [ 118.788706108911001, 31.371219382562 ], [ 118.78984915381811, 31.371155633717649 ] ] ], [ [ [ 118.784476143053794, 31.371287152951307 ], [ 118.78207301, 31.3710834 ], [ 118.781284080927506, 31.370958647987838 ], [ 118.782073014293999, 31.371083403768001 ], [ 118.784476143053794, 31.371287152951307 ] ] ], [ [ [ 118.779344529562138, 31.370601539372178 ], [ 118.77824489, 31.37019302 ], [ 118.77729316029145, 31.369757828046609 ], [ 118.778244889562998, 31.370193024885999 ], [ 118.779344529562138, 31.370601539372178 ] ] ], [ [ [ 118.775898584739323, 31.36917365404047 ], [ 118.77560569, 31.36906042 ], [ 118.774893890834193, 31.368853532008487 ], [ 118.775605692518994, 31.369060422300102 ], [ 118.775898584739323, 31.36917365404047 ] ] ], [ [ [ 118.773020171561114, 31.368338010416075 ], [ 118.77083848, 31.36775304 ], [ 118.770117237108963, 31.367518329412096 ], [ 118.770838484414, 31.367753043422798 ], [ 118.773020171561114, 31.368338010416075 ] ] ], [ [ [ 118.76844734404699, 31.366905914355122 ], [ 118.76800782, 31.36669988 ], [ 118.767527698301564, 31.366320339493061 ], [ 118.768007819728993, 31.3666998834846 ], [ 118.76844734404699, 31.366905914355122 ] ] ], [ [ [ 118.766618195366604, 31.365454715168585 ], [ 118.7661243, 31.36513687 ], [ 118.765392825256214, 31.365088217304869 ], [ 118.766124296537996, 31.365136872169099 ], [ 118.766618195366604, 31.365454715168585 ] ] ], [ [ [ 118.764772563340145, 31.36509050783814 ], [ 118.76353622, 31.36540491 ], [ 118.76242536, 31.36599799 ], [ 118.76213008, 31.36683554 ], [ 118.762222613444465, 31.36767394263536 ], [ 118.762130083298004, 31.3668355389716 ], [ 118.762425362840006, 31.365997992398501 ], [ 118.763536215990001, 31.365404913255201 ], [ 118.764772563340145, 31.36509050783814 ] ] ], [ [ [ 118.762243069854705, 31.367859288683619 ], [ 118.76224307, 31.36785929 ], [ 118.762300111746441, 31.368010718483173 ], [ 118.762243069854705, 31.367859288683619 ] ] ], [ [ [ 118.763628661745983, 31.371056308968292 ], [ 118.76442223, 31.37271223 ], [ 118.765335183710576, 31.37580575016657 ], [ 118.764422231794995, 31.372712227800701 ], [ 118.763628661745983, 31.371056308968292 ] ] ], [ [ [ 118.765472750172989, 31.37627189183409 ], [ 118.765546352883689, 31.377052226037776 ], [ 118.765472751084999, 31.3762718949244 ], [ 118.765472750172989, 31.37627189183409 ] ] ], [ [ [ 118.765332384983438, 31.380686861410975 ], [ 118.765186060580433, 31.381337147420528 ], [ 118.765186061311994, 31.381337146528399 ], [ 118.765332384983438, 31.380686861410975 ] ] ], [ [ [ 118.764393625448335, 31.382303502505323 ], [ 118.76350157, 31.38339134 ], [ 118.7629486793561, 31.383974614909906 ], [ 118.763501570326994, 31.383391341708201 ], [ 118.764393625448335, 31.382303502505323 ] ] ], [ [ [ 118.762206230795485, 31.384828516178089 ], [ 118.76157499, 31.38588436 ], [ 118.76090641, 31.38753648 ], [ 118.760245780321085, 31.389949398827284 ], [ 118.760906410371007, 31.387536480112701 ], [ 118.761574993105, 31.385884364330501 ], [ 118.762206230795485, 31.384828516178089 ] ] ], [ [ [ 118.756358109834949, 31.389183479469786 ], [ 118.75621775, 31.38914367 ], [ 118.756196454206815, 31.389137919265796 ], [ 118.756217746263999, 31.389143669424001 ], [ 118.756358109834949, 31.389183479469786 ] ] ], [ [ [ 118.755390071499221, 31.388914237569047 ], [ 118.75496726, 31.38879628 ], [ 118.75471517, 31.38872621 ], [ 118.754336384635636, 31.388621648557155 ], [ 118.755390071499221, 31.388914237569047 ] ] ], [ [ [ 118.753769882788575, 31.388465071574846 ], [ 118.75336574, 31.38835287 ], [ 118.751971066860463, 31.388080934346167 ], [ 118.753365739950993, 31.388352871570898 ], [ 118.753769882788575, 31.388465071574846 ] ] ], [ [ [ 118.741477531065442, 31.375869015105504 ], [ 118.740583461538847, 31.374700122011866 ], [ 118.740583462402, 31.374700124262599 ], [ 118.741477531065442, 31.375869015105504 ] ] ], [ [ [ 118.719795537507665, 31.330124962484582 ], [ 118.71872001, 31.32755962 ], [ 118.718698082197434, 31.327526481943757 ], [ 118.718720007190001, 31.327559622158301 ], [ 118.719795537507665, 31.330124962484582 ] ] ], [ [ [ 118.718375275130185, 31.327025703584955 ], [ 118.71829256, 31.32690128 ], [ 118.718272002933659, 31.326869375217409 ], [ 118.718292557292997, 31.3269012767691 ], [ 118.718375275130185, 31.327025703584955 ] ] ], [ [ [ 118.71782627045171, 31.326186683219287 ], [ 118.7176504, 31.32592027 ], [ 118.71752057, 31.32572447 ], [ 118.717402679639463, 31.325546910816986 ], [ 118.71782627045171, 31.326186683219287 ] ] ], [ [ [ 118.717192012848557, 31.325230776460018 ], [ 118.71712909, 31.32513708 ], [ 118.716920762390501, 31.325034039102459 ], [ 118.717129086753999, 31.325137081254098 ], [ 118.717192012848557, 31.325230776460018 ] ] ], [ [ [ 118.716680740772759, 31.324961033167394 ], [ 118.71656479, 31.32494273 ], [ 118.715948567856842, 31.324713459874662 ], [ 118.716564787197996, 31.324942731484199 ], [ 118.716680740772759, 31.324961033167394 ] ] ], [ [ [ 118.379606297044518, 32.059973758855833 ], [ 118.3796063, 32.05997376 ], [ 118.380043441371498, 32.059163836786027 ], [ 118.379606297044518, 32.059973758855833 ] ] ], [ [ [ 118.380597467579889, 32.058109892061353 ], [ 118.38075194, 32.05781448 ], [ 118.38114283, 32.05706105 ], [ 118.382206189702615, 32.055970607199356 ], [ 118.381142827448997, 32.057061051284599 ], [ 118.380597467579889, 32.058109892061353 ] ] ], [ [ [ 118.383013595086368, 32.055555096439825 ], [ 118.38455474, 32.0551266 ], [ 118.38655225, 32.05504462 ], [ 118.3871952, 32.05432818 ], [ 118.38780319, 32.05345574 ], [ 118.387993870747422, 32.053003506987586 ], [ 118.387195197802001, 32.054328179264601 ], [ 118.386552249204996, 32.055044615178502 ], [ 118.384554736951998, 32.055126598802602 ], [ 118.383013595086368, 32.055555096439825 ] ] ], [ [ [ 118.388407451883054, 32.051882780308226 ], [ 118.38850628, 32.05158105 ], [ 118.388572107475994, 32.051428844851323 ], [ 118.388506276200005, 32.051581054882703 ], [ 118.388407451883054, 32.051882780308226 ] ] ], [ [ [ 118.386568827882115, 32.04711197853608 ], [ 118.38633506, 32.0469719 ], [ 118.386061566795888, 32.046841252030781 ], [ 118.386335060478004, 32.046971900985803 ], [ 118.386568827882115, 32.04711197853608 ] ] ], [ [ [ 118.385347321935214, 32.046499274987184 ], [ 118.38518039, 32.04641732 ], [ 118.384358515565097, 32.045932682137419 ], [ 118.385180388541997, 32.046417324388699 ], [ 118.385347321935214, 32.046499274987184 ] ] ], [ [ [ 118.38326244620356, 32.045261767501053 ], [ 118.38313115, 32.04518215 ], [ 118.3826714, 32.04437524 ], [ 118.382585409275535, 32.04423239486978 ], [ 118.38326244620356, 32.045261767501053 ] ] ], [ [ [ 118.382344121926494, 32.043467823245763 ], [ 118.38228066, 32.04322022 ], [ 118.38214976, 32.04273019 ], [ 118.38193302, 32.04094192 ], [ 118.38169821, 32.03995884 ], [ 118.381756192764385, 32.039802326707658 ], [ 118.382344121926494, 32.043467823245763 ] ] ], [ [ [ 118.381559956064265, 32.038734257556534 ], [ 118.38128156, 32.03818971 ], [ 118.3811167, 32.03747866 ], [ 118.380732255519135, 32.036262178474935 ], [ 118.381559956064265, 32.038734257556534 ] ] ], [ [ [ 118.380556697811031, 32.035461614927115 ], [ 118.38049223, 32.03498251 ], [ 118.380578247182342, 32.034211219281943 ], [ 118.380492226369, 32.034982509838102 ], [ 118.380556697811031, 32.035461614927115 ] ] ], [ [ [ 118.380667667779619, 32.033574785160233 ], [ 118.38078729, 32.03286583 ], [ 118.381013749956409, 32.032334258980967 ], [ 118.380787287421995, 32.032865826231003 ], [ 118.380667667779619, 32.033574785160233 ] ] ], [ [ [ 118.381258630313511, 32.031909997128487 ], [ 118.38220186, 32.03092947 ], [ 118.38311752611159, 32.03012929354923 ], [ 118.382201855454994, 32.030929469449298 ], [ 118.381258630313511, 32.031909997128487 ] ] ], [ [ [ 118.383916880548639, 32.029363740699033 ], [ 118.384016358163578, 32.029265031822234 ], [ 118.384016357140993, 32.0292650320714 ], [ 118.383916880548639, 32.029363740699033 ] ] ], [ [ [ 118.385006469202949, 32.029023777957349 ], [ 118.385378, 32.02893325 ], [ 118.38997952, 32.02678594 ], [ 118.3908537801384, 32.026566681746992 ], [ 118.389979522846005, 32.026785938096701 ], [ 118.385006469202949, 32.029023777957349 ] ] ], [ [ [ 118.394619435653823, 32.024609700370227 ], [ 118.3956084, 32.0235882 ], [ 118.395744662864445, 32.022665775270795 ], [ 118.395608399203994, 32.023588195889999 ], [ 118.394619435653823, 32.024609700370227 ] ] ], [ [ [ 118.394673915243587, 32.019113262876495 ], [ 118.39388051, 32.01883326 ], [ 118.39145325741859, 32.018859532046363 ], [ 118.393880507120997, 32.018833264591201 ], [ 118.394673915243587, 32.019113262876495 ] ] ], [ [ [ 118.386462890808048, 32.018116412725647 ], [ 118.38633481, 32.01798928 ], [ 118.38578801, 32.01721836 ], [ 118.38536317, 32.01663043 ], [ 118.385131043818518, 32.016298172956319 ], [ 118.386462890808048, 32.018116412725647 ] ] ], [ [ [ 118.384382084565715, 32.014845296544145 ], [ 118.3842687, 32.01431945 ], [ 118.38416477, 32.01389141 ], [ 118.38441581, 32.01263699 ], [ 118.384417970726801, 32.012592852239692 ], [ 118.384164768210994, 32.013891411774601 ], [ 118.384382084565715, 32.014845296544145 ] ] ], [ [ [ 118.384512812994871, 32.010955593115611 ], [ 118.38452095, 32.01083551 ], [ 118.38457302, 32.00993528 ], [ 118.384581985358324, 32.009768671328892 ], [ 118.384512812994871, 32.010955593115611 ] ] ], [ [ [ 118.384660380735582, 32.00694913386149 ], [ 118.38457237, 32.00625042 ], [ 118.38425156, 32.00529537 ], [ 118.38387777, 32.00432935 ], [ 118.383857864325634, 32.002629460810176 ], [ 118.383877766363995, 32.0043293522832 ], [ 118.384572368836999, 32.006250424874501 ], [ 118.384660380735582, 32.00694913386149 ] ] ], [ [ [ 118.384462811283584, 32.000350078667829 ], [ 118.38491989, 31.9997469 ], [ 118.38518887, 31.99917563 ], [ 118.38577986, 31.99773301 ], [ 118.38603994, 31.99624054 ], [ 118.386022056252088, 31.994853735378886 ], [ 118.386039936231995, 31.996240541538398 ], [ 118.385779855013993, 31.997733008915699 ], [ 118.384919885821006, 31.999746897796399 ], [ 118.384462811283584, 32.000350078667829 ] ] ], [ [ [ 118.383328142736687, 31.986411411292398 ], [ 118.38311375, 31.98617674 ], [ 118.382408690449751, 31.985640037117122 ], [ 118.383113748925993, 31.986176741789901 ], [ 118.383328142736687, 31.986411411292398 ] ] ], [ [ [ 118.381099770618107, 31.984905815656976 ], [ 118.38013618, 31.98459428 ], [ 118.379046728676499, 31.984431939797027 ], [ 118.380136176601994, 31.984594284303199 ], [ 118.381099770618107, 31.984905815656976 ] ] ], [ [ [ 118.37756033864558, 31.98443376986701 ], [ 118.377383721627382, 31.984443319912003 ], [ 118.377383723364005, 31.984443320155702 ], [ 118.37756033864558, 31.98443376986701 ] ] ], [ [ [ 118.377135272298858, 31.984408455279606 ], [ 118.37286901, 31.98367915 ], [ 118.371718886677272, 31.983608030113324 ], [ 118.372869011166998, 31.983679151997201 ], [ 118.377135272298858, 31.984408455279606 ] ] ], [ [ [ 118.37093098266304, 31.983255993609806 ], [ 118.37029832, 31.98260651 ], [ 118.370218884250804, 31.982364899301913 ], [ 118.370298316407002, 31.982606511750198 ], [ 118.37093098266304, 31.983255993609806 ] ] ], [ [ [ 118.370187177625695, 31.982018010739022 ], [ 118.37022948, 31.98158035 ], [ 118.370353913028993, 31.981166822695211 ], [ 118.370229476125999, 31.981580347154601 ], [ 118.370187177625695, 31.982018010739022 ] ] ], [ [ [ 118.371190723384387, 31.979321407221438 ], [ 118.3730075, 31.97732055 ], [ 118.373288898967644, 31.976911263619822 ], [ 118.373007501825995, 31.977320546184298 ], [ 118.371190723384387, 31.979321407221438 ] ] ], [ [ [ 118.374787458520487, 31.973983113366852 ], [ 118.37490856, 31.97203455 ], [ 118.374484038195916, 31.970209517384276 ], [ 118.374908555187005, 31.972034554561201 ], [ 118.374787458520487, 31.973983113366852 ] ] ], [ [ [ 118.371713776643489, 31.967662003999344 ], [ 118.37109707, 31.9671421 ], [ 118.36953461, 31.96583345 ], [ 118.368603610053157, 31.964769383982528 ], [ 118.369534608047999, 31.965833452902999 ], [ 118.371713776643489, 31.967662003999344 ] ] ], [ [ [ 118.368588613112379, 31.964752243557218 ], [ 118.36858861, 31.96475224 ], [ 118.368506044939878, 31.964663556276637 ], [ 118.368588613112379, 31.964752243557218 ] ] ], [ [ [ 118.365181622321302, 31.960635515424766 ], [ 118.36462924, 31.95969075 ], [ 118.36354363, 31.95803474 ], [ 118.36345687, 31.95654851 ], [ 118.363452002361555, 31.956499528749628 ], [ 118.363543629063997, 31.958034740634201 ], [ 118.365181622321302, 31.960635515424766 ] ] ], [ [ [ 118.363347400364461, 31.952918882076332 ], [ 118.36336135, 31.95265274 ], [ 118.36341343, 31.95116433 ], [ 118.36366529, 31.94955664 ], [ 118.363969682483074, 31.946500297358718 ], [ 118.363413428992004, 31.951164331081198 ], [ 118.363347400364461, 31.952918882076332 ] ] ], [ [ [ 118.362291201509166, 31.942634706247084 ], [ 118.3621118, 31.94235101 ], [ 118.36021035, 31.94025209 ], [ 118.35932462, 31.938826 ], [ 118.35849989, 31.93682571 ], [ 118.358148015047519, 31.935487557531278 ], [ 118.358499885027996, 31.936825707642701 ], [ 118.359324617875004, 31.9388259984866 ], [ 118.360210348844006, 31.940252094568802 ], [ 118.362291201509166, 31.942634706247084 ] ] ], [ [ [ 118.357931561461569, 31.93391954132565 ], [ 118.35838644, 31.9325349 ], [ 118.358887193092812, 31.932050387849717 ], [ 118.358386439830994, 31.9325348993051 ], [ 118.357931561461569, 31.93391954132565 ] ] ], [ [ [ 118.358924780140214, 31.932014019928761 ], [ 118.359652788545645, 31.931644159745286 ], [ 118.358924780812998, 31.932014019277801 ], [ 118.358924780140214, 31.932014019928761 ] ] ], [ [ [ 118.360898086224168, 31.931098039612387 ], [ 118.36153858, 31.93085117 ], [ 118.361804141620894, 31.930798017383065 ], [ 118.361538582178994, 31.9308511689574 ], [ 118.360898086224168, 31.931098039612387 ] ] ], [ [ [ 118.364302416058365, 31.930005332721095 ], [ 118.36495072, 31.92967752 ], [ 118.366978286089619, 31.928651727206564 ], [ 118.364950715110993, 31.929677519813001 ], [ 118.364302416058365, 31.930005332721095 ] ] ], [ [ [ 118.367174757973032, 31.928550730331331 ], [ 118.36983898, 31.92717431 ], [ 118.370038983082026, 31.927018477276022 ], [ 118.369838977992003, 31.927174310852799 ], [ 118.367174757973032, 31.928550730331331 ] ] ], [ [ [ 118.372184001122761, 31.925086978105149 ], [ 118.37256484, 31.92469195 ], [ 118.37436166, 31.92232872 ], [ 118.37546502, 31.92065636 ], [ 118.378566394373536, 31.918199056452579 ], [ 118.375465017300002, 31.920656358536899 ], [ 118.374361655171995, 31.9223287202866 ], [ 118.372184001122761, 31.925086978105149 ] ] ], [ [ [ 118.381084944774301, 31.916478962267632 ], [ 118.38286248, 31.91598988 ], [ 118.384302827730949, 31.915974003923779 ], [ 118.382862479267004, 31.915989875802499 ], [ 118.381084944774301, 31.916478962267632 ] ] ], [ [ [ 118.387547239224432, 31.915900204269711 ], [ 118.39007702, 31.91582863 ], [ 118.390278966926488, 31.915891634710384 ], [ 118.390077020918994, 31.915828626515399 ], [ 118.387547239224432, 31.915900204269711 ] ] ], [ [ [ 118.391213523166527, 31.916108776765409 ], [ 118.39211801, 31.91629622 ], [ 118.39461031, 31.91656789 ], [ 118.3958166, 31.91632875 ], [ 118.39749314, 31.91585262 ], [ 118.398596367283062, 31.915059636957597 ], [ 118.397493135785993, 31.9158526203462 ], [ 118.394610309065996, 31.916567889180801 ], [ 118.391213523166527, 31.916108776765409 ] ] ], [ [ [ 118.402513892495534, 31.912059849994041 ], [ 118.4026249, 31.91197347 ], [ 118.402888765223111, 31.911706274133362 ], [ 118.402624895209996, 31.9119734736183 ], [ 118.402513892495534, 31.912059849994041 ] ] ], [ [ [ 118.40809796406559, 31.905757057754169 ], [ 118.4091456, 31.90442742 ], [ 118.409540097001951, 31.904082487922224 ], [ 118.409145598571996, 31.9044274194707 ], [ 118.40809796406559, 31.905757057754169 ] ] ], [ [ [ 118.414420943815912, 31.901479048493069 ], [ 118.42521784, 31.89806157 ], [ 118.427244109371003, 31.89730959309103 ], [ 118.425217835235998, 31.8980615714216 ], [ 118.414420943815912, 31.901479048493069 ] ] ], [ [ [ 118.436864475841617, 31.891685685847673 ], [ 118.4373593, 31.89114145 ], [ 118.43799443972253, 31.890728994072063 ], [ 118.437359300668007, 31.891141445954901 ], [ 118.436864475841617, 31.891685685847673 ] ] ], [ [ [ 118.441348842780599, 31.88971794961591 ], [ 118.4424659, 31.88950858 ], [ 118.442891981569019, 31.889387515949114 ], [ 118.442465903648994, 31.889508577469599 ], [ 118.441348842780599, 31.88971794961591 ] ] ], [ [ [ 118.44455859552852, 31.88868339381149 ], [ 118.44497854, 31.88843737 ], [ 118.446652518949463, 31.886763288442729 ], [ 118.444978536774002, 31.888437370067699 ], [ 118.44455859552852, 31.88868339381149 ] ] ], [ [ [ 118.450445951579866, 31.885555468604331 ], [ 118.45413078, 31.8846807 ], [ 118.45739578, 31.88425643 ], [ 118.45893166, 31.88351506 ], [ 118.46141462, 31.88315324 ], [ 118.46369812, 31.88262402 ], [ 118.465095045989329, 31.882209820604938 ], [ 118.461414622565997, 31.883153235096501 ], [ 118.458931661118001, 31.883515056626099 ], [ 118.457395783623994, 31.8842564280482 ], [ 118.454130778185998, 31.884680697737402 ], [ 118.450445951579866, 31.885555468604331 ] ] ], [ [ [ 118.466980176628368, 31.881556481168591 ], [ 118.46750103, 31.88058668 ], [ 118.467518755603422, 31.880530611828881 ], [ 118.467501029610006, 31.880586680399201 ], [ 118.466980176628368, 31.881556481168591 ] ] ], [ [ [ 118.465534198760793, 31.874276865563537 ], [ 118.4642709, 31.87310353 ], [ 118.463229513379858, 31.872403542042129 ], [ 118.464270895273998, 31.873103533645601 ], [ 118.465534198760793, 31.874276865563537 ] ] ], [ [ [ 118.462491127405301, 31.871701312463241 ], [ 118.46175387, 31.87077953 ], [ 118.461625503932893, 31.870212120923814 ], [ 118.461753867422004, 31.8707795318198 ], [ 118.462491127405301, 31.871701312463241 ] ] ], [ [ [ 118.46131640596073, 31.867648818541202 ], [ 118.4613108, 31.86688861 ], [ 118.4615326501266, 31.866008182584615 ], [ 118.461310795762998, 31.866888605569201 ], [ 118.46131640596073, 31.867648818541202 ] ] ], [ [ [ 118.461617160820296, 31.861779783609677 ], [ 118.4614218, 31.85992749 ], [ 118.462158780271352, 31.858838779087701 ], [ 118.461421799340002, 31.859927485409798 ], [ 118.461617160820296, 31.861779783609677 ] ] ], [ [ [ 118.46372077741799, 31.857862266569715 ], [ 118.46697851, 31.85627532 ], [ 118.467462232827287, 31.855875131091285 ], [ 118.466978509198995, 31.856275318313301 ], [ 118.46372077741799, 31.857862266569715 ] ] ], [ [ [ 118.468178967448083, 31.855157284468635 ], [ 118.46903378, 31.8533453 ], [ 118.470122820216133, 31.852255963551183 ], [ 118.469033775381007, 31.8533453035907 ], [ 118.468178967448083, 31.855157284468635 ] ] ], [ [ [ 118.470136670024417, 31.852242109988673 ], [ 118.471212619077093, 31.851742916041083 ], [ 118.470136671434005, 31.8522421085787 ], [ 118.470136670024417, 31.852242109988673 ] ] ], [ [ [ 118.48887977742622, 31.844354057958231 ], [ 118.49038159, 31.84402418 ], [ 118.49216833478738, 31.843726274007615 ], [ 118.490381585452994, 31.844024179613498 ], [ 118.48887977742622, 31.844354057958231 ] ] ], [ [ [ 118.493637498518439, 31.843650589886952 ], [ 118.49628238, 31.84407777 ], [ 118.496993771570331, 31.844038751395324 ], [ 118.496282378386994, 31.844077765391201 ], [ 118.493637498518439, 31.843650589886952 ] ] ], [ [ [ 118.498205991278738, 31.843914898154107 ], [ 118.49953345, 31.84375443 ], [ 118.48794537, 31.8133213 ], [ 118.48085279, 31.79735468 ], [ 118.477619418772704, 31.783489217967212 ], [ 118.480852789064002, 31.797354682074999 ], [ 118.487945365114996, 31.813321298946999 ], [ 118.499533447721006, 31.843754426312898 ], [ 118.498205991278738, 31.843914898154107 ] ] ], [ [ [ 118.476877013042255, 31.780288518828332 ], [ 118.48039281, 31.77893448 ], [ 118.4819163668855, 31.778519449472437 ], [ 118.480392807681, 31.778934476029701 ], [ 118.476877013042255, 31.780288518828332 ] ] ], [ [ [ 118.493562313209438, 31.779832458346878 ], [ 118.49362249, 31.77985288 ], [ 118.494257785211005, 31.780054199769054 ], [ 118.493622486334999, 31.779852878716198 ], [ 118.493562313209438, 31.779832458346878 ] ] ], [ [ [ 118.494498717417329, 31.780130549181571 ], [ 118.49550632, 31.78029149 ], [ 118.49651304, 31.78034151 ], [ 118.49738126, 31.78033011 ], [ 118.49798854, 31.78004388 ], [ 118.498184186940847, 31.779395150804859 ], [ 118.497988536275003, 31.780043879480399 ], [ 118.497381261974994, 31.780330105447302 ], [ 118.494498717417329, 31.780130549181571 ] ] ], [ [ [ 118.498538710364372, 31.777561327520065 ], [ 118.49855286, 31.77745918 ], [ 118.498567846955766, 31.777300543767083 ], [ 118.498552859268997, 31.777459183241401 ], [ 118.498538710364372, 31.777561327520065 ] ] ], [ [ [ 118.499125240697168, 31.774531468598994 ], [ 118.50074048, 31.77151085 ], [ 118.50133871, 31.77118059 ], [ 118.501411859460077, 31.771119367579995 ], [ 118.500740477552, 31.7715108508018 ], [ 118.499125240697168, 31.774531468598994 ] ] ], [ [ [ 118.502401569806992, 31.770266099774219 ], [ 118.50245892, 31.77021478 ], [ 118.502711566952726, 31.769924135537799 ], [ 118.502458917835995, 31.770214780686501 ], [ 118.502401569806992, 31.770266099774219 ] ] ], [ [ [ 118.503514356857536, 31.769028237214389 ], [ 118.50429881, 31.76860701 ], [ 118.505329780367305, 31.76775591803046 ], [ 118.504298805291, 31.768607008839201 ], [ 118.503514356857536, 31.769028237214389 ] ] ], [ [ [ 118.506781797632087, 31.76762608629614 ], [ 118.50717235, 31.76762134 ], [ 118.50770227, 31.76761489 ], [ 118.507925613173555, 31.767612162131552 ], [ 118.506781797632087, 31.76762608629614 ] ] ], [ [ [ 118.508469464455814, 31.767605524146944 ], [ 118.50876009, 31.76760198 ], [ 118.509102752968815, 31.767597710445855 ], [ 118.508760087919001, 31.767601975973999 ], [ 118.508469464455814, 31.767605524146944 ] ] ], [ [ [ 118.510464772716887, 31.767377147604115 ], [ 118.51104332, 31.76706153 ], [ 118.51148592, 31.76681877 ], [ 118.511940511205879, 31.766571532930957 ], [ 118.511485916061005, 31.766818768901299 ], [ 118.510464772716887, 31.767377147604115 ] ] ], [ [ [ 118.512750192510339, 31.7661329634861 ], [ 118.51282272, 31.76609351 ], [ 118.51326531, 31.76585074 ], [ 118.513414767988934, 31.765771065035239 ], [ 118.513265306342007, 31.765850739862699 ], [ 118.512750192510339, 31.7661329634861 ] ] ], [ [ [ 118.514040372242647, 31.765431834744025 ], [ 118.5141595, 31.76536622 ], [ 118.514296575891208, 31.765291643925966 ], [ 118.514159495561003, 31.765366220899999 ], [ 118.514040372242647, 31.765431834744025 ] ] ], [ [ [ 118.516541283240684, 31.76458014434397 ], [ 118.51671146, 31.76453231 ], [ 118.516903135076049, 31.764480118329232 ], [ 118.516711460427004, 31.764532307356699 ], [ 118.516541283240684, 31.76458014434397 ] ] ], [ [ [ 118.51734542915311, 31.764355586107875 ], [ 118.51746608, 31.76432239 ], [ 118.517919842550725, 31.764197522876522 ], [ 118.517466081693001, 31.764322386627999 ], [ 118.51734542915311, 31.764355586107875 ] ] ], [ [ [ 118.518056386528372, 31.764158917394823 ], [ 118.51847356, 31.76404215 ], [ 118.518921251307063, 31.764272705362075 ], [ 118.518473561411994, 31.764042146529501 ], [ 118.518056386528372, 31.764158917394823 ] ] ], [ [ [ 118.519342078930521, 31.764488102333772 ], [ 118.51948897, 31.76456302 ], [ 118.51955220680253, 31.764595688799965 ], [ 118.519488972255999, 31.7645630187507 ], [ 118.519342078930521, 31.764488102333772 ] ] ], [ [ [ 118.519975650743504, 31.764811549742596 ], [ 118.52017426, 31.76491195 ], [ 118.520300805942938, 31.764980618341131 ], [ 118.520174260473993, 31.764911945539399 ], [ 118.519975650743504, 31.764811549742596 ] ] ], [ [ [ 118.520909539444389, 31.765291063761122 ], [ 118.52106823, 31.76537645 ], [ 118.521634927207387, 31.765662052774569 ], [ 118.521068227211998, 31.7653764462253 ], [ 118.520909539444389, 31.765291063761122 ] ] ], [ [ [ 118.521949026420486, 31.765826017208738 ], [ 118.52219694, 31.76595558 ], [ 118.522305418840944, 31.766010169771349 ], [ 118.522196944591002, 31.7659555789864 ], [ 118.521949026420486, 31.765826017208738 ] ] ], [ [ [ 118.522825310882084, 31.766274462254586 ], [ 118.52288219, 31.76630347 ], [ 118.52310792, 31.76642009 ], [ 118.523280340998284, 31.766508781005896 ], [ 118.522882185428998, 31.766303467116 ], [ 118.522825310882084, 31.766274462254586 ] ] ], [ [ [ 118.524507616846392, 31.767139586732878 ], [ 118.5251475, 31.76746364 ], [ 118.52536419, 31.76758122 ], [ 118.52582466, 31.76781346 ], [ 118.52604135, 31.76792804 ], [ 118.526711074742579, 31.76826930202963 ], [ 118.525147500939994, 31.7674636359191 ], [ 118.524507616846392, 31.767139586732878 ] ] ], [ [ [ 118.526797922982041, 31.768313615787701 ], [ 118.52717894, 31.76850707 ], [ 118.527327980234134, 31.768585065732676 ], [ 118.527178935416003, 31.768507065843501 ], [ 118.526797922982041, 31.768313615787701 ] ] ], [ [ [ 118.527966213863394, 31.768911570995979 ], [ 118.52808175, 31.76897345 ], [ 118.52854118, 31.76920365 ], [ 118.52875785, 31.76932122 ], [ 118.52927046, 31.7692105 ], [ 118.52978206, 31.76909977 ], [ 118.530061865364814, 31.76903544686656 ], [ 118.528757849794999, 31.769321215896401 ], [ 118.528541180546995, 31.7692036493522 ], [ 118.527966213863394, 31.768911570995979 ] ] ], [ [ [ 118.53079016105734, 31.768878463297899 ], [ 118.53131782, 31.76876254 ], [ 118.531376043963775, 31.768744338942504 ], [ 118.531317817092003, 31.768762540386302 ], [ 118.53079016105734, 31.768878463297899 ] ] ], [ [ [ 118.531587647947205, 31.768678190641712 ], [ 118.53158765, 31.76867819 ], [ 118.531616515604341, 31.768631167459667 ], [ 118.531587647947205, 31.768678190641712 ] ] ], [ [ [ 118.531901372225519, 31.768189612715698 ], [ 118.53196986, 31.76808605 ], [ 118.532018119284857, 31.768007434837749 ], [ 118.531969859577003, 31.768086047687799 ], [ 118.531901372225519, 31.768189612715698 ] ] ], [ [ [ 118.532680618646268, 31.766978562859784 ], [ 118.53273327, 31.76689874 ], [ 118.533038980643056, 31.766423327288226 ], [ 118.532733267859996, 31.766898742597402 ], [ 118.532680618646268, 31.766978562859784 ] ] ], [ [ [ 118.533262650538461, 31.766082944689487 ], [ 118.53362706, 31.76551771 ], [ 118.533695242734666, 31.765407195325281 ], [ 118.533627060797997, 31.7655177083405 ], [ 118.533262650538461, 31.766082944689487 ] ] ], [ [ [ 118.533748439464091, 31.76532097086864 ], [ 118.53374844, 31.76532097 ], [ 118.533753518256177, 31.7653107655753 ], [ 118.533748439464091, 31.76532097086864 ] ] ], [ [ [ 118.534577783623973, 31.763690018821176 ], [ 118.534599099426259, 31.76364777113713 ], [ 118.534599099016006, 31.763647771070701 ], [ 118.534577783623973, 31.763690018821176 ] ] ], [ [ [ 118.534752658080251, 31.763672635446156 ], [ 118.53505041, 31.76372085 ], [ 118.53530214, 31.76376445 ], [ 118.535420536278551, 31.763783342733358 ], [ 118.535050413619999, 31.7637208482011 ], [ 118.534752658080251, 31.763672635446156 ] ] ], [ [ [ 118.535736731002629, 31.763833243889614 ], [ 118.53582265, 31.76384668 ], [ 118.536307770392256, 31.763927973013534 ], [ 118.535822645674003, 31.763846677050601 ], [ 118.535736731002629, 31.763833243889614 ] ] ], [ [ [ 118.536363981654091, 31.763937146067242 ], [ 118.53660388, 31.76397451 ], [ 118.53690774, 31.76402022 ], [ 118.53716748, 31.76404882 ], [ 118.53769798, 31.76410704 ], [ 118.538023941665585, 31.764141559061862 ], [ 118.536363981654091, 31.763937146067242 ] ] ], [ [ [ 118.538688930031483, 31.764210752049625 ], [ 118.5389986, 31.76424299 ], [ 118.539235183312158, 31.764268924645346 ], [ 118.538998600800994, 31.7642429865911 ], [ 118.538688930031483, 31.764210752049625 ] ] ], [ [ [ 118.540128949594575, 31.764335781894392 ], [ 118.54043153, 31.76426516 ], [ 118.540530717970498, 31.764168161849238 ], [ 118.540431527115004, 31.764265156676601 ], [ 118.540128949594575, 31.764335781894392 ] ] ], [ [ [ 118.540676254135604, 31.76402584687726 ], [ 118.5407785, 31.76392587 ], [ 118.540897498647965, 31.763815915249282 ], [ 118.540778496379005, 31.763925866935899 ], [ 118.540676254135604, 31.76402584687726 ] ] ], [ [ [ 118.541472458733637, 31.7632619789226 ], [ 118.54148144, 31.7632533 ], [ 118.541481440975232, 31.763253298529563 ], [ 118.541472458733637, 31.7632619789226 ] ] ], [ [ [ 118.541746297659031, 31.762841030515183 ], [ 118.5418194, 31.76265894 ], [ 118.541853725973411, 31.762563773410964 ], [ 118.541819397154995, 31.762658940162801 ], [ 118.541746297659031, 31.762841030515183 ] ] ], [ [ [ 118.541966234566857, 31.762253628947509 ], [ 118.54214133, 31.76179951 ], [ 118.542179641702759, 31.761694272816992 ], [ 118.542141327183003, 31.761799511065899 ], [ 118.541966234566857, 31.762253628947509 ] ] ], [ [ [ 118.54225751885204, 31.761479012718645 ], [ 118.54229678, 31.76136978 ], [ 118.542296799830851, 31.761104749886023 ], [ 118.542296776046996, 31.7613697836996 ], [ 118.54225751885204, 31.761479012718645 ] ] ], [ [ [ 118.541272730839282, 31.760446582359766 ], [ 118.54124707, 31.76043041 ], [ 118.540322104159799, 31.760478809974224 ], [ 118.541247069546998, 31.7604304100924 ], [ 118.541272730839282, 31.760446582359766 ] ] ], [ [ [ 118.539551048030916, 31.760518676303207 ], [ 118.53941609, 31.76052641 ], [ 118.53836617, 31.76057807 ], [ 118.538169914322381, 31.760588748437879 ], [ 118.539416086630993, 31.7605264135201 ], [ 118.539551048030916, 31.760518676303207 ] ] ], [ [ [ 118.536729524947816, 31.760663509491501 ], [ 118.53651693, 31.76067386 ], [ 118.53625718, 31.76068926 ], [ 118.53573567, 31.76071505 ], [ 118.53520613, 31.76074181 ], [ 118.53493025239861, 31.760755255731659 ], [ 118.535206134928004, 31.760741812282799 ], [ 118.536257181406995, 31.760689261558699 ], [ 118.536729524947816, 31.760663509491501 ] ] ], [ [ [ 118.534677588919848, 31.760767567742004 ], [ 118.533522936150888, 31.7583538337914 ], [ 118.534677587664007, 31.7607675678032 ], [ 118.534677588919848, 31.760767567742004 ] ] ], [ [ [ 118.532498986871133, 31.755849277926824 ], [ 118.53255073, 31.75564679 ], [ 118.532650395683788, 31.755237458906024 ], [ 118.532550729261004, 31.755646787027398 ], [ 118.532498986871133, 31.755849277926824 ] ] ], [ [ [ 118.532840871921181, 31.754531859779149 ], [ 118.53295007, 31.75410356 ], [ 118.53298145257051, 31.753970071285753 ], [ 118.532950066083998, 31.7541035564712 ], [ 118.532840871921181, 31.754531859779149 ] ] ], [ [ [ 118.533064233021193, 31.753640154139369 ], [ 118.53311462, 31.75344387 ], [ 118.53321897, 31.75300307 ], [ 118.5332892, 31.75277921 ], [ 118.533479032918592, 31.752005156365374 ], [ 118.533218968604999, 31.753003065306999 ], [ 118.533064233021193, 31.753640154139369 ] ] ], [ [ [ 118.533536655228303, 31.751780066687246 ], [ 118.5336183, 31.75145983 ], [ 118.533475380735339, 31.751447653852736 ], [ 118.533618295980006, 31.751459830434801 ], [ 118.533536655228303, 31.751780066687246 ] ] ], [ [ [ 118.533255243422857, 31.751428871371882 ], [ 118.53281089, 31.75139087 ], [ 118.53255111, 31.75136924 ], [ 118.53202152, 31.75132394 ], [ 118.531573370999496, 31.751284099176797 ], [ 118.533255243422857, 31.751428871371882 ] ] ], [ [ [ 118.531475843306637, 31.751275672781478 ], [ 118.53124015, 31.75125701 ], [ 118.53071154, 31.7512107 ], [ 118.530702179153835, 31.751209887027741 ], [ 118.531475843306637, 31.751275672781478 ] ] ], [ [ [ 118.530020839125314, 31.751151302294193 ], [ 118.52993013, 31.75114374 ], [ 118.52964325, 31.75112002 ], [ 118.529617846506596, 31.751117758632837 ], [ 118.529643247335002, 31.7511200201794 ], [ 118.530020839125314, 31.751151302294193 ] ] ], [ [ [ 118.529145407378678, 31.751076568755234 ], [ 118.52861906, 31.75103142 ], [ 118.528325482839406, 31.751005729365641 ], [ 118.528619058112994, 31.7510314221723 ], [ 118.529145407378678, 31.751076568755234 ] ] ], [ [ [ 118.525866842502609, 31.750795394928435 ], [ 118.52546904, 31.75076226 ], [ 118.525163518567481, 31.750736080358646 ], [ 118.525469044784998, 31.7507622636669 ], [ 118.525866842502609, 31.750795394928435 ] ] ], [ [ [ 118.524358257131269, 31.750621765147148 ], [ 118.52429725, 31.75060816 ], [ 118.524279273667617, 31.750598634686057 ], [ 118.524297249680998, 31.750608160161899 ], [ 118.524358257131269, 31.750621765147148 ] ] ], [ [ [ 118.523482168868185, 31.750179248023802 ], [ 118.52339433, 31.7501327 ], [ 118.523069290443644, 31.749959167784091 ], [ 118.523394331069994, 31.750132702370799 ], [ 118.523482168868185, 31.750179248023802 ] ] ], [ [ [ 118.522912921175561, 31.749876012075244 ], [ 118.52250042, 31.74965825 ], [ 118.5221239676914, 31.749456414726751 ], [ 118.522500419937998, 31.749658250755999 ], [ 118.522912921175561, 31.749876012075244 ] ] ], [ [ [ 118.522048758037641, 31.749416374382438 ], [ 118.5218232, 31.74930238 ], [ 118.52160649, 31.74918478 ], [ 118.521384039812432, 31.749072361076944 ], [ 118.521823199977007, 31.749302382351502 ], [ 118.522048758037641, 31.749416374382438 ] ] ], [ [ [ 118.520098041706319, 31.748389038832094 ], [ 118.52003528, 31.7483544 ], [ 118.519925787354182, 31.748296377385518 ], [ 118.520035283176, 31.748354402599201 ], [ 118.520098041706319, 31.748389038832094 ] ] ], [ [ [ 118.519781249052656, 31.74821978203747 ], [ 118.5191413, 31.74787889 ], [ 118.51868978, 31.74763961 ], [ 118.51846402, 31.74752297 ], [ 118.5183346, 31.74730159 ], [ 118.517915155851753, 31.746609974814316 ], [ 118.518464018364995, 31.747522974049499 ], [ 118.519781249052656, 31.74821978203747 ] ] ], [ [ [ 118.518269289485701, 31.744460879836875 ], [ 118.51837801, 31.74440436 ], [ 118.518680636002571, 31.744337248050538 ], [ 118.518378005496004, 31.744404356648801 ], [ 118.518269289485701, 31.744460879836875 ] ] ], [ [ [ 118.519174350010957, 31.744306297138344 ], [ 118.51937541, 31.7443111 ], [ 118.519515252891011, 31.744313555747272 ], [ 118.519375412206003, 31.744311098774801 ], [ 118.519174350010957, 31.744306297138344 ] ] ], [ [ [ 118.520245843867698, 31.744331587852866 ], [ 118.52095574, 31.74434743 ], [ 118.52122465, 31.74435616 ], [ 118.521498117987235, 31.744362060292762 ], [ 118.520955744188996, 31.744347425503602 ], [ 118.520245843867698, 31.744331587852866 ] ] ], [ [ [ 118.52208452873559, 31.744374189331793 ], [ 118.52227515, 31.744378 ], [ 118.522394180995107, 31.74438097477886 ], [ 118.522275147480002, 31.7443779983528 ], [ 118.52208452873559, 31.744374189331793 ] ] ], [ [ [ 118.523125441080481, 31.744400886795209 ], [ 118.52333365, 31.74440384 ], [ 118.52385436, 31.74441723 ], [ 118.52431169989238, 31.744427063029562 ], [ 118.523333646737001, 31.744403837640998 ], [ 118.523125441080481, 31.744400886795209 ] ] ], [ [ [ 118.524913819116648, 31.744378020197495 ], [ 118.52492187, 31.74415502 ], [ 118.52492189, 31.74392899 ], [ 118.52493094, 31.74370299 ], [ 118.524936739923263, 31.743539950117309 ], [ 118.524921885661001, 31.743928988807301 ], [ 118.524913819116648, 31.744378020197495 ] ] ], [ [ [ 118.524956568589673, 31.742677926261017 ], [ 118.52496517, 31.74234891 ], [ 118.524976265886664, 31.741619473128512 ], [ 118.524965168348999, 31.742348914469002 ], [ 118.524956568589673, 31.742677926261017 ] ] ], [ [ [ 118.524982314972235, 31.741337548308113 ], [ 118.52498233, 31.74122483 ], [ 118.524986831131216, 31.741112296740287 ], [ 118.524982325140002, 31.7412248270312 ], [ 118.524982314972235, 31.741337548308113 ] ] ], [ [ [ 118.525027153962611, 31.740053443865513 ], [ 118.52509583, 31.73975095 ], [ 118.52521724, 31.73955225 ], [ 118.525301329347272, 31.739413236962438 ], [ 118.525027153962611, 31.740053443865513 ] ] ], [ [ [ 118.52569603474258, 31.738779497530306 ], [ 118.52571191, 31.73875345 ], [ 118.52583332, 31.73855375 ], [ 118.525946992024046, 31.738441354140527 ], [ 118.52569603474258, 31.738779497530306 ] ] ], [ [ [ 118.526996650500493, 31.738674145097868 ], [ 118.52700506, 31.7386768 ], [ 118.527103214290335, 31.738707024678252 ], [ 118.527005062957997, 31.7386768007106 ], [ 118.526996650500493, 31.738674145097868 ] ] ], [ [ [ 118.527535610614407, 31.738839904765818 ], [ 118.52855894, 31.73916484 ], [ 118.5290013, 31.73941199 ], [ 118.529206322478174, 31.739526533031146 ], [ 118.527535610614407, 31.738839904765818 ] ] ], [ [ [ 118.530274641416185, 31.740130332357793 ], [ 118.53053698, 31.74027994 ], [ 118.531152427789564, 31.740621269731328 ], [ 118.530536982521994, 31.740279939843301 ], [ 118.530274641416185, 31.740130332357793 ] ] ], [ [ [ 118.53120499708676, 31.740650638372475 ], [ 118.531205, 31.74065064 ], [ 118.53129489648272, 31.740571586936852 ], [ 118.53120499708676, 31.740650638372475 ] ] ], [ [ [ 118.531986171032173, 31.739752872607216 ], [ 118.53199548, 31.73973248 ], [ 118.532023176153274, 31.739672095353587 ], [ 118.531995481772, 31.739732475461501 ], [ 118.531986171032173, 31.739752872607216 ] ] ], [ [ [ 118.532208267906611, 31.739326962593772 ], [ 118.53223023, 31.73929 ], [ 118.532454211175164, 31.739144831903911 ], [ 118.532230230977007, 31.739289997926601 ], [ 118.532208267906611, 31.739326962593772 ] ] ], [ [ [ 118.532789997981368, 31.738926040701081 ], [ 118.53307181, 31.73874098 ], [ 118.53347905, 31.73846493 ], [ 118.53369671, 31.73832844 ], [ 118.534040812967987, 31.738100244965082 ], [ 118.533479047333003, 31.738464928388201 ], [ 118.532789997981368, 31.738926040701081 ] ] ], [ [ [ 118.534327989237582, 31.737910661895448 ], [ 118.53494646, 31.73750432 ], [ 118.535206503919497, 31.737331852855043 ], [ 118.534946460361994, 31.737504315196901 ], [ 118.534327989237582, 31.737910661895448 ] ] ], [ [ [ 118.535435387106332, 31.737179648624892 ], [ 118.53557132, 31.73708874 ], [ 118.535881244970625, 31.736913068477556 ], [ 118.535571316439004, 31.7370887372741 ], [ 118.535435387106332, 31.737179648624892 ] ] ], [ [ [ 118.536909048659922, 31.736384262407238 ], [ 118.53712485, 31.73627525 ], [ 118.53745481, 31.73599297 ], [ 118.53770656, 31.7355955 ], [ 118.537882183712682, 31.735307878272202 ], [ 118.537454809367006, 31.735992969673699 ], [ 118.536909048659922, 31.736384262407238 ] ] ], [ [ [ 118.538039699535418, 31.735055592910825 ], [ 118.53820102, 31.73480153 ], [ 118.53845276, 31.73440405 ], [ 118.538733403051296, 31.733897164859584 ], [ 118.538039699535418, 31.735055592910825 ] ] ], [ [ [ 118.538854243635157, 31.733782331389165 ], [ 118.53904246, 31.7336833 ], [ 118.539198391761474, 31.73374811428868 ], [ 118.539042458579999, 31.733683296795299 ], [ 118.538854243635157, 31.733782331389165 ] ] ], [ [ [ 118.539851497265218, 31.734038094184541 ], [ 118.54004116, 31.73418057 ], [ 118.54012737, 31.73439578 ], [ 118.540260598591829, 31.734721234529786 ], [ 118.539851497265218, 31.734038094184541 ] ] ], [ [ [ 118.54043155752413, 31.735139341467388 ], [ 118.54047524, 31.73524564 ], [ 118.540538233559445, 31.735402875489743 ], [ 118.540475243155996, 31.735245635687601 ], [ 118.54043155752413, 31.735139341467388 ] ] ], [ [ [ 118.540590776241118, 31.735532185850545 ], [ 118.54064867, 31.73567306 ], [ 118.540693077369809, 31.735782873214074 ], [ 118.540648674395001, 31.735673062137 ], [ 118.540590776241118, 31.735532185850545 ] ] ], [ [ [ 118.540767448147761, 31.735965498186214 ], [ 118.5408221, 31.73609849 ], [ 118.540888443200885, 31.73626254745604 ], [ 118.540822104602, 31.736098487513399 ], [ 118.540767448147761, 31.735965498186214 ] ] ], [ [ [ 118.540943394120831, 31.736397850985238 ], [ 118.54099553, 31.73652591 ], [ 118.541102518188879, 31.736801439889021 ], [ 118.540995533414005, 31.7365259122633 ], [ 118.540943394120831, 31.736397850985238 ] ] ], [ [ [ 118.541468511194637, 31.737696272993091 ], [ 118.54151581, 31.73780218 ], [ 118.541550036334513, 31.73788545413948 ], [ 118.541515813071001, 31.737802180691901 ], [ 118.541468511194637, 31.737696272993091 ] ] ], [ [ [ 118.541862851040563, 31.738657177038561 ], [ 118.54186366, 31.73865902 ], [ 118.541863660057103, 31.738659020024599 ], [ 118.541862851040563, 31.738657177038561 ] ] ], [ [ [ 118.54237947678277, 31.738887028351517 ], [ 118.54280009, 31.73907806 ], [ 118.543026810823804, 31.739178569789981 ], [ 118.542800092077002, 31.739078060421701 ], [ 118.54237947678277, 31.738887028351517 ] ] ], [ [ [ 118.543269297332216, 31.739286068817314 ], [ 118.5432693, 31.73928607 ], [ 118.543391039809492, 31.739287726467179 ], [ 118.543269297332216, 31.739286068817314 ] ] ], [ [ [ 118.544224907039506, 31.738775618420547 ], [ 118.54437119, 31.73865228 ], [ 118.54474517, 31.73833601 ], [ 118.54497076, 31.73808344 ], [ 118.545060664886364, 31.737884452531578 ], [ 118.544224907039506, 31.738775618420547 ] ] ], [ [ [ 118.545429642580757, 31.737069988939957 ], [ 118.54544705, 31.73703128 ], [ 118.54553429, 31.73682043 ], [ 118.54563857, 31.73660961 ], [ 118.545823339737339, 31.736185883941996 ], [ 118.545534287452995, 31.736820429199199 ], [ 118.545429642580757, 31.737069988939957 ] ] ], [ [ [ 118.545971649381187, 31.735858203481481 ], [ 118.54601157, 31.73577027 ], [ 118.546047150089507, 31.73569151193103 ], [ 118.546011569254006, 31.735770265525499 ], [ 118.545971649381187, 31.735858203481481 ] ] ], [ [ [ 118.546371517811949, 31.734976780298179 ], [ 118.54639359, 31.73492793 ], [ 118.54647982, 31.73471708 ], [ 118.546508877456773, 31.734653730215815 ], [ 118.546479819184995, 31.734717076402902 ], [ 118.546371517811949, 31.734976780298179 ] ] ], [ [ [ 118.54662885443102, 31.734390417182528 ], [ 118.54667133, 31.73429641 ], [ 118.546798791159091, 31.734016276466729 ], [ 118.546671326720002, 31.734296407143699 ], [ 118.54662885443102, 31.734390417182528 ] ] ], [ [ [ 118.547552597587668, 31.732337782017005 ], [ 118.54756568, 31.73230993 ], [ 118.5475909788058, 31.732252083659581 ], [ 118.547565677462998, 31.7323099336143 ], [ 118.547552597587668, 31.732337782017005 ] ] ], [ [ [ 118.547819197158944, 31.731747355103078 ], [ 118.54790356, 31.7315615 ], [ 118.547934041947642, 31.73149433985833 ], [ 118.547903556129995, 31.731561503766802 ], [ 118.547819197158944, 31.731747355103078 ] ] ], [ [ [ 118.548331565430132, 31.73101222553106 ], [ 118.54854615, 31.73089966 ], [ 118.548713444610314, 31.73081437940418 ], [ 118.548546145138999, 31.730899659823301 ], [ 118.548331565430132, 31.73101222553106 ] ] ], [ [ [ 118.548882788383651, 31.730726011963835 ], [ 118.54922277, 31.7305459 ], [ 118.5494483, 31.73042431 ], [ 118.549755493048607, 31.730351496181452 ], [ 118.548882788383651, 31.730726011963835 ] ] ], [ [ [ 118.55010535155651, 31.730554635059402 ], [ 118.55015192, 31.73058063 ], [ 118.550472548257559, 31.730766850882091 ], [ 118.550151915344003, 31.730580625596701 ], [ 118.55010535155651, 31.730554635059402 ] ] ], [ [ [ 118.550847718329777, 31.730983079690919 ], [ 118.55102786, 31.73108328 ], [ 118.551477509664196, 31.731342204689874 ], [ 118.551027862010997, 31.7310832750914 ], [ 118.550847718329777, 31.730983079690919 ] ] ], [ [ [ 118.551877697045114, 31.731569836164788 ], [ 118.551904779766048, 31.731584899869876 ], [ 118.551904775476999, 31.7315848968098 ], [ 118.551877697045114, 31.731569836164788 ] ] ], [ [ [ 118.551907961005682, 31.731587169563397 ], [ 118.55215631, 31.73176436 ], [ 118.55251204, 31.73236405 ], [ 118.55275453, 31.73276552 ], [ 118.553342545129539, 31.733724522644327 ], [ 118.552156314572997, 31.7317643603905 ], [ 118.551907961005682, 31.731587169563397 ] ] ], [ [ [ 118.553798597318405, 31.734485668616657 ], [ 118.55384872, 31.73456859 ], [ 118.5540912, 31.73496505 ], [ 118.554175291738034, 31.735104045892765 ], [ 118.554091199685004, 31.734965046052299 ], [ 118.553798597318405, 31.734485668616657 ] ] ], [ [ [ 118.554885179817404, 31.736274291417541 ], [ 118.55566222, 31.73756994 ], [ 118.55590568, 31.73796838 ], [ 118.55615715, 31.73836983 ], [ 118.55663403, 31.73917068 ], [ 118.5569987, 31.73977132 ], [ 118.55704045685124, 31.739834659919975 ], [ 118.556157152297999, 31.738369825336299 ], [ 118.555662222701002, 31.737569936478199 ], [ 118.554885179817404, 31.736274291417541 ] ] ], [ [ [ 118.557408547615836, 31.740243628775229 ], [ 118.55766694, 31.74048744 ], [ 118.558056489444496, 31.740864701962071 ], [ 118.557666943168002, 31.7404874410358 ], [ 118.557408547615836, 31.740243628775229 ] ] ], [ [ [ 118.558965989954942, 31.741739183305825 ], [ 118.55923779, 31.74199999 ], [ 118.55959342, 31.74233655 ], [ 118.55976672, 31.74250582 ], [ 118.559872533452634, 31.742605678441709 ], [ 118.559593417507003, 31.742336546954299 ], [ 118.558965989954942, 31.741739183305825 ] ] ], [ [ [ 118.561885707039309, 31.744533041359869 ], [ 118.56204958, 31.74469029 ], [ 118.562222860076673, 31.744859540058311 ], [ 118.562049578732996, 31.744690285781299 ], [ 118.561885707039309, 31.744533041359869 ] ] ], [ [ [ 118.562518420005162, 31.745088248301613 ], [ 118.56263052, 31.74517913 ], [ 118.56282183, 31.7453304 ], [ 118.56321246, 31.74563395 ], [ 118.563552768708547, 31.745909008667265 ], [ 118.563212457679995, 31.7456339478511 ], [ 118.562518420005162, 31.745088248301613 ] ] ], [ [ [ 118.563855397803778, 31.746145563579422 ], [ 118.56398467, 31.74624602 ], [ 118.56402698147474, 31.746278345363805 ], [ 118.563984668559996, 31.746246018273499 ], [ 118.563855397803778, 31.746145563579422 ] ] ], [ [ [ 118.564373309019203, 31.746550968626703 ], [ 118.56437527, 31.74655255 ], [ 118.564383732021227, 31.746559104009734 ], [ 118.564375269679005, 31.746552549715599 ], [ 118.564373309019203, 31.746550968626703 ] ] ], [ [ [ 118.564863586101083, 31.746932856482051 ], [ 118.56495715, 31.74700733 ], [ 118.565014544451344, 31.747051753823701 ], [ 118.564957150782007, 31.747007329142999 ], [ 118.564863586101083, 31.746932856482051 ] ] ], [ [ [ 118.565754364665011, 31.74763849735108 ], [ 118.56592858, 31.7477716 ], [ 118.56631013, 31.74807509 ], [ 118.566430770684605, 31.748167999409354 ], [ 118.565928582363, 31.747771598770701 ], [ 118.565754364665011, 31.74763849735108 ] ] ], [ [ [ 118.566583866575954, 31.748288881679148 ], [ 118.56670068, 31.74838358 ], [ 118.56670068351319, 31.748383578451786 ], [ 118.566583866575954, 31.748288881679148 ] ] ], [ [ [ 118.567199090244031, 31.748159593219192 ], [ 118.56768215, 31.74794864 ], [ 118.567971056712281, 31.747676235228067 ], [ 118.567682149619998, 31.747948639472799 ], [ 118.567199090244031, 31.748159593219192 ] ] ], [ [ [ 118.568275439682679, 31.747116097710219 ], [ 118.56832414, 31.74701523 ], [ 118.56841591816945, 31.746832475486507 ], [ 118.568324138240996, 31.747015230571101 ], [ 118.568275439682679, 31.747116097710219 ] ] ], [ [ [ 118.568675126110122, 31.746330083518593 ], [ 118.5687498, 31.74618859 ], [ 118.568796294243967, 31.746086498119912 ], [ 118.568749800313, 31.7461885876791 ], [ 118.568675126110122, 31.746330083518593 ] ] ], [ [ [ 118.569120628931344, 31.745442312275962 ], [ 118.56926059, 31.745151 ], [ 118.56937586601849, 31.744924187508023 ], [ 118.569260586276002, 31.745151000965901 ], [ 118.569120628931344, 31.745442312275962 ] ] ], [ [ [ 118.570144552179656, 31.743396627810238 ], [ 118.57019899, 31.74328874 ], [ 118.570251106530321, 31.743183688434456 ], [ 118.570198990492997, 31.743288737953002 ], [ 118.570144552179656, 31.743396627810238 ] ] ], [ [ [ 118.570302140710467, 31.743080819599282 ], [ 118.570618504174661, 31.74290238552334 ], [ 118.570302142299994, 31.743080816395299 ], [ 118.570302140710467, 31.743080819599282 ] ] ], [ [ [ 118.571447667798765, 31.742860644126665 ], [ 118.57172594, 31.74285717 ], [ 118.572057214445536, 31.742852457560854 ], [ 118.571725944681006, 31.742857165595201 ], [ 118.571447667798765, 31.742860644126665 ] ] ], [ [ [ 118.572563314402089, 31.742845849259279 ], [ 118.5727842, 31.74284313 ], [ 118.572942852112675, 31.742841137723662 ], [ 118.572784201139996, 31.742843128136499 ], [ 118.572563314402089, 31.742845849259279 ] ] ], [ [ [ 118.575258341055374, 31.743089973338627 ], [ 118.57543105, 31.74314236 ], [ 118.57642901, 31.74343514 ], [ 118.57668125, 31.74351133 ], [ 118.576972925731113, 31.743598257567474 ], [ 118.576429014805996, 31.743435136639299 ], [ 118.575258341055374, 31.743089973338627 ] ] ], [ [ [ 118.57807408787518, 31.743927438758405 ], [ 118.57841677, 31.74402956 ], [ 118.57892018, 31.74417489 ], [ 118.57941457, 31.74432421 ], [ 118.57990895, 31.74447151 ], [ 118.58041232, 31.74461881 ], [ 118.5806555, 31.74469495 ], [ 118.580776663610351, 31.74472977966045 ], [ 118.580412321161006, 31.744618807329299 ], [ 118.578920182428007, 31.744174890304102 ], [ 118.57807408787518, 31.743927438758405 ] ] ], [ [ [ 118.581405710194261, 31.744912130573343 ], [ 118.58166218, 31.7449875 ], [ 118.581907229564294, 31.745061480343931 ], [ 118.581662183229, 31.744987498068099 ], [ 118.581405710194261, 31.744912130573343 ] ] ], [ [ [ 118.581932952666975, 31.745069171548241 ], [ 118.58240866, 31.74521088 ], [ 118.582521319510832, 31.745244436260933 ], [ 118.582408657792001, 31.745210877508999 ], [ 118.581932952666975, 31.745069171548241 ] ] ], [ [ [ 118.583234124325799, 31.745456967772473 ], [ 118.58340625, 31.74550835 ], [ 118.583642511901644, 31.745571499880622 ], [ 118.583406245389, 31.745508345394299 ], [ 118.583234124325799, 31.745456967772473 ] ] ], [ [ [ 118.584039339218521, 31.745666446489579 ], [ 118.58455186, 31.74578182 ], [ 118.584930181850766, 31.745864677839801 ], [ 118.584551860383996, 31.745781819364002 ], [ 118.584039339218521, 31.745666446489579 ] ] ], [ [ [ 118.585148194088418, 31.74591325490363 ], [ 118.58556735, 31.74600919 ], [ 118.58607957, 31.74612136 ], [ 118.586444538034698, 31.746206326525435 ], [ 118.586079573358006, 31.7461213568054 ], [ 118.585148194088418, 31.74591325490363 ] ] ], [ [ [ 118.586765721396333, 31.746278923547433 ], [ 118.58709498, 31.74635166 ], [ 118.587558576961612, 31.746455869297883 ], [ 118.587094977806998, 31.746351656796101 ], [ 118.586765721396333, 31.746278923547433 ] ] ], [ [ [ 118.588162340411301, 31.746631434822525 ], [ 118.58831837, 31.74682198 ], [ 118.588462194386921, 31.747003838131164 ], [ 118.588318374923006, 31.7468219806014 ], [ 118.588162340411301, 31.746631434822525 ] ] ], [ [ [ 118.588763102570766, 31.747384333025437 ], [ 118.58920354, 31.74794227 ], [ 118.58979363, 31.74868644 ], [ 118.589915395421855, 31.748835855351881 ], [ 118.588763102570766, 31.747384333025437 ] ] ], [ [ [ 118.590703651029969, 31.749823206946548 ], [ 118.59099176, 31.75017675 ], [ 118.591142260242961, 31.750367061235298 ], [ 118.590991759069993, 31.750176745148199 ], [ 118.590703651029969, 31.749823206946548 ] ] ], [ [ [ 118.591727483725194, 31.751111681728798 ], [ 118.5918768, 31.75129393 ], [ 118.5927618, 31.75241408 ], [ 118.592836638264217, 31.752505178354184 ], [ 118.591876802425006, 31.751293931465501 ], [ 118.591727483725194, 31.751111681728798 ] ] ], [ [ [ 118.593128752739815, 31.752863955217975 ], [ 118.59336078, 31.75315817 ], [ 118.593486574646931, 31.753317243789443 ], [ 118.593360783557003, 31.7531581677312 ], [ 118.593128752739815, 31.752863955217975 ] ] ], [ [ [ 118.59381036875395, 31.753726716558202 ], [ 118.59395074, 31.75390424 ], [ 118.594106982841836, 31.754094940767096 ], [ 118.593950743600004, 31.753904236288498 ], [ 118.59381036875395, 31.753726716558202 ] ] ], [ [ [ 118.595016502109218, 31.75524325187979 ], [ 118.59572951, 31.75613935 ], [ 118.59599848, 31.75627533 ], [ 118.59645842, 31.75650529 ], [ 118.59691035, 31.75673524 ], [ 118.597160976632139, 31.756861931729198 ], [ 118.596458422641007, 31.756505289531599 ], [ 118.595729514770994, 31.7561393521509 ], [ 118.595016502109218, 31.75524325187979 ] ] ], [ [ [ 118.59798187870642, 31.757274876477613 ], [ 118.59827307, 31.75742304 ], [ 118.59873296, 31.75762995 ], [ 118.598870960464339, 31.757685016127489 ], [ 118.59798187870642, 31.757274876477613 ] ] ], [ [ [ 118.599919003537877, 31.758100019735714 ], [ 118.59993062, 31.75810466 ], [ 118.599948396226253, 31.75811158894448 ], [ 118.599930623115, 31.758104661168701 ], [ 118.599919003537877, 31.758100019735714 ] ] ], [ [ [ 118.601001804117416, 31.758996116893112 ], [ 118.60111416, 31.7591904 ], [ 118.601114161760236, 31.7591904000851 ], [ 118.601001804117416, 31.758996116893112 ] ] ], [ [ [ 118.605752819078702, 31.758059522876906 ], [ 118.60581414, 31.75804208 ], [ 118.606003709965492, 31.757987169391868 ], [ 118.605814136819006, 31.758042080098299 ], [ 118.605752819078702, 31.758059522876906 ] ] ], [ [ [ 118.606454566218943, 31.757845085585434 ], [ 118.60680358, 31.75771647 ], [ 118.607072136873299, 31.757598259827621 ], [ 118.606803580909997, 31.757716465927299 ], [ 118.606454566218943, 31.757845085585434 ] ] ], [ [ [ 118.607338970343278, 31.757479892600536 ], [ 118.60750617, 31.757404 ], [ 118.607831591308184, 31.757259355192804 ], [ 118.607506165055995, 31.757403995521301 ], [ 118.607338970343278, 31.757479892600536 ] ] ], [ [ [ 118.608376056988277, 31.757019060417562 ], [ 118.60844357, 31.75698934 ], [ 118.608453138279629, 31.756984270003443 ], [ 118.608443573648003, 31.756989337902699 ], [ 118.608376056988277, 31.757019060417562 ] ] ], [ [ [ 118.609350900243456, 31.756165231946483 ], [ 118.60938098, 31.75613459 ], [ 118.609600796059553, 31.755893202789366 ], [ 118.609380980262003, 31.7561345887896 ], [ 118.609350900243456, 31.756165231946483 ] ] ], [ [ [ 118.610687699750187, 31.754726963901572 ], [ 118.6106911, 31.75472346 ], [ 118.610691101586923, 31.754723458304653 ], [ 118.610687699750187, 31.754726963901572 ] ] ], [ [ [ 118.611191112849525, 31.754183657751327 ], [ 118.61150752, 31.75383972 ], [ 118.61161251001387, 31.753733396394736 ], [ 118.611507515240007, 31.753839720191401 ], [ 118.611191112849525, 31.754183657751327 ] ] ], [ [ [ 118.611772618904766, 31.753604807397814 ], [ 118.61190621, 31.75352337 ], [ 118.612221852631961, 31.753333838845997 ], [ 118.611906207432, 31.753523365660701 ], [ 118.611772618904766, 31.753604807397814 ] ] ], [ [ [ 118.612396384625825, 31.75322747312639 ], [ 118.61254869, 31.7531318 ], [ 118.612824718836293, 31.752962538628758 ], [ 118.612548685779998, 31.753131796949098 ], [ 118.612396384625825, 31.75322747312639 ] ] ], [ [ [ 118.613793751416367, 31.752376294070334 ], [ 118.614049397079881, 31.752218411803415 ], [ 118.614049395367999, 31.7522184092035 ], [ 118.613793751416367, 31.752376294070334 ] ] ], [ [ [ 118.614189183687685, 31.75243071283651 ], [ 118.61430212, 31.75260224 ], [ 118.61452689, 31.75272105 ], [ 118.614622040626344, 31.752770490226684 ], [ 118.614189183687685, 31.75243071283651 ] ] ], [ [ [ 118.615125365729753, 31.753036888983896 ], [ 118.6151952, 31.75307549 ], [ 118.615373129815097, 31.753165531157066 ], [ 118.615195204634006, 31.753075490953499 ], [ 118.615125365729753, 31.753036888983896 ] ] ], [ [ [ 118.615508668295291, 31.753236019465216 ], [ 118.61609824, 31.75354871 ], [ 118.616568393806304, 31.753797077211942 ], [ 118.616098244064005, 31.7535487083574 ], [ 118.615508668295291, 31.753236019465216 ] ] ], [ [ [ 118.616818806438431, 31.75392857457323 ], [ 118.61700125, 31.7540209 ], [ 118.617064779383838, 31.754102065154498 ], [ 118.617001248679003, 31.7540208967004 ], [ 118.616818806438431, 31.75392857457323 ] ] ], [ [ [ 118.617427786608516, 31.755024965651234 ], [ 118.61747762, 31.75523658 ], [ 118.617544923123788, 31.755518983522258 ], [ 118.617477623354006, 31.755236581231301 ], [ 118.617427786608516, 31.755024965651234 ] ] ], [ [ [ 118.617606903757718, 31.755781935875458 ], [ 118.61763439, 31.75590051 ], [ 118.61770329, 31.75619148 ], [ 118.61781903106467, 31.75627495114578 ], [ 118.617606903757718, 31.755781935875458 ] ] ], [ [ [ 118.61846279407996, 31.756743824759905 ], [ 118.61851033, 31.75677873 ], [ 118.61854396245532, 31.756803615929222 ], [ 118.618510332634997, 31.7567787314517 ], [ 118.61846279407996, 31.756743824759905 ] ] ], [ [ [ 118.619109600592466, 31.757219160444322 ], [ 118.6191134739191, 31.75722206524539 ], [ 118.619109603924997, 31.7572191628852 ], [ 118.619109600592466, 31.757219160444322 ] ] ], [ [ [ 118.620219475859031, 31.758039274087725 ], [ 118.6203071, 31.75810499 ], [ 118.62070659, 31.75839559 ], [ 118.620733282174143, 31.758450918779964 ], [ 118.620219475859031, 31.758039274087725 ] ] ], [ [ [ 118.620839802860175, 31.758675220477734 ], [ 118.62091429, 31.75884242 ], [ 118.621227085675443, 31.759606084845455 ], [ 118.620914294456, 31.758842417087401 ], [ 118.620839802860175, 31.758675220477734 ] ] ], [ [ [ 118.621384134145615, 31.759990317700627 ], [ 118.62143553, 31.760116 ], [ 118.62153139, 31.76032892 ], [ 118.62160927, 31.76054186 ], [ 118.62171982879633, 31.760799094439477 ], [ 118.621531391532997, 31.760328919345099 ], [ 118.621384134145615, 31.759990317700627 ] ] ], [ [ [ 118.622051617963834, 31.76160949491533 ], [ 118.62247707, 31.761564 ], [ 118.62298941, 31.76150739 ], [ 118.623149285931419, 31.761488744552818 ], [ 118.622051617963834, 31.76160949491533 ] ] ], [ [ [ 118.623718015443671, 31.761441832086373 ], [ 118.62387423, 31.76143932 ], [ 118.624110319037257, 31.761431524164745 ], [ 118.623874233053002, 31.761439317092702 ], [ 118.623718015443671, 31.761441832086373 ] ] ], [ [ [ 118.624432550543659, 31.761423646396228 ], [ 118.62466416, 31.76141735 ], [ 118.624791550143769, 31.76141327863759 ], [ 118.624664156259996, 31.7614173473739 ], [ 118.624432550543659, 31.761423646396228 ] ] ], [ [ [ 118.625053410244789, 31.761405989314088 ], [ 118.62519342, 31.76140269 ], [ 118.62545406, 31.76139636 ], [ 118.62571469, 31.76138703 ], [ 118.626165319984665, 31.761376233408274 ], [ 118.625714688299993, 31.7613870276254 ], [ 118.625053410244789, 31.761405989314088 ] ] ], [ [ [ 118.627367605609876, 31.761343406821393 ], [ 118.62782262, 31.76133228 ], [ 118.62809222, 31.76132392 ], [ 118.62834384, 31.76131558 ], [ 118.62861243, 31.76131122 ], [ 118.62894535215699, 31.761299818316068 ], [ 118.628612431752003, 31.761311216544399 ], [ 118.628343838974999, 31.761315579774301 ], [ 118.627367605609876, 31.761343406821393 ] ] ], [ [ [ 118.629877017927484, 31.761274751611595 ], [ 118.6299324, 31.7612734 ], [ 118.62996048937319, 31.761272497785587 ], [ 118.629932396106, 31.7612733995391 ], [ 118.629877017927484, 31.761274751611595 ] ] ], [ [ [ 118.630372433695968, 31.761260773916508 ], [ 118.63046156, 31.76125866 ], [ 118.63099072, 31.76124291 ], [ 118.6312513, 31.76123854 ], [ 118.631416514135125, 31.761233226873696 ], [ 118.630990721757996, 31.761242907652701 ], [ 118.630372433695968, 31.761260773916508 ] ] ], [ [ [ 118.631958446174963, 31.76121878483945 ], [ 118.63204102, 31.7612174 ], [ 118.63242930309471, 31.761204169816629 ], [ 118.632041023496001, 31.761217397721701 ], [ 118.631958446174963, 31.76121878483945 ] ] ], [ [ [ 118.632988182852614, 31.761190175953082 ], [ 118.63309129, 31.76118686 ], [ 118.63349063, 31.76111726 ], [ 118.6336160580653, 31.761092998507479 ], [ 118.632988182852614, 31.761190175953082 ] ] ], [ [ [ 118.63465552196223, 31.760903842315479 ], [ 118.63477546, 31.7608803 ], [ 118.635153326738148, 31.760813598830577 ], [ 118.634775463772996, 31.760880295828901 ], [ 118.63465552196223, 31.760903842315479 ] ] ], [ [ [ 118.635504841136836, 31.760751217971197 ], [ 118.63581667, 31.76069568 ], [ 118.636084147915852, 31.760646682512572 ], [ 118.635816673327, 31.7606956774334 ], [ 118.635504841136836, 31.760751217971197 ] ] ], [ [ [ 118.63681042407444, 31.759777517555491 ], [ 118.63683197, 31.75970997 ], [ 118.636888556301855, 31.759506399594603 ], [ 118.636831969558003, 31.759709967326 ], [ 118.63681042407444, 31.759777517555491 ] ] ], [ [ [ 118.637042885118589, 31.758949520520929 ], [ 118.63719644, 31.75839522 ], [ 118.637254381941631, 31.758200476152073 ], [ 118.637196437032003, 31.758395220994199 ], [ 118.637042885118589, 31.758949520520929 ] ] ], [ [ [ 118.637785119027839, 31.756305198521709 ], [ 118.63788242, 31.75598582 ], [ 118.63804714, 31.75581054 ], [ 118.638167518053123, 31.755681698721478 ], [ 118.637785119027839, 31.756305198521709 ] ] ], [ [ [ 118.63889773693576, 31.754906833322753 ], [ 118.63949661, 31.75436702 ], [ 118.63999171, 31.75420619 ], [ 118.64047781, 31.75404637 ], [ 118.640633937529003, 31.753996177122922 ], [ 118.640477810403993, 31.7540463682917 ], [ 118.639496610272005, 31.754367015045901 ], [ 118.63889773693576, 31.754906833322753 ] ] ], [ [ [ 118.641660810790583, 31.75366080690214 ], [ 118.64245611, 31.75340499 ], [ 118.642697030463111, 31.753199883470682 ], [ 118.642456108763994, 31.7534049896102 ], [ 118.641660810790583, 31.75366080690214 ] ] ], [ [ [ 118.64281631077985, 31.752947477514841 ], [ 118.64282045, 31.75293431 ], [ 118.642825350697308, 31.752918036672138 ], [ 118.642820448560997, 31.7529343142686 ], [ 118.64281631077985, 31.752947477514841 ] ] ], [ [ [ 118.643007216708938, 31.752323224791301 ], [ 118.64309001, 31.75206175 ], [ 118.643219401060634, 31.751613429848874 ], [ 118.643090005229993, 31.752061746821699 ], [ 118.643007216708938, 31.752323224791301 ] ] ], [ [ [ 118.643307620240705, 31.751311455684696 ], [ 118.6433416, 31.75118921 ], [ 118.643341619472608, 31.750918179619042 ], [ 118.643341595183003, 31.751189209261 ], [ 118.643307620240705, 31.751311455684696 ] ] ], [ [ [ 118.641521567752037, 31.749609940822598 ], [ 118.64132762, 31.74946838 ], [ 118.64092041, 31.74917802 ], [ 118.64051221, 31.74888966 ], [ 118.63991337, 31.74845059 ], [ 118.63950515, 31.74816222 ], [ 118.63910591, 31.74787183 ], [ 118.638981191320383, 31.747783116651803 ], [ 118.639505151053001, 31.7481622220985 ], [ 118.639913367345002, 31.748450591923 ], [ 118.640512208556999, 31.748889663283101 ], [ 118.641521567752037, 31.749609940822598 ] ] ], [ [ [ 118.637325387414194, 31.746597458427665 ], [ 118.63708371, 31.74642288 ], [ 118.636953104973699, 31.746329660162615 ], [ 118.637083711933002, 31.746422883720498 ], [ 118.637325387414194, 31.746597458427665 ] ] ], [ [ [ 118.636563690482532, 31.745834629162633 ], [ 118.636649882795609, 31.745685052552901 ], [ 118.636563689753004, 31.745834627225101 ], [ 118.636563690482532, 31.745834629162633 ] ] ], [ [ [ 118.636903169072781, 31.745237609019131 ], [ 118.63714475, 31.74482059 ], [ 118.63737038, 31.74441519 ], [ 118.637435995257945, 31.744380075486241 ], [ 118.636903169072781, 31.745237609019131 ] ] ], [ [ [ 118.637722060264039, 31.744226729842445 ], [ 118.63785653, 31.74415439 ], [ 118.637962983536696, 31.744098058336828 ], [ 118.637856526617, 31.744154388212401 ], [ 118.637722060264039, 31.744226729842445 ] ] ], [ [ [ 118.638306474400878, 31.743913898926731 ], [ 118.63852435, 31.74379628 ], [ 118.638640228732413, 31.743734958119266 ], [ 118.638524345658993, 31.743796278466601 ], [ 118.638306474400878, 31.743913898926731 ] ] ], [ [ [ 118.639036619584189, 31.74352247685086 ], [ 118.63919315, 31.74343816 ], [ 118.639264261837511, 31.743401809484549 ], [ 118.639193151018006, 31.743438157451301 ], [ 118.639036619584189, 31.74352247685086 ] ] ], [ [ [ 118.639952232608167, 31.743034658265032 ], [ 118.64032111, 31.74284125 ], [ 118.6407643, 31.74260249 ], [ 118.641033646044974, 31.742473709246578 ], [ 118.639952232608167, 31.743034658265032 ] ] ], [ [ [ 118.641049770815343, 31.742465999785093 ], [ 118.641084694927571, 31.742456794496931 ], [ 118.641049772407001, 31.742465999024098 ], [ 118.641049770815343, 31.742465999785093 ] ] ], [ [ [ 118.641894951999419, 31.742243731520482 ], [ 118.64205688, 31.74220129 ], [ 118.6423084, 31.74213186 ], [ 118.642946242019818, 31.74196391623968 ], [ 118.642308404519, 31.742131856808999 ], [ 118.641894951999419, 31.742243731520482 ] ] ], [ [ [ 118.643931928871083, 31.741937074593711 ], [ 118.64410493, 31.74200279 ], [ 118.644306538941649, 31.742078618441642 ], [ 118.644104929624007, 31.742002787769401 ], [ 118.643931928871083, 31.741937074593711 ] ] ], [ [ [ 118.645204385210832, 31.742414224995386 ], [ 118.64555501, 31.74255035 ], [ 118.645940529508749, 31.742378934267116 ], [ 118.645555014579998, 31.7425503450376 ], [ 118.645204385210832, 31.742414224995386 ] ] ], [ [ [ 118.647052957062954, 31.741886999696781 ], [ 118.64706504, 31.74188162 ], [ 118.647065039955336, 31.741881619841607 ], [ 118.647052957062954, 31.741886999696781 ] ] ], [ [ [ 118.64702429608127, 31.741737149531215 ], [ 118.64698723, 31.74160572 ], [ 118.646884898956955, 31.741237286872959 ], [ 118.646987226362995, 31.741605722907401 ], [ 118.64702429608127, 31.741737149531215 ] ] ], [ [ [ 118.64677057164424, 31.740825366324682 ], [ 118.6467438, 31.74072905 ], [ 118.646626477069347, 31.740306062858309 ], [ 118.646743796324003, 31.740729049608699 ], [ 118.64677057164424, 31.740825366324682 ] ] ], [ [ [ 118.646384846290914, 31.739465182344954 ], [ 118.64630981, 31.73919463 ], [ 118.646249283077807, 31.738974929007849 ], [ 118.646309806977001, 31.73919463467 ], [ 118.646384846290914, 31.739465182344954 ] ] ], [ [ [ 118.645976984760679, 31.737973283086088 ], [ 118.64595464, 31.73787811 ], [ 118.64583292, 31.73743927 ], [ 118.645826745653295, 31.73740381989505 ], [ 118.645832919371003, 31.737439268564898 ], [ 118.645976984760679, 31.737973283086088 ] ] ], [ [ [ 118.645747227117639, 31.736193048430717 ], [ 118.64574621, 31.73613527 ], [ 118.64573727, 31.73568624 ], [ 118.6458822185336, 31.735125052294546 ], [ 118.645747227117639, 31.736193048430717 ] ] ], [ [ [ 118.646172236929175, 31.734614742478726 ], [ 118.64640606, 31.73424491 ], [ 118.646482143619181, 31.734156805462174 ], [ 118.646406058306994, 31.734244906957201 ], [ 118.646172236929175, 31.734614742478726 ] ] ], [ [ [ 118.646715108304363, 31.733896717397169 ], [ 118.64672645, 31.7338843 ], [ 118.64704783, 31.7335267 ], [ 118.647109165644792, 31.733455673559689 ], [ 118.646715108304363, 31.733896717397169 ] ] ], [ [ [ 118.647477370358587, 31.733090603610581 ], [ 118.64768958, 31.7329425 ], [ 118.64788919, 31.73280113 ], [ 118.648105375121119, 31.732656142888786 ], [ 118.647477370358587, 31.733090603610581 ] ] ], [ [ [ 118.648677563878749, 31.732325306645137 ], [ 118.64893111, 31.73224321 ], [ 118.64921710957276, 31.732251867167665 ], [ 118.648931105448, 31.7322432050176 ], [ 118.648677563878749, 31.732325306645137 ] ] ], [ [ [ 118.649711968005548, 31.732266510111231 ], [ 118.64998193, 31.73227432 ], [ 118.65051083, 31.73228936 ], [ 118.650658919738191, 31.732293069990369 ], [ 118.649711968005548, 31.732266510111231 ] ] ], [ [ [ 118.651538113982127, 31.732317657671523 ], [ 118.65183007, 31.73232596 ], [ 118.65235995, 31.73233899 ], [ 118.65288085, 31.73235603 ], [ 118.653022473319822, 31.732360052126918 ], [ 118.652359950106998, 31.732338985917 ], [ 118.651538113982127, 31.732317657671523 ] ] ], [ [ [ 118.653887483390861, 31.732383010365176 ], [ 118.6547289, 31.73240861 ], [ 118.65577964, 31.73243665 ], [ 118.6563085, 31.73244966 ], [ 118.65682937, 31.73246668 ], [ 118.656916591052394, 31.732469149219188 ], [ 118.656308500975996, 31.732449657053898 ], [ 118.653887483390861, 31.732383010365176 ] ] ], [ [ [ 118.657686278068084, 31.732489579307039 ], [ 118.65789705, 31.73249467 ], [ 118.658029828406569, 31.7324861568381 ], [ 118.657897050502001, 31.7324946683135 ], [ 118.657686278068084, 31.732489579307039 ] ] ], [ [ [ 118.658742765808341, 31.732379370464635 ], [ 118.658844, 31.73235786 ], [ 118.658975760606197, 31.732329572249405 ], [ 118.658843996775005, 31.732357859872 ], [ 118.658742765808341, 31.732379370464635 ] ] ], [ [ [ 118.659770616099635, 31.732161585860364 ], [ 118.66011923, 31.73208941 ], [ 118.66063211, 31.73198042 ], [ 118.66114399, 31.73187443 ], [ 118.661218134273, 31.731858341635117 ], [ 118.660632109044997, 31.731980416546701 ], [ 118.660119226603001, 31.7320894061499 ], [ 118.659770616099635, 31.732161585860364 ] ] ], [ [ [ 118.661740872306069, 31.731747645861731 ], [ 118.66242825, 31.731605 ], [ 118.66294113, 31.73149601 ], [ 118.663240906549234, 31.731431642301725 ], [ 118.661740872306069, 31.731747645861731 ] ] ], [ [ [ 118.664164279814358, 31.731334319475895 ], [ 118.66442486, 31.73131415 ], [ 118.664766658303947, 31.731288550399661 ], [ 118.664424861379999, 31.731314145165101 ], [ 118.664164279814358, 31.731334319475895 ] ] ], [ [ [ 118.665344293777935, 31.731245295001749 ], [ 118.66599639, 31.73119712 ], [ 118.667316988293095, 31.731096631435985 ], [ 118.665996389469001, 31.731197118488101 ], [ 118.665344293777935, 31.731245295001749 ] ] ], [ [ [ 118.66925687828217, 31.731028466426569 ], [ 118.66928611, 31.73102979 ], [ 118.669297435055313, 31.73103042057101 ], [ 118.669286105772997, 31.7310297896572 ], [ 118.66925687828217, 31.731028466426569 ] ] ], [ [ [ 118.669787636967087, 31.731055867615481 ], [ 118.67006737, 31.7310693 ], [ 118.670194635758236, 31.731076140416405 ], [ 118.670067369848994, 31.7310692972796 ], [ 118.669787636967087, 31.731055867615481 ] ] ], [ [ [ 118.67060517863311, 31.731095269941488 ], [ 118.67060518, 31.73109527 ], [ 118.670630671436598, 31.731088427743174 ], [ 118.67060517863311, 31.731095269941488 ] ] ], [ [ [ 118.671696491126724, 31.730802143135342 ], [ 118.67186442, 31.73075683 ], [ 118.67217674, 31.73063922 ], [ 118.672230663114988, 31.730599393036279 ], [ 118.671696491126724, 31.730802143135342 ] ] ], [ [ [ 118.672640771878449, 31.730295840596195 ], [ 118.67277546, 31.73019603 ], [ 118.672897740917904, 31.730103878530066 ], [ 118.672775456916995, 31.730196030310399 ], [ 118.672640771878449, 31.730295840596195 ] ] ], [ [ [ 118.673448960995572, 31.729696808849774 ], [ 118.67357375, 31.72960645 ], [ 118.67362432781627, 31.729568333531752 ], [ 118.673573749634997, 31.7296064483143 ], [ 118.673448960995572, 31.729696808849774 ] ] ], [ [ [ 118.674083123770458, 31.729222594322366 ], [ 118.67456364, 31.72886649 ], [ 118.67476321, 31.7287161 ], [ 118.674901957595395, 31.728634445518821 ], [ 118.674083123770458, 31.729222594322366 ] ] ], [ [ [ 118.675343996506726, 31.728431448907472 ], [ 118.67535394, 31.72842795 ], [ 118.675362954187307, 31.728424623955217 ], [ 118.675353943133999, 31.728427948797101 ], [ 118.675343996506726, 31.728431448907472 ] ] ], [ [ [ 118.676172777348881, 31.728122535592163 ], [ 118.67680382, 31.72789216 ], [ 118.677371636145395, 31.727682100654167 ], [ 118.676803820722995, 31.727892159509899 ], [ 118.676172777348881, 31.728122535592163 ] ] ], [ [ [ 118.678453816021602, 31.72734780633202 ], [ 118.67855706, 31.72731682 ], [ 118.678906582336339, 31.727213052246128 ], [ 118.678557062007997, 31.727316816750299 ], [ 118.678453816021602, 31.72734780633202 ] ] ], [ [ [ 118.679761724966696, 31.72695462866384 ], [ 118.67979842, 31.72694347 ], [ 118.680017145873336, 31.726673403504265 ], [ 118.679798415698002, 31.726943470494099 ], [ 118.679761724966696, 31.72695462866384 ] ] ], [ [ [ 118.680340461594852, 31.726288143115834 ], [ 118.68038821, 31.72623131 ], [ 118.680642447493952, 31.725925102413161 ], [ 118.680388212658997, 31.726231305697599 ], [ 118.680340461594852, 31.726288143115834 ] ] ], [ [ [ 118.680780003118926, 31.725755641864001 ], [ 118.68084029, 31.72568042 ], [ 118.680840291511146, 31.725680417867149 ], [ 118.680780003118926, 31.725755641864001 ] ] ], [ [ [ 118.681290871828864, 31.724909811901998 ], [ 118.6814471, 31.72459719 ], [ 118.681532971217194, 31.724408794948836 ], [ 118.681447095213002, 31.724597188677201 ], [ 118.681290871828864, 31.724909811901998 ] ] ], [ [ [ 118.681854031231396, 31.723770869049716 ], [ 118.6819601, 31.72356014 ], [ 118.68198161341806, 31.723516568021864 ], [ 118.681960096569995, 31.7235601436332 ], [ 118.681854031231396, 31.723770869049716 ] ] ], [ [ [ 118.682139171949657, 31.72312085396808 ], [ 118.68217669, 31.72300669 ], [ 118.682198201973065, 31.722786811589842 ], [ 118.682176686437998, 31.723006692011602 ], [ 118.682139171949657, 31.72312085396808 ] ] ], [ [ [ 118.682410897011948, 31.720469006941389 ], [ 118.68241142, 31.72045101 ], [ 118.682411136975702, 31.720447359805981 ], [ 118.682411419950995, 31.720451009871301 ], [ 118.682410897011948, 31.720469006941389 ] ] ], [ [ [ 118.682347057831819, 31.719619569523342 ], [ 118.68232471, 31.71932606 ], [ 118.682303302867737, 31.719140322374979 ], [ 118.682324705865994, 31.719326058299199 ], [ 118.682347057831819, 31.719619569523342 ] ] ], [ [ [ 118.682292589233441, 31.719021746604518 ], [ 118.6822639, 31.7186541 ], [ 118.682255166995816, 31.718544156585903 ], [ 118.682263895823993, 31.718654104289001 ], [ 118.682292589233441, 31.719021746604518 ] ] ], [ [ [ 118.682508603717579, 31.718113690285939 ], [ 118.68298443, 31.71796573 ], [ 118.68320337498831, 31.717896760360269 ], [ 118.682984432289004, 31.717965725987501 ], [ 118.682508603717579, 31.718113690285939 ] ] ], [ [ [ 118.684579239721231, 31.717464074632744 ], [ 118.68545832, 31.7171892 ], [ 118.685700820526961, 31.717110759306305 ], [ 118.685458319871003, 31.717189197746301 ], [ 118.684579239721231, 31.717464074632744 ] ] ], [ [ [ 118.686052084428098, 31.7166395542584 ], [ 118.68619586, 31.71644082 ], [ 118.686368156294407, 31.716194971064546 ], [ 118.686195860799003, 31.7164408153788 ], [ 118.686052084428098, 31.7166395542584 ] ] ], [ [ [ 118.686534713890168, 31.715963412369234 ], [ 118.68675179, 31.71567276 ], [ 118.686840884257165, 31.715617146441435 ], [ 118.686751785441004, 31.715672759957599 ], [ 118.686534713890168, 31.715963412369234 ] ] ], [ [ [ 118.687201123472747, 31.715389725303549 ], [ 118.68728173, 31.7153378 ], [ 118.687778903456802, 31.71502900051583 ], [ 118.687281729182999, 31.715337795732601 ], [ 118.687201123472747, 31.715389725303549 ] ] ], [ [ [ 118.689069109221634, 31.714223158823408 ], [ 118.68919995, 31.71414235 ], [ 118.68962512, 31.71387759 ], [ 118.689698804712975, 31.713832753307667 ], [ 118.689625116808998, 31.713877589048 ], [ 118.689069109221634, 31.714223158823408 ] ] ], [ [ [ 118.689971955370922, 31.713661538654929 ], [ 118.69005029, 31.71361084 ], [ 118.690376047820777, 31.713412178450781 ], [ 118.690050291188001, 31.713610835724801 ], [ 118.689971955370922, 31.713661538654929 ] ] ], [ [ [ 118.691195715655624, 31.71286749347998 ], [ 118.69121405, 31.71285379 ], [ 118.691214051644337, 31.712853788397034 ], [ 118.691195715655624, 31.71286749347998 ] ] ], [ [ [ 118.691218048935127, 31.71284989168295 ], [ 118.69174306, 31.71234785 ], [ 118.692404778422613, 31.711702781696907 ], [ 118.691743058208004, 31.7123478508544 ], [ 118.691218048935127, 31.71284989168295 ] ] ], [ [ [ 118.692528522522068, 31.711494582454328 ], [ 118.69255955, 31.7114344 ], [ 118.692436987126925, 31.71128831488036 ], [ 118.692559547740004, 31.711434403279601 ], [ 118.692528522522068, 31.711494582454328 ] ] ], [ [ [ 118.692131095688893, 31.710905575699794 ], [ 118.69210848, 31.71087711 ], [ 118.692108476975164, 31.710877106327604 ], [ 118.692131095688893, 31.710905575699794 ] ] ], [ [ [ 118.692108351669887, 31.710876954196774 ], [ 118.69180411, 31.71050758 ], [ 118.691559756897362, 31.710198587771323 ], [ 118.691804105716002, 31.7105075834824 ], [ 118.692108351669887, 31.710876954196774 ] ] ], [ [ [ 118.691205330730412, 31.70993054048995 ], [ 118.69120533, 31.70993054 ], [ 118.691110418481003, 31.709919040431743 ], [ 118.691205330730412, 31.70993054048995 ] ] ], [ [ [ 118.690241973433032, 31.709812818818897 ], [ 118.68990293, 31.70977174 ], [ 118.689773304530476, 31.709755541170832 ], [ 118.689902933851997, 31.709771743116001 ], [ 118.690241973433032, 31.709812818818897 ] ] ], [ [ [ 118.689487174337089, 31.709719779292136 ], [ 118.68938198, 31.70970663 ], [ 118.68922991860839, 31.709688795026629 ], [ 118.689381982965998, 31.7097066321722 ], [ 118.689487174337089, 31.709719779292136 ] ] ], [ [ [ 118.688048012003335, 31.709546481979565 ], [ 118.68781118, 31.70951734 ], [ 118.687524041477658, 31.709421346094025 ], [ 118.687811176582002, 31.7095173411657 ], [ 118.688048012003335, 31.709546481979565 ] ] ], [ [ [ 118.687434175678987, 31.709355262445953 ], [ 118.68715955, 31.70905144 ], [ 118.687005825476305, 31.708880898642072 ], [ 118.687159549624994, 31.709051442785299 ], [ 118.687434175678987, 31.709355262445953 ] ] ], [ [ [ 118.686509572220274, 31.708328266394176 ], [ 118.68619563, 31.70798105 ], [ 118.685857942573691, 31.707609890461367 ], [ 118.686195628630998, 31.7079810518002 ], [ 118.686509572220274, 31.708328266394176 ] ] ], [ [ [ 118.685388381023046, 31.707089411134987 ], [ 118.68512795, 31.70683285 ], [ 118.684907846219048, 31.706647454438528 ], [ 118.685127945811004, 31.706832854533399 ], [ 118.685388381023046, 31.707089411134987 ] ] ], [ [ [ 118.684602010202838, 31.706392935849632 ], [ 118.68456416, 31.70636182 ], [ 118.684492389075331, 31.706303164917443 ], [ 118.684564164318004, 31.706361824928699 ], [ 118.684602010202838, 31.706392935849632 ] ] ], [ [ [ 118.683929693447467, 31.705839163250491 ], [ 118.68361822, 31.70557846 ], [ 118.68342664, 31.7054208 ], [ 118.683403764623307, 31.705401995837839 ], [ 118.683929693447467, 31.705839163250491 ] ] ], [ [ [ 118.683050916373645, 31.705109173978265 ], [ 118.68286287, 31.70495178 ], [ 118.68267229, 31.70479311 ], [ 118.682485590111497, 31.704640533635612 ], [ 118.683050916373645, 31.705109173978265 ] ] ], [ [ [ 118.682178013162016, 31.704387936254719 ], [ 118.68209855, 31.70432212 ], [ 118.68172537, 31.70400978 ], [ 118.681667871117298, 31.703961911531486 ], [ 118.682098545629003, 31.704322122227701 ], [ 118.682178013162016, 31.704387936254719 ] ] ], [ [ [ 118.681451158643796, 31.703783164612062 ], [ 118.68134321, 31.70369545 ], [ 118.681145642857928, 31.703533046450428 ], [ 118.681343210668999, 31.703695454256099 ], [ 118.681451158643796, 31.703783164612062 ] ] ], [ [ [ 118.680877085589344, 31.703308756933172 ], [ 118.68077946, 31.70322445 ], [ 118.680042795874385, 31.702617099939562 ], [ 118.680779458269001, 31.7032244526198 ], [ 118.680877085589344, 31.703308756933172 ] ] ], [ [ [ 118.679726806026665, 31.702354203874371 ], [ 118.67964199, 31.70228448 ], [ 118.679510532420423, 31.702175040081979 ], [ 118.679641985824006, 31.702284478854001 ], [ 118.679726806026665, 31.702354203874371 ] ] ], [ [ [ 118.67930117102442, 31.702003034086481 ], [ 118.67906926, 31.7018135 ], [ 118.678938752950188, 31.701700089881186 ], [ 118.679069263608994, 31.7018135045486 ], [ 118.67930117102442, 31.702003034086481 ] ] ], [ [ [ 118.678748431344403, 31.701541852257478 ], [ 118.67850453, 31.70134252 ], [ 118.678453433732258, 31.701299981780672 ], [ 118.678504527469997, 31.701342518701299 ], [ 118.678748431344403, 31.701541852257478 ] ] ], [ [ [ 118.678126780040017, 31.701027201211275 ], [ 118.67794079, 31.70087153 ], [ 118.67783622774958, 31.700786027695216 ], [ 118.677940792273006, 31.700871534113698 ], [ 118.678126780040017, 31.701027201211275 ] ] ], [ [ [ 118.677683590412428, 31.700660239760907 ], [ 118.67755865, 31.70055622 ], [ 118.677292680759876, 31.700333614380227 ], [ 118.677558650975996, 31.700556224453699 ], [ 118.677683590412428, 31.700660239760907 ] ] ], [ [ [ 118.677138386974065, 31.700204931310974 ], [ 118.67699492, 31.70008624 ], [ 118.676642242281872, 31.699791851757201 ], [ 118.676994920525999, 31.7000862448653 ], [ 118.677138386974065, 31.700204931310974 ] ] ], [ [ [ 118.676609100522569, 31.699764212946601 ], [ 118.6764302, 31.69961527 ], [ 118.676354766725055, 31.699523691632848 ], [ 118.676430195014007, 31.6996152698275 ], [ 118.676609100522569, 31.699764212946601 ] ] ], [ [ [ 118.675897309328548, 31.69896370003395 ], [ 118.67579665, 31.6988364 ], [ 118.67563103, 31.6986517 ], [ 118.67510219, 31.6986387 ], [ 118.67508424923551, 31.698638377501471 ], [ 118.675631029724997, 31.698651701796699 ], [ 118.675897309328548, 31.69896370003395 ] ] ], [ [ [ 118.674033549359123, 31.698618390833758 ], [ 118.67326124, 31.69860119 ], [ 118.67300181, 31.69859668 ], [ 118.67247198, 31.69858869 ], [ 118.67237548101275, 31.698586368866231 ], [ 118.672471984159003, 31.698588692491398 ], [ 118.673261241758993, 31.698601190374401 ], [ 118.674033549359123, 31.698618390833758 ] ] ], [ [ [ 118.671529664299712, 31.69856908509643 ], [ 118.67141333, 31.69856671 ], [ 118.6711519, 31.69856021 ], [ 118.671123959574373, 31.698559727195626 ], [ 118.671413325944002, 31.698566711242901 ], [ 118.671529664299712, 31.69856908509643 ] ] ], [ [ [ 118.670184037761558, 31.698541352184019 ], [ 118.66983283, 31.69853473 ], [ 118.66957241, 31.69853023 ], [ 118.669503960590447, 31.698529091759568 ], [ 118.670184037761558, 31.698541352184019 ] ] ], [ [ [ 118.669088259347077, 31.698521210612494 ], [ 118.66878216, 31.69851474 ], [ 118.668476184071181, 31.698420339922976 ], [ 118.668782159968998, 31.6985147445241 ], [ 118.669088259347077, 31.698521210612494 ] ] ], [ [ [ 118.667926947516833, 31.698089145052041 ], [ 118.66772356, 31.69794173 ], [ 118.666813330599751, 31.697295820702294 ], [ 118.667723559785003, 31.697941731125201 ], [ 118.667926947516833, 31.698089145052041 ] ] ], [ [ [ 118.666081859085182, 31.696369023012892 ], [ 118.66595265, 31.69615799 ], [ 118.665798093302016, 31.695903034622116 ], [ 118.665952648078999, 31.696157994660201 ], [ 118.666081859085182, 31.696369023012892 ] ] ], [ [ [ 118.665191831339669, 31.694919909515466 ], [ 118.66509368, 31.69475854 ], [ 118.665146563832096, 31.694582408761889 ], [ 118.665093677597994, 31.694758539010401 ], [ 118.665191831339669, 31.694919909515466 ] ] ], [ [ [ 118.665198154361917, 31.694405851740395 ], [ 118.6652414, 31.69425022 ], [ 118.66537115, 31.69381494 ], [ 118.665407348324322, 31.693684054041825 ], [ 118.665241396216999, 31.694250218595698 ], [ 118.665198154361917, 31.694405851740395 ] ] ], [ [ [ 118.665699167719296, 31.69268213627171 ], [ 118.66575342, 31.69250111 ], [ 118.66581331, 31.69228198 ], [ 118.66594406, 31.6918457 ], [ 118.666026134567005, 31.691554977284536 ], [ 118.665944055937004, 31.691845698621702 ], [ 118.665813306407003, 31.692281980261601 ], [ 118.665699167719296, 31.69268213627171 ] ] ], [ [ [ 118.666169707808464, 31.69106226269588 ], [ 118.66632633, 31.69053287 ], [ 118.666329797766878, 31.690413219038827 ], [ 118.666326326855994, 31.6905328736594 ], [ 118.666169707808464, 31.69106226269588 ] ] ], [ [ [ 118.665587691077093, 31.689542128235747 ], [ 118.66545735, 31.68941546 ], [ 118.66510216, 31.68919613 ], [ 118.66467713, 31.68892893 ], [ 118.664612803135356, 31.688889039009389 ], [ 118.665587691077093, 31.689542128235747 ] ] ], [ [ [ 118.664070278756967, 31.68855190749391 ], [ 118.66357463, 31.68822599 ], [ 118.662813375289673, 31.687442285428133 ], [ 118.663574627241005, 31.688225993366601 ], [ 118.664070278756967, 31.68855190749391 ] ] ], [ [ [ 118.661986287893967, 31.686581860511524 ], [ 118.66172588, 31.6863144 ], [ 118.661125709665782, 31.685699031966472 ], [ 118.661386593141003, 31.685966974950301 ], [ 118.661986287893967, 31.686581860511524 ] ] ], [ [ [ 118.660294803494509, 31.684835680429984 ], [ 118.66004168, 31.68457645 ], [ 118.659791040721331, 31.684312802523785 ], [ 118.660041676141006, 31.684576452754701 ], [ 118.660294803494509, 31.684835680429984 ] ] ], [ [ [ 118.659276749348663, 31.683782617179173 ], [ 118.65903498, 31.6835343 ], [ 118.658953566097068, 31.683447941196608 ], [ 118.659034975105001, 31.683534302076801 ], [ 118.659276749348663, 31.683782617179173 ] ] ], [ [ [ 118.657580982899148, 31.682221341152076 ], [ 118.65750743, 31.68217611 ], [ 118.657359992973468, 31.682089963857635 ], [ 118.657507426687005, 31.6821761110834 ], [ 118.657580982899148, 31.682221341152076 ] ] ], [ [ [ 118.656891436082205, 31.681821139500954 ], [ 118.65684689, 31.68179633 ], [ 118.656813525737206, 31.681775815334998 ], [ 118.65684689359, 31.681796333424401 ], [ 118.656891436082205, 31.681821139500954 ] ] ], [ [ [ 118.656532425262313, 31.681608013337364 ], [ 118.65641286, 31.68154013 ], [ 118.65597882, 31.68128593 ], [ 118.65576229, 31.68115833 ], [ 118.655580914321433, 31.681051932718894 ], [ 118.656532425262313, 31.681608013337364 ] ] ], [ [ [ 118.655183489732579, 31.680817348275362 ], [ 118.6548942, 31.68064792 ], [ 118.65467768, 31.68052032 ], [ 118.654453609902916, 31.680388847695102 ], [ 118.654894204689001, 31.680647924681601 ], [ 118.655183489732579, 31.680817348275362 ] ] ], [ [ [ 118.653992230767997, 31.680117124288742 ], [ 118.65380958, 31.6800099 ], [ 118.653660169217034, 31.679922257762577 ], [ 118.653809579563998, 31.680009904496099 ], [ 118.653992230767997, 31.680117124288742 ] ] ], [ [ [ 118.65277156192154, 31.679406247739703 ], [ 118.65249843, 31.67924628 ], [ 118.652385169337734, 31.679176637380305 ], [ 118.652498428852994, 31.679246282218301 ], [ 118.65277156192154, 31.679406247739703 ] ] ], [ [ [ 118.651939469711166, 31.678916458774079 ], [ 118.65184783, 31.67886245 ], [ 118.65119623, 31.67848062 ], [ 118.650877981081663, 31.678292595895972 ], [ 118.651196234788998, 31.6784806242995 ], [ 118.651939469711166, 31.678916458774079 ] ] ], [ [ [ 118.650585811604685, 31.678121175382937 ], [ 118.65032809, 31.67797117 ], [ 118.650175861403824, 31.677880756590209 ], [ 118.650328090781997, 31.677971174420499 ], [ 118.650585811604685, 31.678121175382937 ] ] ], [ [ [ 118.649656298351388, 31.677841384140585 ], [ 118.64942596, 31.6779618 ], [ 118.649108294639205, 31.678136533955303 ], [ 118.649425959702995, 31.6779618040269 ], [ 118.649656298351388, 31.677841384140585 ] ] ], [ [ [ 118.647258225743457, 31.679227567363835 ], [ 118.64722135, 31.67925781 ], [ 118.647126393617555, 31.679335690870769 ], [ 118.647221348612007, 31.679257812685801 ], [ 118.647258225743457, 31.679227567363835 ] ] ], [ [ [ 118.646875595351361, 31.679540240879728 ], [ 118.6462662, 31.68003454 ], [ 118.646196576017658, 31.680091642038086 ], [ 118.646266202556006, 31.680034539506501 ], [ 118.646875595351361, 31.679540240879728 ] ] ], [ [ [ 118.645667351334879, 31.680562618678621 ], [ 118.64566735, 31.68056262 ], [ 118.645639066574873, 31.680616079068535 ], [ 118.645667351334879, 31.680562618678621 ] ] ], [ [ [ 118.645403173729093, 31.681066508068756 ], [ 118.64524212, 31.68138541 ], [ 118.645198413292746, 31.681468020923131 ], [ 118.645242123657994, 31.681385405913002 ], [ 118.645403173729093, 31.681066508068756 ] ] ], [ [ [ 118.644948657071694, 31.681948943048003 ], [ 118.64492170004938, 31.682002999900963 ], [ 118.644921702843007, 31.6820029983759 ], [ 118.644948657071694, 31.681948943048003 ] ] ], [ [ [ 118.644881686343822, 31.682024843749026 ], [ 118.644574370332478, 31.682192609818504 ], [ 118.644574371217004, 31.682192609889199 ], [ 118.644881686343822, 31.682024843749026 ] ] ], [ [ [ 118.644553084579158, 31.682190908556557 ], [ 118.6443049, 31.68217107 ], [ 118.644107815626143, 31.682156278079283 ], [ 118.644304903087004, 31.682171072672801 ], [ 118.644553084579158, 31.682190908556557 ] ] ], [ [ [ 118.644002854964242, 31.682148398912439 ], [ 118.64378393, 31.68213196 ], [ 118.643609986907734, 31.682118905420346 ], [ 118.643783926669002, 31.682131963885599 ], [ 118.644002854964242, 31.682148398912439 ] ] ], [ [ [ 118.642867005477356, 31.682063734258318 ], [ 118.64273397, 31.68205374 ], [ 118.642520707174597, 31.682038276308415 ], [ 118.642733971116002, 31.682053744989702 ], [ 118.642867005477356, 31.682063734258318 ] ] ], [ [ [ 118.642336724776015, 31.68202323751925 ], [ 118.64221298, 31.68201262 ], [ 118.642130664716333, 31.68200643924396 ], [ 118.642212976419003, 31.682012620968301 ], [ 118.642336724776015, 31.68202323751925 ] ] ], [ [ [ 118.641952478880029, 31.681993057237683 ], [ 118.641902984045558, 31.681870982276173 ], [ 118.641952476602, 31.681993057066599 ], [ 118.641952478880029, 31.681993057237683 ] ] ], [ [ [ 118.641562543031412, 31.681022589164172 ], [ 118.64149246, 31.68084076 ], [ 118.64140702414295, 31.680631283716995 ], [ 118.641492455995007, 31.680840757236599 ], [ 118.641562543031412, 31.681022589164172 ] ] ], [ [ [ 118.641206626283264, 31.680139275332134 ], [ 118.64106736, 31.6797724 ], [ 118.640913850944713, 31.679396902210669 ], [ 118.641067356795006, 31.679772401540902 ], [ 118.641206626283264, 31.680139275332134 ] ] ], [ [ [ 118.640889258851558, 31.679335284354604 ], [ 118.64086778, 31.6792757 ], [ 118.64079793, 31.67909781 ], [ 118.64066821, 31.678662 ], [ 118.640511820921063, 31.678150251728983 ], [ 118.640889258851558, 31.679335284354604 ] ] ], [ [ [ 118.64027330851404, 31.677352213944182 ], [ 118.64007849, 31.67669786 ], [ 118.63987892, 31.67604315 ], [ 118.63974818, 31.67582735 ], [ 118.63961844, 31.67562855 ], [ 118.63935796, 31.67523495 ], [ 118.639178539499611, 31.674954872537246 ], [ 118.639357955101005, 31.675234954169099 ], [ 118.639748179898007, 31.675827350925001 ], [ 118.639878917754004, 31.676043149118801 ], [ 118.64027330851404, 31.677352213944182 ] ] ], [ [ [ 118.63875582331562, 31.674299280711097 ], [ 118.63872421, 31.67424993 ], [ 118.63846372, 31.67385532 ], [ 118.638321453591374, 31.673632109203179 ], [ 118.638463718515993, 31.6738553244633 ], [ 118.63875582331562, 31.674299280711097 ] ] ], [ [ [ 118.638230023534007, 31.672968361941997 ], [ 118.63847283, 31.67247324 ], [ 118.6386725, 31.6720559 ], [ 118.63877633, 31.67184772 ], [ 118.63901779950028, 31.671585379004863 ], [ 118.638230023534007, 31.672968361941997 ] ] ], [ [ [ 118.639391372134966, 31.671185595491469 ], [ 118.63980054, 31.67075001 ], [ 118.640048904697352, 31.670491971996761 ], [ 118.639800536855006, 31.6707500052099 ], [ 118.639391372134966, 31.671185595491469 ] ] ], [ [ [ 118.640350902840495, 31.670164633199853 ], [ 118.64046037, 31.67004389 ], [ 118.640626563453964, 31.669867530497353 ], [ 118.640460369186997, 31.670043889440201 ], [ 118.640350902840495, 31.670164633199853 ] ] ], [ [ [ 118.640870810421902, 31.669608357951024 ], [ 118.64112019, 31.66934377 ], [ 118.6414496, 31.6689912 ], [ 118.641661262174239, 31.668763797074686 ], [ 118.640870810421902, 31.669608357951024 ] ] ], [ [ [ 118.642174912221833, 31.668083474983188 ], [ 118.64217829, 31.66807794 ], [ 118.642178290108916, 31.668077939701728 ], [ 118.642174912221833, 31.668083474983188 ] ] ], [ [ [ 118.642179285267005, 31.668075214159629 ], [ 118.64233503, 31.66764866 ], [ 118.642369320289944, 31.667541132363517 ], [ 118.642335028088993, 31.667648656436501 ], [ 118.642179285267005, 31.668075214159629 ] ] ], [ [ [ 118.642656163455982, 31.666730852512547 ], [ 118.64278628, 31.66635284 ], [ 118.64286345587594, 31.666137616785711 ], [ 118.642786275768003, 31.666352836991599 ], [ 118.642656163455982, 31.666730852512547 ] ] ], [ [ [ 118.643075537240634, 31.665551993274818 ], [ 118.64309875, 31.66548827 ], [ 118.64316764, 31.66527214 ], [ 118.64332437, 31.66484186 ], [ 118.64340224, 31.66462272 ], [ 118.64343743262657, 31.66450027604899 ], [ 118.643402237863995, 31.664622716755702 ], [ 118.643167635037003, 31.6652721434718 ], [ 118.643075537240634, 31.665551993274818 ] ] ], [ [ [ 118.643363557932517, 31.663824128413623 ], [ 118.64334144, 31.66371178 ], [ 118.643312147914941, 31.663560246376765 ], [ 118.643341437507999, 31.663711782380702 ], [ 118.643363557932517, 31.663824128413623 ] ] ], [ [ [ 118.643288359230624, 31.663438136609116 ], [ 118.64325465, 31.66326691 ], [ 118.643229361497148, 31.663099947729606 ], [ 118.643254645783003, 31.663266911870799 ], [ 118.643288359230624, 31.663438136609116 ] ] ], [ [ [ 118.643205183925119, 31.662964705401656 ], [ 118.64317684, 31.66282203 ], [ 118.643146411407685, 31.662666809522459 ], [ 118.643176836478005, 31.662822026168602 ], [ 118.643205183925119, 31.662964705401656 ] ] ], [ [ [ 118.64312280113144, 31.66253202739281 ], [ 118.64309903, 31.66237714 ], [ 118.64304615, 31.66215322 ], [ 118.64301224, 31.66193027 ], [ 118.642972665164294, 31.661730205232612 ], [ 118.643046149434994, 31.662153221455799 ], [ 118.64312280113144, 31.66253202739281 ] ] ], [ [ [ 118.642854479808904, 31.661329106434195 ], [ 118.64276878, 31.66113765 ], [ 118.642516911501431, 31.660603891638424 ], [ 118.642768776210005, 31.6611376518828 ], [ 118.642854479808904, 31.661329106434195 ] ] ], [ [ [ 118.642153115226165, 31.659811159730463 ], [ 118.64209221, 31.65967074 ], [ 118.64190061, 31.65925204 ], [ 118.641287813565313, 31.657942986732561 ], [ 118.642153115226165, 31.659811159730463 ] ] ], [ [ [ 118.640791792274101, 31.656852970153018 ], [ 118.64073804, 31.65673489 ], [ 118.64053845, 31.6563162 ], [ 118.64034685, 31.65589751 ], [ 118.64014726, 31.65547882 ], [ 118.64006043787623, 31.655267955544861 ], [ 118.640147257031998, 31.655478819725499 ], [ 118.640346846773994, 31.655897505651399 ], [ 118.640538450487995, 31.656316204105298 ], [ 118.640791792274101, 31.656852970153018 ] ] ], [ [ [ 118.640058897054544, 31.655264723285573 ], [ 118.63986085, 31.65484927 ], [ 118.63967024, 31.65442757 ], [ 118.63942498173563, 31.653889595032425 ], [ 118.640058897054544, 31.655264723285573 ] ] ], [ [ [ 118.639085942377349, 31.65315475186307 ], [ 118.63899362, 31.65296062 ], [ 118.638673542472944, 31.652259732200971 ], [ 118.638993617115005, 31.652960619509301 ], [ 118.639085942377349, 31.65315475186307 ] ] ], [ [ [ 118.638597342488225, 31.651979132440168 ], [ 118.63857649, 31.65176526 ], [ 118.63876718, 31.65134694 ], [ 118.638905046055569, 31.651043905116161 ], [ 118.638597342488225, 31.651979132440168 ] ] ], [ [ [ 118.639714567133609, 31.649283469643237 ], [ 118.639730589510648, 31.649248321073514 ], [ 118.639730588958997, 31.6492483210952 ], [ 118.639714567133609, 31.649283469643237 ] ] ], [ [ [ 118.642358685272868, 31.648893060681029 ], [ 118.64259521, 31.64887856 ], [ 118.643054498654053, 31.648800293743669 ], [ 118.642595207249997, 31.648878555867601 ], [ 118.642358685272868, 31.648893060681029 ] ] ], [ [ [ 118.643081278425939, 31.648795730268233 ], [ 118.64357533, 31.64864389 ], [ 118.643860072768035, 31.649066470409302 ], [ 118.643575330941005, 31.648643886131602 ], [ 118.643081278425939, 31.648795730268233 ] ] ], [ [ [ 118.644270250939215, 31.64925637403525 ], [ 118.64454538, 31.64922624 ], [ 118.645288448623006, 31.648842604164948 ], [ 118.644545379929994, 31.64922623671 ], [ 118.644270250939215, 31.64925637403525 ] ] ], [ [ [ 118.645992266243766, 31.648132910183794 ], [ 118.64630102, 31.64779515 ], [ 118.64654454, 31.64771772 ], [ 118.646717254376384, 31.647624995597223 ], [ 118.645992266243766, 31.648132910183794 ] ] ], [ [ [ 118.647240599103554, 31.647213336888033 ], [ 118.64785499, 31.64663638 ], [ 118.648403770465976, 31.646112571081151 ], [ 118.647854985928006, 31.646636376763599 ], [ 118.647240599103554, 31.647213336888033 ] ] ], [ [ [ 118.648984639130276, 31.645562245774645 ], [ 118.64908757, 31.64546615 ], [ 118.64944287, 31.6451325 ], [ 118.649782197040295, 31.644804882857567 ], [ 118.648984639130276, 31.645562245774645 ] ] ], [ [ [ 118.650491680106384, 31.64443125556317 ], [ 118.65068437, 31.64432924 ], [ 118.65112746, 31.64409043 ], [ 118.65157854, 31.6438536 ], [ 118.651908819528302, 31.643679457671279 ], [ 118.651127462776998, 31.644090427732799 ], [ 118.650491680106384, 31.64443125556317 ] ] ], [ [ [ 118.653553847838424, 31.64312910019558 ], [ 118.65357539, 31.64312691 ], [ 118.65410427, 31.64307293 ], [ 118.654855348481178, 31.643030670288919 ], [ 118.653553847838424, 31.64312910019558 ] ] ], [ [ [ 118.655487933263359, 31.643005625198061 ], [ 118.655632, 31.64300108 ], [ 118.65588346, 31.64299061 ], [ 118.656093106389037, 31.642981653612434 ], [ 118.655487933263359, 31.643005625198061 ] ] ], [ [ [ 118.657154841074529, 31.642940329893143 ], [ 118.65721159, 31.64293811 ], [ 118.657309433251058, 31.642934435936702 ], [ 118.657211593987995, 31.642938108565801 ], [ 118.657154841074529, 31.642940329893143 ] ] ], [ [ [ 118.65754409725686, 31.642925498610719 ], [ 118.65773246, 31.64291813 ], [ 118.65807356499279, 31.642905891808223 ], [ 118.657732464936998, 31.642918125041302 ], [ 118.65754409725686, 31.642925498610719 ] ] ], [ [ [ 118.658444251168859, 31.642891093183728 ], [ 118.65852275, 31.64288763 ], [ 118.658571331745534, 31.642885671284308 ], [ 118.658522746973006, 31.6428876289791 ], [ 118.658444251168859, 31.642891093183728 ] ] ], [ [ [ 118.659942339245845, 31.642833687363073 ], [ 118.6601023, 31.64282663 ], [ 118.660383114686454, 31.642815464677899 ], [ 118.660102297029994, 31.642826626363899 ], [ 118.659942339245845, 31.642833687363073 ] ] ], [ [ [ 118.661318804162804, 31.642779112383909 ], [ 118.6614214, 31.64277511 ], [ 118.66151139643982, 31.642771845128578 ], [ 118.661421401558997, 31.642775107982501 ], [ 118.661318804162804, 31.642779112383909 ] ] ], [ [ [ 118.661811392815295, 31.64276044368647 ], [ 118.66220275, 31.64274467 ], [ 118.66273258, 31.64272466 ], [ 118.662926350960518, 31.642717065385401 ], [ 118.662202746904001, 31.6427446686038 ], [ 118.661811392815295, 31.64276044368647 ] ] ], [ [ [ 118.663650605173174, 31.642688953398352 ], [ 118.6643121, 31.64266463 ], [ 118.665077944768086, 31.642649403741821 ], [ 118.664312098238, 31.642664629942701 ], [ 118.663650605173174, 31.642688953398352 ] ] ], [ [ [ 118.6660303564787, 31.642637684183168 ], [ 118.66632564, 31.64263377 ], [ 118.666805400678314, 31.642625602396581 ], [ 118.666325643128999, 31.642633767225799 ], [ 118.6660303564787, 31.642637684183168 ] ] ], [ [ [ 118.667761183690232, 31.642613747312758 ], [ 118.66843497, 31.64260572 ], [ 118.6687393, 31.64260114 ], [ 118.66922524, 31.6424192 ], [ 118.6693423595691, 31.642372522996705 ], [ 118.668739295850997, 31.642601135584101 ], [ 118.667761183690232, 31.642613747312758 ] ] ], [ [ [ 118.669590230015189, 31.64227688864456 ], [ 118.66994566, 31.64214382 ], [ 118.670169395201199, 31.642059591252195 ], [ 118.669945664108994, 31.642143815398899 ], [ 118.669590230015189, 31.64227688864456 ] ] ], [ [ [ 118.670614074612658, 31.64189099035173 ], [ 118.67085668, 31.64179807 ], [ 118.671465684770851, 31.641555764431864 ], [ 118.670856678605006, 31.6417980657348 ], [ 118.670614074612658, 31.64189099035173 ] ] ], [ [ [ 118.671946515314843, 31.641361317988196 ], [ 118.67204609, 31.64132079 ], [ 118.672260084270448, 31.641236878088879 ], [ 118.672046092377002, 31.641320785248599 ], [ 118.671946515314843, 31.641361317988196 ] ] ], [ [ [ 118.673403598798629, 31.640780730975134 ], [ 118.67347898, 31.64075005 ], [ 118.673575206942715, 31.640712163220797 ], [ 118.673478983956997, 31.640750046239599 ], [ 118.673403598798629, 31.640780730975134 ] ] ], [ [ [ 118.674335323629975, 31.640408358091914 ], [ 118.67443392, 31.64036823 ], [ 118.674592425414716, 31.640303709799415 ], [ 118.674433918374007, 31.640368226890999 ], [ 118.674335323629975, 31.640408358091914 ] ] ], [ [ [ 118.675120289057475, 31.640094017843147 ], [ 118.67515436, 31.64007986 ], [ 118.675193514827441, 31.640063922565968 ], [ 118.675154363703001, 31.640079857981 ], [ 118.675120289057475, 31.640094017843147 ] ] ], [ [ [ 118.676109268480076, 31.639698871762995 ], [ 118.67635179, 31.63960459 ], [ 118.676943471779069, 31.639363769998667 ], [ 118.676351787364993, 31.639604590707801 ], [ 118.676109268480076, 31.639698871762995 ] ] ], [ [ [ 118.677421495418756, 31.63917608527861 ], [ 118.67777574, 31.63903191 ], [ 118.677887610171197, 31.638988049614987 ], [ 118.677775739161007, 31.6390319088061 ], [ 118.677421495418756, 31.63917608527861 ] ] ], [ [ [ 118.678153900716481, 31.638883434186781 ], [ 118.6782617, 31.638841 ], [ 118.678496168529605, 31.63874457294245 ], [ 118.678261702591001, 31.638840997546701 ], [ 118.678153900716481, 31.638883434186781 ] ] ], [ [ [ 118.678496200043554, 31.638744559982271 ], [ 118.67897319, 31.63855467 ], [ 118.679160160932739, 31.638477776708939 ], [ 118.678973189705999, 31.6385546672076 ], [ 118.678496200043554, 31.638744559982271 ] ] ], [ [ [ 118.680102736289854, 31.638185709143993 ], [ 118.68027642, 31.63815925 ], [ 118.680525007001933, 31.638118621333255 ], [ 118.680276420560006, 31.638159245008801 ], [ 118.680102736289854, 31.638185709143993 ] ] ], [ [ [ 118.681070711318881, 31.638032163690834 ], [ 118.68131721, 31.63799433 ], [ 118.68157766, 31.63795085 ], [ 118.68179379053467, 31.63798779567426 ], [ 118.681070711318881, 31.638032163690834 ] ] ], [ [ [ 118.682234035798714, 31.638062277761708 ], [ 118.68287189, 31.63817049 ], [ 118.683186503270207, 31.638222462493573 ], [ 118.682871892893004, 31.638170486377302 ], [ 118.682234035798714, 31.638062277761708 ] ] ], [ [ [ 118.684460958572117, 31.638749962176352 ], [ 118.68458124, 31.63882141 ], [ 118.68484395556834, 31.638975270006874 ], [ 118.684581243419004, 31.6388214059726 ], [ 118.684460958572117, 31.638749962176352 ] ] ], [ [ [ 118.685132289579556, 31.639141522536097 ], [ 118.68524183, 31.63920323 ], [ 118.685739083344686, 31.639493104389608 ], [ 118.685241832838003, 31.639203228010199 ], [ 118.685132289579556, 31.639141522536097 ] ] ], [ [ [ 118.686150649128166, 31.639734296839165 ], [ 118.68632653, 31.63983731 ], [ 118.68654307, 31.63996093 ], [ 118.687160473992165, 31.640304060413882 ], [ 118.686150649128166, 31.639734296839165 ] ] ], [ [ [ 118.687991194061965, 31.640764739458419 ], [ 118.68808884, 31.64082023 ], [ 118.688163046381746, 31.640860240180555 ], [ 118.688088837161999, 31.640820225750101 ], [ 118.687991194061965, 31.640764739458419 ] ] ], [ [ [ 118.688470012018655, 31.641028268997843 ], [ 118.68862672, 31.6411153 ], [ 118.68907779, 31.64134752 ], [ 118.6893408150775, 31.641482631118851 ], [ 118.688470012018655, 31.641028268997843 ] ] ], [ [ [ 118.690679770564131, 31.641737414914498 ], [ 118.69076239, 31.64173664 ], [ 118.690942617326812, 31.641733613312688 ], [ 118.690762393699998, 31.6417366391195 ], [ 118.690679770564131, 31.641737414914498 ] ] ], [ [ [ 118.694037190875235, 31.641259738503237 ], [ 118.69408797, 31.64123909 ], [ 118.694412503682258, 31.641114377200484 ], [ 118.694087973986996, 31.641239087230002 ], [ 118.694037190875235, 31.641259738503237 ] ] ], [ [ [ 118.694644780928016, 31.641024461216379 ], [ 118.69530272, 31.64076611 ], [ 118.695550654128013, 31.640741917126277 ], [ 118.695302716794998, 31.6407661090239 ], [ 118.694644780928016, 31.641024461216379 ] ] ], [ [ [ 118.696489634176388, 31.640647755527414 ], [ 118.6966053, 31.64063603 ], [ 118.696675528408775, 31.640629378819654 ], [ 118.696605301119007, 31.640636028473299 ], [ 118.696489634176388, 31.640647755527414 ] ] ], [ [ [ 118.697253249470194, 31.640572596116215 ], [ 118.69739486, 31.64055879 ], [ 118.697545411136247, 31.640544025922487 ], [ 118.697394857003999, 31.640558785326199 ], [ 118.697253249470194, 31.640572596116215 ] ] ], [ [ [ 118.697842860970354, 31.640514273170776 ], [ 118.69817644, 31.64048057 ], [ 118.69843698, 31.64045417 ], [ 118.698645156408261, 31.640434534942681 ], [ 118.697842860970354, 31.640514273170776 ] ] ], [ [ [ 118.699468658566289, 31.640576301201456 ], [ 118.69978255, 31.64073212 ], [ 118.700221450864561, 31.64094796991342 ], [ 118.699782550235994, 31.640732118362902 ], [ 118.699468658566289, 31.640576301201456 ] ] ], [ [ [ 118.700250405385745, 31.640962498879727 ], [ 118.70045933, 31.64107311 ], [ 118.700973325698854, 31.641327898330669 ], [ 118.700459330566005, 31.6410731080719 ], [ 118.700250405385745, 31.640962498879727 ] ] ], [ [ [ 118.701443563398215, 31.641563371231943 ], [ 118.70182291, 31.64175711 ], [ 118.702184141134722, 31.64193413744346 ], [ 118.701822911815, 31.6417571066984 ], [ 118.701443563398215, 31.641563371231943 ] ] ], [ [ [ 118.702603245397512, 31.642144606353515 ], [ 118.70273432, 31.6422128 ], [ 118.70285653790593, 31.642274916511273 ], [ 118.702734324564005, 31.642212795056601 ], [ 118.702603245397512, 31.642144606353515 ] ] ], [ [ [ 118.703299715383068, 31.642491807710094 ], [ 118.703403179230165, 31.642541849627658 ], [ 118.703403175513003, 31.642541845994799 ], [ 118.703299715383068, 31.642491807710094 ] ] ], [ [ [ 118.704164504546526, 31.64327763448474 ], [ 118.70427965, 31.64338463 ], [ 118.704380629379997, 31.643480076401847 ], [ 118.704279652349001, 31.643384627842401 ], [ 118.704164504546526, 31.64327763448474 ] ] ], [ [ [ 118.705030328358774, 31.643863954692083 ], [ 118.70514819, 31.64392544 ], [ 118.705391947520738, 31.644052045255751 ], [ 118.705148192427998, 31.643925435619199 ], [ 118.705030328358774, 31.643863954692083 ] ] ], [ [ [ 118.705892627630305, 31.644310807194266 ], [ 118.70605071, 31.64439222 ], [ 118.706291712013396, 31.644371724745096 ], [ 118.706050708461007, 31.6443922166244 ], [ 118.705892627630305, 31.644310807194266 ] ] ], [ [ [ 118.706594289287295, 31.644275323015624 ], [ 118.70666675, 31.64423739 ], [ 118.70711008, 31.6439968 ], [ 118.707471116607294, 31.643797171126568 ], [ 118.706594289287295, 31.644275323015624 ] ] ], [ [ [ 118.70790844395907, 31.643558725686741 ], [ 118.70799577, 31.64351063 ], [ 118.70838091959682, 31.643307029959441 ], [ 118.707995768591999, 31.643510628115301 ], [ 118.70790844395907, 31.643558725686741 ] ] ], [ [ [ 118.708908329892722, 31.643016076590143 ], [ 118.70910715, 31.6429082 ], [ 118.709249990435254, 31.64282759393409 ], [ 118.709107152390999, 31.642908195489898 ], [ 118.708908329892722, 31.643016076590143 ] ] ], [ [ [ 118.711608523713963, 31.641550835891696 ], [ 118.71178143, 31.6414589 ], [ 118.711781430252074, 31.641458898256303 ], [ 118.711608523713963, 31.641550835891696 ] ] ], [ [ [ 118.711791302782146, 31.641390606961671 ], [ 118.71181541, 31.64122385 ], [ 118.711852893739234, 31.640947669563296 ], [ 118.711815405872002, 31.641223853218001 ], [ 118.711791302782146, 31.641390606961671 ] ] ], [ [ [ 118.71191160765467, 31.640516264070722 ], [ 118.71193732, 31.64032769 ], [ 118.71198929, 31.63988063 ], [ 118.71202426, 31.63965558 ], [ 118.712039833672904, 31.639541344106927 ], [ 118.711989286152004, 31.639880626484601 ], [ 118.71191160765467, 31.640516264070722 ] ] ], [ [ [ 118.712085229345888, 31.639042609054499 ], [ 118.71208525, 31.6388655 ], [ 118.712070355061329, 31.638679744523294 ], [ 118.712085245425001, 31.638865498691899 ], [ 118.712085229345888, 31.639042609054499 ] ] ], [ [ [ 118.712032772759926, 31.638195472737049 ], [ 118.712032380024112, 31.638190550302241 ], [ 118.712032380023999, 31.638190551536798 ], [ 118.712032772759926, 31.638195472737049 ] ] ], [ [ [ 118.71200304388087, 31.637575489728363 ], [ 118.71197157, 31.63706661 ], [ 118.712137425815769, 31.636648447300903 ], [ 118.711971566566007, 31.637066608774401 ], [ 118.71200304388087, 31.637575489728363 ] ] ], [ [ [ 118.712410454025417, 31.636248734594112 ], [ 118.71242302, 31.63623107 ], [ 118.71269269, 31.63584475 ], [ 118.71282253, 31.6356496 ], [ 118.71288347, 31.63541453 ], [ 118.712950583991386, 31.635105839028132 ], [ 118.712822526495998, 31.635649601193801 ], [ 118.712410454025417, 31.636248734594112 ] ] ], [ [ [ 118.7130391024278, 31.634734450643002 ], [ 118.71308328, 31.63453129 ], [ 118.713264191512991, 31.633761509854519 ], [ 118.713083275060995, 31.634531290705699 ], [ 118.7130391024278, 31.634734450643002 ] ] ], [ [ [ 118.713363985613128, 31.633310593092165 ], [ 118.71354384, 31.63253975 ], [ 118.713567724429453, 31.632416853046312 ], [ 118.713543838285005, 31.6325397507144 ], [ 118.713363985613128, 31.633310593092165 ] ] ], [ [ [ 118.713764657915974, 31.631564152777603 ], [ 118.71379461, 31.63143246 ], [ 118.71383857, 31.63121141 ], [ 118.713910699376342, 31.6309046760203 ], [ 118.713838567619007, 31.631211410639001 ], [ 118.713764657915974, 31.631564152777603 ] ] ], [ [ [ 118.714126486205444, 31.629967365572494 ], [ 118.71414229, 31.62988607 ], [ 118.71419424, 31.62966401 ], [ 118.7142046620298, 31.629617454923299 ], [ 118.714126486205444, 31.629967365572494 ] ] ], [ [ [ 118.714246192841131, 31.629431949528168 ], [ 118.71450686, 31.62938866 ], [ 118.71456238125252, 31.629379279667372 ], [ 118.714506857266002, 31.629388660301501 ], [ 118.714246192841131, 31.629431949528168 ] ] ], [ [ [ 118.715132171421246, 31.629283343658464 ], [ 118.71527988, 31.62925882 ], [ 118.715546893215219, 31.629215511977598 ], [ 118.715279875749999, 31.6292588189967 ], [ 118.715132171421246, 31.629283343658464 ] ] ], [ [ [ 118.715902094092655, 31.629156676368321 ], [ 118.71606091, 31.62912899 ], [ 118.716248711629419, 31.629096903510472 ], [ 118.716060905966998, 31.629128988246102 ], [ 118.715902094092655, 31.629156676368321 ] ] ], [ [ [ 118.71689891424711, 31.628986464783544 ], [ 118.71708567, 31.62895493 ], [ 118.717234758009639, 31.628962412459707 ], [ 118.717085667858996, 31.628954927942601 ], [ 118.71689891424711, 31.628986464783544 ] ] ], [ [ [ 118.719536039104824, 31.629313092700301 ], [ 118.71976853, 31.62935232 ], [ 118.71976851, 31.62957832 ], [ 118.71975049, 31.63002934 ], [ 118.71974248, 31.63025535 ], [ 118.719726365545966, 31.630882068929477 ], [ 118.719768514384995, 31.6295783180576 ], [ 118.719768534919993, 31.6293523172215 ], [ 118.719536039104824, 31.629313092700301 ] ] ], [ [ [ 118.71972444006775, 31.630930368300263 ], [ 118.71972444, 31.63093037 ], [ 118.719724475929667, 31.630947174610085 ], [ 118.71972444006775, 31.630930368300263 ] ] ], [ [ [ 118.719703893826036, 31.632154069548385 ], [ 118.71969033, 31.63250841 ], [ 118.71985513, 31.63272726 ], [ 118.720061122264653, 31.632939848600174 ], [ 118.719690334217006, 31.632508406615599 ], [ 118.719703893826036, 31.632154069548385 ] ] ], [ [ [ 118.720319275359344, 31.632990769360095 ], [ 118.72037654, 31.63299178 ], [ 118.720443207163555, 31.632992488460541 ], [ 118.720376540071996, 31.632991778680999 ], [ 118.720319275359344, 31.632990769360095 ] ] ], [ [ [ 118.721087780482577, 31.632998140951532 ], [ 118.72132249, 31.63346094 ], [ 118.721445347588499, 31.634028419539913 ], [ 118.721322493084003, 31.633460937893101 ], [ 118.721087780482577, 31.632998140951532 ] ] ], [ [ [ 118.721812924719728, 31.635104525581355 ], [ 118.72189574, 31.63523446 ], [ 118.72258098, 31.63599789 ], [ 118.722816293353048, 31.636115470599933 ], [ 118.721812924719728, 31.635104525581355 ] ] ], [ [ [ 118.723215321057566, 31.636215446161053 ], [ 118.72347609, 31.63622616 ], [ 118.723636211759256, 31.636149927191525 ], [ 118.723476085631006, 31.636226156067799 ], [ 118.723215321057566, 31.636215446161053 ] ] ], [ [ [ 118.723894740071444, 31.63588413384177 ], [ 118.72394468, 31.63580978 ], [ 118.72413554, 31.63541263 ], [ 118.7243094, 31.63516749 ], [ 118.724694746391606, 31.635015803017634 ], [ 118.724309397159999, 31.6351674879987 ], [ 118.724135536299997, 31.6354126255323 ], [ 118.723894740071444, 31.63588413384177 ] ] ], [ [ [ 118.725224011474282, 31.635099877803022 ], [ 118.72557625, 31.63524354 ], [ 118.725801546406714, 31.635394244489465 ], [ 118.725576250515005, 31.635243536818301 ], [ 118.725224011474282, 31.635099877803022 ] ] ], [ [ [ 118.726361115134296, 31.635746713791995 ], [ 118.72654037, 31.63584886 ], [ 118.726823692522714, 31.635906284196182 ], [ 118.726540371599, 31.635848856656001 ], [ 118.726361115134296, 31.635746713791995 ] ] ], [ [ [ 118.726914058430182, 31.635924599681829 ], [ 118.72691406, 31.6359246 ], [ 118.727452843083626, 31.635811399563789 ], [ 118.726914058430182, 31.635924599681829 ] ] ], [ [ [ 118.727630208916395, 31.635722128824014 ], [ 118.72799924, 31.63543288 ], [ 118.728143357013423, 31.635201168789916 ], [ 118.727999235200997, 31.635432876425899 ], [ 118.727630208916395, 31.635722128824014 ] ] ], [ [ [ 118.728141322576249, 31.635000856733338 ], [ 118.72811221, 31.6347878 ], [ 118.7280163, 31.63459886 ], [ 118.72803431, 31.63435384 ], [ 118.72845102, 31.63403258 ], [ 118.728867705246998, 31.634033318392198 ], [ 118.728451016822007, 31.634032576301902 ], [ 118.728181206871, 31.634202748158899 ], [ 118.728034306289999, 31.6343538433769 ], [ 118.728016297918998, 31.634598857211099 ], [ 118.728141322576249, 31.635000856733338 ] ] ], [ [ [ 118.729126147184061, 31.634351115019637 ], [ 118.72917142, 31.63471414 ], [ 118.72908395512745, 31.634817212529619 ], [ 118.729171420748997, 31.634714140606601 ], [ 118.729126147184061, 31.634351115019637 ] ] ], [ [ [ 118.729075480335197, 31.634827199604999 ], [ 118.72909343, 31.63522419 ], [ 118.729093431039132, 31.635224191663465 ], [ 118.729075480335197, 31.634827199604999 ] ] ], [ [ [ 118.729181013934706, 31.63536439626716 ], [ 118.72918835, 31.63537614 ], [ 118.729246373555199, 31.635407499503327 ], [ 118.729188348183996, 31.6353761370227 ], [ 118.729181013934706, 31.63536439626716 ] ] ], [ [ [ 118.729534111756379, 31.635488933376461 ], [ 118.72984887, 31.63548975 ], [ 118.730156677236565, 31.635372236092138 ], [ 118.729848867650006, 31.635489749919401 ], [ 118.729534111756379, 31.635488933376461 ] ] ], [ [ [ 118.730697226382958, 31.635386700511674 ], [ 118.73095112, 31.63552614 ], [ 118.731092106763953, 31.635680452768472 ], [ 118.730951120336002, 31.635526137727801 ], [ 118.730697226382958, 31.635386700511674 ] ] ], [ [ [ 118.731141979649905, 31.635735039616819 ], [ 118.73114198, 31.63573504 ], [ 118.731153278219537, 31.63574207711849 ], [ 118.731141979649905, 31.635735039616819 ] ] ], [ [ [ 118.731467914652811, 31.635969036465941 ], [ 118.731498727089757, 31.635999857088983 ], [ 118.731498726555003, 31.6359998550111 ], [ 118.731467914652811, 31.635969036465941 ] ] ], [ [ [ 118.731511776124677, 31.636050561635326 ], [ 118.73153269, 31.63613184 ], [ 118.731436575805759, 31.636333020470918 ], [ 118.731532693202993, 31.636131838984401 ], [ 118.731511776124677, 31.636050561635326 ] ] ], [ [ [ 118.731415453367703, 31.637074528284003 ], [ 118.731419679312026, 31.637077909449555 ], [ 118.731419678216994, 31.637077908395899 ], [ 118.731415453367703, 31.637074528284003 ] ] ], [ [ [ 118.731422550176333, 31.637080671826631 ], [ 118.73149862, 31.63715387 ], [ 118.731482422221148, 31.637182914584166 ], [ 118.731498621528999, 31.637153868515298 ], [ 118.731422550176333, 31.637080671826631 ] ] ], [ [ [ 118.731196276630783, 31.637474487176043 ], [ 118.7306561, 31.63786332 ], [ 118.730604000191917, 31.637976294320687 ], [ 118.730656101639994, 31.637863324876001 ], [ 118.731196276630783, 31.637474487176043 ] ] ], [ [ [ 118.731061682772008, 31.638568271641375 ], [ 118.731428526000627, 31.638696928597362 ], [ 118.731428525179993, 31.638696925051899 ], [ 118.731061682772008, 31.638568271641375 ] ] ], [ [ [ 118.73146355813806, 31.638848282096731 ], [ 118.73150744, 31.63903789 ], [ 118.731467477160962, 31.639285595388909 ], [ 118.731507444401004, 31.6390378891249 ], [ 118.73146355813806, 31.638848282096731 ] ] ], [ [ [ 118.731463856330905, 31.639626606921439 ], [ 118.73150734, 31.64015291 ], [ 118.731481634092404, 31.640552901473718 ], [ 118.731507342911996, 31.640152905929899 ], [ 118.731463856330905, 31.639626606921439 ] ] ], [ [ [ 118.731512041621372, 31.641525762291362 ], [ 118.73160214, 31.64168788 ], [ 118.731794, 31.64195179 ], [ 118.732068181638553, 31.642089738200962 ], [ 118.731512041621372, 31.641525762291362 ] ] ], [ [ [ 118.732107020903186, 31.642108850178751 ], [ 118.73254851, 31.64231043 ], [ 118.732713408643392, 31.642372764965415 ], [ 118.732548514998996, 31.6423104258125 ], [ 118.732107020903186, 31.642108850178751 ] ] ], [ [ [ 118.733330354745263, 31.642749630984042 ], [ 118.73346095, 31.64284202 ], [ 118.733632449889527, 31.643073905049672 ], [ 118.733460951050006, 31.642842015858701 ], [ 118.733330354745263, 31.642749630984042 ] ] ], [ [ [ 118.733891356975846, 31.643520197248193 ], [ 118.73407652, 31.64393877 ], [ 118.73423342, 31.64414671 ], [ 118.734589228720054, 31.64431856938177 ], [ 118.734233423470997, 31.644146709918299 ], [ 118.733891356975846, 31.643520197248193 ] ] ], [ [ [ 118.734608250470728, 31.644353599198496 ], [ 118.73470215, 31.64452653 ], [ 118.734688879457863, 31.644630360282964 ], [ 118.734702153290002, 31.644526527474302 ], [ 118.734608250470728, 31.644353599198496 ] ] ], [ [ [ 118.734634173867832, 31.644767403092661 ], [ 118.7345112, 31.64502761 ], [ 118.73427223347575, 31.64527927953419 ], [ 118.734511202473001, 31.6450276143627 ], [ 118.734634173867832, 31.644767403092661 ] ] ], [ [ [ 118.733795577665106, 31.646608375799424 ], [ 118.73380738, 31.64701395 ], [ 118.733725301965123, 31.647145373390948 ], [ 118.733807384521, 31.647013951954499 ], [ 118.733795577665106, 31.646608375799424 ] ] ], [ [ [ 118.733542290672318, 31.647364898430467 ], [ 118.73348652, 31.6474301 ], [ 118.733483081496288, 31.647435307529395 ], [ 118.733486519124995, 31.647430101675798 ], [ 118.733542290672318, 31.647364898430467 ] ] ], [ [ [ 118.733276483349016, 31.6478010420842 ], [ 118.73321762, 31.64792223 ], [ 118.733205055303529, 31.648065078504427 ], [ 118.733217622243998, 31.6479222336981 ], [ 118.733276483349016, 31.6478010420842 ] ] ], [ [ [ 118.733859965382493, 31.649308994104274 ], [ 118.73405104, 31.64934191 ], [ 118.734198249700555, 31.649289830605802 ], [ 118.734051044335999, 31.649341905313801 ], [ 118.733859965382493, 31.649308994104274 ] ] ], [ [ [ 118.734359877612505, 31.649246774694067 ], [ 118.73496259, 31.64928554 ], [ 118.735151550008183, 31.649394119389072 ], [ 118.734962592854998, 31.649285535411401 ], [ 118.734359877612505, 31.649246774694067 ] ] ], [ [ [ 118.735807723456787, 31.650081372938654 ], [ 118.73592606, 31.6502122 ], [ 118.735970590525525, 31.650270866658182 ], [ 118.735926064528002, 31.650212203996301 ], [ 118.735807723456787, 31.650081372938654 ] ] ], [ [ [ 118.736218810438132, 31.650809095476898 ], [ 118.73598689, 31.65178423 ], [ 118.735865920289086, 31.652066279325965 ], [ 118.735986894584997, 31.651784226113499 ], [ 118.736218810438132, 31.650809095476898 ] ] ], [ [ [ 118.735856397968561, 31.652080171143137 ], [ 118.735734960192218, 31.652257329719596 ], [ 118.735734963027994, 31.652257328800101 ], [ 118.735856397968561, 31.652080171143137 ] ] ], [ [ [ 118.735704673207209, 31.652267150210275 ], [ 118.73529216, 31.65230249 ], [ 118.735235154077145, 31.652266041747247 ], [ 118.735292161603994, 31.652302492456599 ], [ 118.735704673207209, 31.652267150210275 ] ] ], [ [ [ 118.73501673389795, 31.652161831630977 ], [ 118.73478042, 31.65213268 ], [ 118.734615499444715, 31.652208750451855 ], [ 118.734780421815003, 31.652132684285 ], [ 118.73501673389795, 31.652161831630977 ] ] ], [ [ [ 118.734262776160378, 31.652799395657382 ], [ 118.73421562, 31.65304194 ], [ 118.73436352, 31.65330689 ], [ 118.73542291, 31.65436651 ], [ 118.735705945802209, 31.654588910187154 ], [ 118.734363522486007, 31.653306886408199 ], [ 118.734262776160378, 31.652799395657382 ] ] ], [ [ [ 118.736464830034109, 31.654931537180445 ], [ 118.73688122, 31.65508503 ], [ 118.737266913600067, 31.655317072788016 ], [ 118.736881219821996, 31.655085028971001 ], [ 118.736464830034109, 31.654931537180445 ] ] ], [ [ [ 118.73872836848534, 31.656512048216015 ], [ 118.73901731, 31.6567695 ], [ 118.739001904680833, 31.656852693124996 ], [ 118.739017313085, 31.656769496686 ], [ 118.73872836848534, 31.656512048216015 ] ] ], [ [ [ 118.738913710475884, 31.657334374327437 ], [ 118.73900025, 31.65750753 ], [ 118.739255857580929, 31.657849699469878 ], [ 118.739000251042995, 31.657507526009901 ], [ 118.738913710475884, 31.657334374327437 ] ] ], [ [ [ 118.7394950481103, 31.658151437624714 ], [ 118.73949505, 31.65815144 ], [ 118.739670570626984, 31.65822475568071 ], [ 118.7394950481103, 31.658151437624714 ] ] ], [ [ [ 118.739719970662819, 31.65824539072322 ], [ 118.739855213668122, 31.658392958558952 ], [ 118.739719974056001, 31.6582453921406 ], [ 118.739719970662819, 31.65824539072322 ] ] ], [ [ [ 118.739642856494385, 31.659779461659809 ], [ 118.73936392, 31.65991153 ], [ 118.739339413685784, 31.659982554005662 ], [ 118.739363923108002, 31.659911529354101 ], [ 118.739642856494385, 31.659779461659809 ] ] ], [ [ [ 118.738900064667035, 31.661522440762525 ], [ 118.73862691, 31.6625028 ], [ 118.73858276, 31.66433889 ], [ 118.738593369927202, 31.664387274756638 ], [ 118.738626913310995, 31.6625028033082 ], [ 118.738900064667035, 31.661522440762525 ] ] ], [ [ [ 118.738882447770024, 31.665188136122296 ], [ 118.73900853, 31.66535483 ], [ 118.73930341, 31.66573178 ], [ 118.739356443426431, 31.665803909200477 ], [ 118.739303410160005, 31.665731777974901 ], [ 118.738882447770024, 31.665188136122296 ] ] ], [ [ [ 118.739798322419603, 31.66638457593243 ], [ 118.73979921, 31.6663857 ], [ 118.739777576861414, 31.666430707918984 ], [ 118.739799210176997, 31.6663857001869 ], [ 118.739798322419603, 31.66638457593243 ] ] ], [ [ [ 118.739532343604935, 31.666948518535595 ], [ 118.73931225, 31.66743085 ], [ 118.739055770445603, 31.667967026219838 ], [ 118.73931225263, 31.667430851440699 ], [ 118.739532343604935, 31.666948518535595 ] ] ], [ [ [ 118.739012802624472, 31.668248595742941 ], [ 118.73901726, 31.66830796 ], [ 118.739020889094448, 31.668353577999856 ], [ 118.739017261111997, 31.668307959235399 ], [ 118.739012802624472, 31.668248595742941 ] ] ], [ [ [ 118.739115015614175, 31.669456880773655 ], [ 118.73913908, 31.669881 ], [ 118.739172085520892, 31.670200655352119 ], [ 118.739139080667002, 31.669881004932702 ], [ 118.739115015614175, 31.669456880773655 ] ] ], [ [ [ 118.739257624649582, 31.670427918870786 ], [ 118.73938194, 31.67058398 ], [ 118.739381944354491, 31.670583983568477 ], [ 118.739257624649582, 31.670427918870786 ] ] ], [ [ [ 118.739432023336562, 31.670625022971016 ], [ 118.73995474, 31.67105389 ], [ 118.74024161277741, 31.671293237101164 ], [ 118.739954742641999, 31.671053886560301 ], [ 118.739432023336562, 31.670625022971016 ] ] ], [ [ [ 118.741040565719231, 31.671952588519133 ], [ 118.74109238, 31.67199573 ], [ 118.741204472427313, 31.672089504077832 ], [ 118.741092382849004, 31.6719957308839 ], [ 118.741040565719231, 31.671952588519133 ] ] ], [ [ [ 118.74173642588957, 31.672530199268841 ], [ 118.74222108, 31.67293563 ], [ 118.74230303285826, 31.673002570756346 ], [ 118.742221081161006, 31.672935626103701 ], [ 118.74173642588957, 31.672530199268841 ] ] ], [ [ [ 118.74250534911576, 31.673229728934444 ], [ 118.74255999, 31.67331061 ], [ 118.742842631788889, 31.673757875578922 ], [ 118.742559992970996, 31.6733106090307 ], [ 118.74250534911576, 31.673229728934444 ] ] ], [ [ [ 118.743163482853689, 31.674262364127156 ], [ 118.74331578, 31.67449961 ], [ 118.74343675, 31.67469961 ], [ 118.743559765775771, 31.674894697855059 ], [ 118.743315782200995, 31.674499605735399 ], [ 118.743163482853689, 31.674262364127156 ] ] ], [ [ [ 118.743670689591468, 31.675070611126056 ], [ 118.743622809749496, 31.67520258297095 ], [ 118.743670690683999, 31.675070612858701 ], [ 118.743670689591468, 31.675070611126056 ] ] ], [ [ [ 118.743122283995802, 31.676527756918851 ], [ 118.7429336, 31.67699777 ], [ 118.742869322710874, 31.677173821241414 ], [ 118.742933602950998, 31.6769977710569 ], [ 118.743122283995802, 31.676527756918851 ] ] ], [ [ [ 118.74354942939172, 31.67811378960026 ], [ 118.74354943, 31.67811379 ], [ 118.743550520127016, 31.67811448836262 ], [ 118.74354942939172, 31.67811378960026 ] ] ], [ [ [ 118.744078152175987, 31.678461416255441 ], [ 118.74417433, 31.67852578 ], [ 118.74444152769847, 31.678697787289558 ], [ 118.744174329005006, 31.678525778726399 ], [ 118.744078152175987, 31.678461416255441 ] ] ], [ [ [ 118.745373769308671, 31.679313380008605 ], [ 118.74564217, 31.67949182 ], [ 118.745709020980058, 31.679535108377856 ], [ 118.745642168608995, 31.679491817300399 ], [ 118.745373769308671, 31.679313380008605 ] ] ], [ [ [ 118.747781507133325, 31.679664906825632 ], [ 118.74830726, 31.67966201 ], [ 118.748636258136145, 31.679657702474316 ], [ 118.748307262560004, 31.6796620055228 ], [ 118.747781507133325, 31.679664906825632 ] ] ], [ [ [ 118.749234954748772, 31.679650552377197 ], [ 118.74935839, 31.67964915 ], [ 118.749422722624146, 31.679648681326409 ], [ 118.749358392138006, 31.679649149133699 ], [ 118.749234954748772, 31.679650552377197 ] ] ], [ [ [ 118.74985027058797, 31.679645126232245 ], [ 118.75067762, 31.67963839 ], [ 118.750807582757929, 31.679675872885472 ], [ 118.750677622327004, 31.679638388781399 ], [ 118.74985027058797, 31.679645126232245 ] ] ], [ [ [ 118.751325141456633, 31.679891972527386 ], [ 118.75134674, 31.67990555 ], [ 118.75176282, 31.68017667 ], [ 118.7521799, 31.68044779 ], [ 118.75260499, 31.68072092 ], [ 118.75302209, 31.68099306 ], [ 118.753338015406484, 31.681193074499543 ], [ 118.753022092378998, 31.680993057178402 ], [ 118.752604994210003, 31.6807209211904 ], [ 118.752179901503993, 31.6804477896344 ], [ 118.751346743108002, 31.679905551297299 ], [ 118.751325141456633, 31.679891972527386 ] ] ], [ [ [ 118.753543564966648, 31.681325386212709 ], [ 118.75365626, 31.68139928 ], [ 118.75407237, 31.68167043 ], [ 118.754447919661004, 31.681905000396146 ], [ 118.753543564966648, 31.681325386212709 ] ] ], [ [ [ 118.754923638903719, 31.682212759287339 ], [ 118.75532279, 31.68222391 ], [ 118.755322792872676, 31.68222390897304 ], [ 118.754923638903719, 31.682212759287339 ] ] ], [ [ [ 118.755328603297144, 31.682221831789906 ], [ 118.7555659, 31.682137 ], [ 118.755676120672746, 31.682096077438491 ], [ 118.755565900109005, 31.682136997390099 ], [ 118.755328603297144, 31.682221831789906 ] ] ], [ [ [ 118.756510398679325, 31.681799501333366 ], [ 118.75653035, 31.68179237 ], [ 118.756550682770296, 31.681785333850996 ], [ 118.756530349702004, 31.6817923697845 ], [ 118.756510398679325, 31.681799501333366 ] ] ], [ [ [ 118.757153684452589, 31.681572435794315 ], [ 118.75726772, 31.68153168 ], [ 118.757610114663066, 31.681411420088626 ], [ 118.757267719854994, 31.681531677908499 ], [ 118.757153684452589, 31.681572435794315 ] ] ], [ [ [ 118.758229432965763, 31.681187780624036 ], [ 118.75823123913456, 31.681187110321179 ], [ 118.758231238568001, 31.681187110516401 ], [ 118.758229432965763, 31.681187780624036 ] ] ], [ [ [ 118.758250165005919, 31.681180589001691 ], [ 118.75848338, 31.68110023 ], [ 118.759337217732835, 31.680797402656523 ], [ 118.758483380472995, 31.681100229553898 ], [ 118.758250165005919, 31.681180589001691 ] ] ], [ [ [ 118.759521726849613, 31.680732209959181 ], [ 118.7596991, 31.68066884 ], [ 118.759874281024182, 31.680606248589488 ], [ 118.759699103274997, 31.6806688353998 ], [ 118.759521726849613, 31.680732209959181 ] ] ], [ [ [ 118.760484116845873, 31.680391775945481 ], [ 118.76091489, 31.6802395 ], [ 118.761244431470601, 31.680121536470672 ], [ 118.760914887642002, 31.6802394951849 ], [ 118.760484116845873, 31.680391775945481 ] ] ], [ [ [ 118.761484691827903, 31.680035600249397 ], [ 118.76164339, 31.67997892 ], [ 118.761874477254707, 31.679896375940519 ], [ 118.761643387307998, 31.679978915932701 ], [ 118.761484691827903, 31.680035600249397 ] ] ], [ [ [ 118.764342936106303, 31.680544179310182 ], [ 118.76457845, 31.68075191 ], [ 118.76495172, 31.6810752 ], [ 118.76531599, 31.68139649 ], [ 118.76549912, 31.68155963 ], [ 118.76568126, 31.68172178 ], [ 118.765761070770139, 31.681792391104395 ], [ 118.765315988211, 31.681396485209401 ], [ 118.764951722291002, 31.6810751983028 ], [ 118.764342936106303, 31.680544179310182 ] ] ], [ [ [ 118.766190741724913, 31.682167256730729 ], [ 118.76623668, 31.68220623 ], [ 118.766288797918989, 31.682252339265126 ], [ 118.766236684204998, 31.682206231250898 ], [ 118.766190741724913, 31.682167256730729 ] ] ], [ [ [ 118.766621891219273, 31.682543258682557 ], [ 118.76679212, 31.6826907 ], [ 118.766902333235933, 31.682787072643919 ], [ 118.766792120760002, 31.682690695558701 ], [ 118.766621891219273, 31.682543258682557 ] ] ], [ [ [ 118.767037926593616, 31.682906977428434 ], [ 118.76715741, 31.68301401 ], [ 118.767487495400147, 31.683305142967118 ], [ 118.767157414093006, 31.683014007115101 ], [ 118.767037926593616, 31.682906977428434 ] ] ], [ [ [ 118.767621833603698, 31.683424455567263 ], [ 118.76770386, 31.68349748 ], [ 118.767716435642924, 31.683508682456321 ], [ 118.767703862719003, 31.683497481882299 ], [ 118.767621833603698, 31.683424455567263 ] ] ], [ [ [ 118.768083985442161, 31.683830185083661 ], [ 118.76826033, 31.68398198 ], [ 118.768419897313677, 31.684123050329866 ], [ 118.768260332311002, 31.683981975550498 ], [ 118.768083985442161, 31.683830185083661 ] ] ], [ [ [ 118.768527331178191, 31.68421503084641 ], [ 118.76895393, 31.68459161 ], [ 118.769167316153215, 31.684494975361599 ], [ 118.768953933988001, 31.6845916062342 ], [ 118.768527331178191, 31.68421503084641 ] ] ], [ [ [ 118.769615785158734, 31.684292523982503 ], [ 118.76989189, 31.68416841 ], [ 118.770240072719389, 31.684009925162474 ], [ 118.769891890799997, 31.6841684062586 ], [ 118.769615785158734, 31.684292523982503 ] ] ], [ [ [ 118.770444358440386, 31.6839168742666 ], [ 118.77221941, 31.68311652 ], [ 118.772606625023926, 31.682935949963955 ], [ 118.772219409922997, 31.683116517900601 ], [ 118.770444358440386, 31.6839168742666 ] ] ], [ [ [ 118.773100108846506, 31.682714372549157 ], [ 118.77338275, 31.68258764 ], [ 118.773557333161946, 31.682508072645234 ], [ 118.773382745280003, 31.682587639603 ], [ 118.773100108846506, 31.682714372549157 ] ] ], [ [ [ 118.773726197156165, 31.682431088732887 ], [ 118.77453712, 31.6820628 ], [ 118.774869881383992, 31.681716884028141 ], [ 118.774537119447004, 31.682062795626599 ], [ 118.773726197156165, 31.682431088732887 ] ] ], [ [ [ 118.774876404723997, 31.68171016780623 ], [ 118.77503175, 31.68153529 ], [ 118.77537119, 31.68118563 ], [ 118.775459517210763, 31.681085550489609 ], [ 118.775031750565006, 31.6815352856709 ], [ 118.774876404723997, 31.68171016780623 ] ] ], [ [ [ 118.775629544058617, 31.680900001655203 ], [ 118.77569161, 31.68083395 ], [ 118.77575173336048, 31.680773274479172 ], [ 118.775691605936004, 31.680833951874298 ], [ 118.775629544058617, 31.680900001655203 ] ] ], [ [ [ 118.776090829424263, 31.680413472089857 ], [ 118.77619527, 31.68030747 ], [ 118.776347329934055, 31.680142050477428 ], [ 118.776195268451005, 31.6803074703116 ], [ 118.776090829424263, 31.680413472089857 ] ] ], [ [ [ 118.77656439900457, 31.679909390590577 ], [ 118.77668993, 31.67978199 ], [ 118.776801978565572, 31.679662745966073 ], [ 118.776689928601996, 31.679781986852198 ], [ 118.77656439900457, 31.679909390590577 ] ] ], [ [ [ 118.7769857329979, 31.679459175757497 ], [ 118.77701136, 31.67943033 ], [ 118.777092163675334, 31.679348793600788 ], [ 118.777011363097998, 31.679430326068601 ], [ 118.7769857329979, 31.679459175757497 ] ] ], [ [ [ 118.777414500863344, 31.679008515066112 ], [ 118.77751505, 31.67890087 ], [ 118.777677731865268, 31.678728213408132 ], [ 118.777515049225002, 31.678900865413102 ], [ 118.777414500863344, 31.679008515066112 ] ] ], [ [ [ 118.778310911707408, 31.678055923038912 ], [ 118.77834019, 31.67802477 ], [ 118.778432512835295, 31.677925931779811 ], [ 118.778340192968997, 31.6780247655864 ], [ 118.778310911707408, 31.678055923038912 ] ] ], [ [ [ 118.778542649447587, 31.677808272794277 ], [ 118.77866966, 31.67767313 ], [ 118.778789942681129, 31.67754586971494 ], [ 118.778669656320005, 31.677673130795899 ], [ 118.778542649447587, 31.677808272794277 ] ] ], [ [ [ 118.779080071992581, 31.677237915734192 ], [ 118.7793296, 31.67697187 ], [ 118.779415862706941, 31.676898656929776 ], [ 118.779329595231005, 31.676971872530899 ], [ 118.779080071992581, 31.677237915734192 ] ] ], [ [ [ 118.780397994286375, 31.676159269905863 ], [ 118.78046722, 31.6761082 ], [ 118.78071062439524, 31.675932443471453 ], [ 118.780467216649001, 31.676108200933701 ], [ 118.780397994286375, 31.676159269905863 ] ] ], [ [ [ 118.780893910697273, 31.675799572853848 ], [ 118.78106609, 31.67567192 ], [ 118.781309595593669, 31.675499977958268 ], [ 118.781066085720994, 31.675671916508499 ], [ 118.780893910697273, 31.675799572853848 ] ] ], [ [ [ 118.782681042499576, 31.674509358200176 ], [ 118.78288079, 31.67436415 ], [ 118.783022390596614, 31.674260596126654 ], [ 118.782880788803993, 31.674364148573598 ], [ 118.782681042499576, 31.674509358200176 ] ] ], [ [ [ 118.783147373374121, 31.674170570730212 ], [ 118.78348872, 31.67392792 ], [ 118.783951072153187, 31.673821009632569 ], [ 118.783488717571998, 31.673927917203599 ], [ 118.783147373374121, 31.674170570730212 ] ] ], [ [ [ 118.785612530929797, 31.67350010812314 ], [ 118.7863451, 31.67335974 ], [ 118.787368293230841, 31.673160244730585 ], [ 118.786345098880005, 31.673359739021102 ], [ 118.785612530929797, 31.67350010812314 ] ] ], [ [ [ 118.789715416635289, 31.672230713900472 ], [ 118.79033868, 31.6719364 ], [ 118.790774692820989, 31.671725258255666 ], [ 118.790338679852994, 31.671936398483702 ], [ 118.789715416635289, 31.672230713900472 ] ] ], [ [ [ 118.79136155535258, 31.671450928745557 ], [ 118.79149368, 31.6713901 ], [ 118.79195348, 31.67117079 ], [ 118.792085038281655, 31.671106195700837 ], [ 118.79136155535258, 31.671450928745557 ] ] ], [ [ [ 118.792483516996825, 31.670917629444716 ], [ 118.79264771, 31.67084083 ], [ 118.79302137, 31.6706634 ], [ 118.793210167417584, 31.670158490476414 ], [ 118.793021370963999, 31.6706633968478 ], [ 118.792483516996825, 31.670917629444716 ] ] ], [ [ [ 118.793356733452114, 31.669778421694339 ], [ 118.79342918, 31.66959098 ], [ 118.79375884, 31.66873445 ], [ 118.7938890965643, 31.668377636663624 ], [ 118.793356733452114, 31.669778421694339 ] ] ], [ [ [ 118.793723280671088, 31.668216614685964 ], [ 118.79371581, 31.66820936 ], [ 118.793715808049043, 31.668209358164422 ], [ 118.793723280671088, 31.668216614685964 ] ] ], [ [ [ 118.792755664174464, 31.667295691544908 ], [ 118.79265605, 31.66720167 ], [ 118.792607485874811, 31.667154791613399 ], [ 118.792656050714996, 31.667201671803401 ], [ 118.792755664174464, 31.667295691544908 ] ] ], [ [ [ 118.79129606807038, 31.665902219519591 ], [ 118.79106747, 31.66569119 ], [ 118.790900787323366, 31.665528245466323 ], [ 118.791067470539005, 31.665691193232 ], [ 118.79129606807038, 31.665902219519591 ] ] ], [ [ [ 118.790334907635128, 31.6648665139999 ], [ 118.79019109, 31.66469284 ], [ 118.790080003943274, 31.664561498307869 ], [ 118.790191090228006, 31.664692844419701 ], [ 118.790334907635128, 31.6648665139999 ] ] ], [ [ [ 118.789583753148747, 31.663968482734987 ], [ 118.78957413, 31.6639569 ], [ 118.789498232198312, 31.66386574810576 ], [ 118.789574133852994, 31.663956904886 ], [ 118.789583753148747, 31.663968482734987 ] ] ], [ [ [ 118.789238285573106, 31.663553640091589 ], [ 118.78911443, 31.66340521 ], [ 118.788880446897835, 31.663123588008936 ], [ 118.789114428282005, 31.663405210932002 ], [ 118.789238285573106, 31.663553640091589 ] ] ], [ [ [ 118.7883449453292, 31.662474672174039 ], [ 118.78820305, 31.66230285 ], [ 118.78789859, 31.6619384 ], [ 118.78774236, 31.66175217 ], [ 118.787438909170845, 31.661384729608745 ], [ 118.787742357889002, 31.661752171802501 ], [ 118.7883449453292, 31.662474672174039 ] ] ], [ [ [ 118.787352400132818, 31.661343908571698 ], [ 118.78712643, 31.66123728 ], [ 118.786485595670939, 31.661047969102476 ], [ 118.787126425221999, 31.661237281260501 ], [ 118.787352400132818, 31.661343908571698 ] ] ], [ [ [ 118.78617290651114, 31.660954041980631 ], [ 118.7861359, 31.66094289 ], [ 118.78563314, 31.66079419 ], [ 118.78543912980696, 31.66073413827694 ], [ 118.785633136805998, 31.660794193768901 ], [ 118.78617290651114, 31.660954041980631 ] ] ], [ [ [ 118.785205028229754, 31.660665430663013 ], [ 118.78464366, 31.66049684 ], [ 118.783966799425187, 31.660299800156224 ], [ 118.784643657337, 31.660496842360001 ], [ 118.785205028229754, 31.660665430663013 ] ] ], [ [ [ 118.783681252043735, 31.660215089863538 ], [ 118.78339283, 31.66013017 ], [ 118.78314147, 31.66005384 ], [ 118.783020206860698, 31.660017650535693 ], [ 118.783392829045994, 31.660130171744701 ], [ 118.783681252043735, 31.660215089863538 ] ] ], [ [ [ 118.782398568146192, 31.659834078309334 ], [ 118.78164836, 31.65960891 ], [ 118.781417187695453, 31.6595409966063 ], [ 118.781648362035, 31.6596089130095 ], [ 118.782398568146192, 31.659834078309334 ] ] ], [ [ [ 118.781039416842475, 31.659429348004995 ], [ 118.78090134, 31.65938797 ], [ 118.780526597230079, 31.659277661522172 ], [ 118.780901335267004, 31.6593879719358 ], [ 118.781039416842475, 31.659429348004995 ] ] ], [ [ [ 118.779953812844724, 31.659107025007117 ], [ 118.77965967, 31.65902044 ], [ 118.779476303783085, 31.658964993392971 ], [ 118.779659669199006, 31.6590204431151 ], [ 118.779953812844724, 31.659107025007117 ] ] ], [ [ [ 118.778430524737104, 31.658655598335546 ], [ 118.77791442, 31.65849937 ], [ 118.777767250785857, 31.65822619145872 ], [ 118.777914415251004, 31.658499370382501 ], [ 118.778430524737104, 31.658655598335546 ] ] ], [ [ [ 118.777832935106005, 31.657801259385749 ], [ 118.77783638, 31.65777926 ], [ 118.7778975, 31.65733031 ], [ 118.77794058, 31.65710635 ], [ 118.777966629715806, 31.656882372443434 ], [ 118.777940575513995, 31.657106351637001 ], [ 118.777897499646997, 31.6573303097666 ], [ 118.777832935106005, 31.657801259385749 ] ] ], [ [ [ 118.777967257491525, 31.65687838067829 ], [ 118.77805379, 31.65640346 ], [ 118.778087491438086, 31.656181847813052 ], [ 118.778053785585996, 31.656403458358401 ], [ 118.777967257491525, 31.65687838067829 ] ] ], [ [ [ 118.778088948423473, 31.656174408492259 ], [ 118.77818402, 31.65573459 ], [ 118.778219451079394, 31.6555511743171 ], [ 118.778184015091, 31.655734586835301 ], [ 118.778088948423473, 31.656174408492259 ] ] ], [ [ [ 118.778373027536816, 31.654765940987492 ], [ 118.77844448, 31.65440285 ], [ 118.778475747410454, 31.654240262369495 ], [ 118.778444475287003, 31.654402846948301 ], [ 118.778373027536816, 31.654765940987492 ] ] ], [ [ [ 118.778517649676175, 31.654025245588215 ], [ 118.77857471, 31.65373398 ], [ 118.778748291182197, 31.653615003384047 ], [ 118.778574706520999, 31.653733978391401 ], [ 118.778517649676175, 31.654025245588215 ] ] ], [ [ [ 118.778882784373678, 31.653519223627541 ], [ 118.77898227, 31.65344745 ], [ 118.779059365918854, 31.653394609184911 ], [ 118.778982269823004, 31.6534474492111 ], [ 118.778882784373678, 31.653519223627541 ] ] ], [ [ [ 118.779798414208841, 31.652877407155845 ], [ 118.779798645315026, 31.652877250984428 ], [ 118.779798414333001, 31.652877407066899 ], [ 118.779798414208841, 31.652877407155845 ] ] ], [ [ [ 118.781108293599232, 31.65196355086287 ], [ 118.78123148, 31.65187914 ], [ 118.781388541447043, 31.651768206339071 ], [ 118.781231477264996, 31.651879136518101 ], [ 118.781108293599232, 31.65196355086287 ] ] ], [ [ [ 118.781495518629953, 31.651693701549284 ], [ 118.78163908, 31.65159464 ], [ 118.781832126833464, 31.651457052324741 ], [ 118.781639076336006, 31.6515946392887 ], [ 118.781495518629953, 31.651693701549284 ] ] ], [ [ [ 118.781854515607606, 31.651441319175177 ], [ 118.78224698, 31.6511674 ], [ 118.782508445499232, 31.650981052412941 ], [ 118.782246980021995, 31.651167397884599 ], [ 118.781854515607606, 31.651441319175177 ] ] ], [ [ [ 118.782753489367792, 31.650814098805544 ], [ 118.78286291, 31.65074018 ], [ 118.782969053271955, 31.650664003787597 ], [ 118.782862907148001, 31.650740177331301 ], [ 118.782753489367792, 31.650814098805544 ] ] ], [ [ [ 118.783253934550203, 31.650465755484582 ], [ 118.78327153, 31.6504537 ], [ 118.783382172745533, 31.650314355506087 ], [ 118.783271529114998, 31.650453700225501 ], [ 118.783253934550203, 31.650465755484582 ] ] ], [ [ [ 118.783519047288351, 31.650125144970119 ], [ 118.78360106, 31.64997612 ], [ 118.783969259750435, 31.649313082465948 ], [ 118.783601056864995, 31.649976118705499 ], [ 118.783519047288351, 31.650125144970119 ] ] ], [ [ [ 118.784343357419402, 31.648644516899537 ], [ 118.78440038, 31.64854614 ], [ 118.784360204993718, 31.648344526222772 ], [ 118.784400375597997, 31.648546140187001 ], [ 118.784343357419402, 31.648644516899537 ] ] ], [ [ [ 118.784353747117393, 31.648308633017642 ], [ 118.7843213, 31.64810202 ], [ 118.78423521, 31.6476559 ], [ 118.78420018, 31.64743285 ], [ 118.784094634254856, 31.646892950498891 ], [ 118.784353747117393, 31.648308633017642 ] ] ], [ [ [ 118.782943620578024, 31.644757139342136 ], [ 118.7828114, 31.64453796 ], [ 118.78319303, 31.64370244 ], [ 118.7832972, 31.64348957 ], [ 118.783846763967389, 31.642298909117759 ], [ 118.783193026621007, 31.643702439986299 ], [ 118.782811395048, 31.644537961840999 ], [ 118.782943620578024, 31.644757139342136 ] ] ], [ [ [ 118.785342232721888, 31.641009021227084 ], [ 118.78540659, 31.64095534 ], [ 118.785553517418563, 31.640832441664081 ], [ 118.785406588358995, 31.640955338602701 ], [ 118.785342232721888, 31.641009021227084 ] ] ], [ [ [ 118.785976010068751, 31.640482921812541 ], [ 118.78616281, 31.64033037 ], [ 118.78635312, 31.64017163 ], [ 118.786607603650523, 31.639965132642729 ], [ 118.786353121112001, 31.640171626123401 ], [ 118.785976010068751, 31.640482921812541 ] ] ], [ [ [ 118.78673574949535, 31.639861150409502 ], [ 118.78690905, 31.63958139 ], [ 118.78708236, 31.63915663 ], [ 118.787157274259599, 31.638955107423214 ], [ 118.78673574949535, 31.639861150409502 ] ] ], [ [ [ 118.787161501172164, 31.638943737378181 ], [ 118.787183710937001, 31.638894060036161 ], [ 118.787161501596998, 31.638943736235401 ], [ 118.787161501172164, 31.638943737378181 ] ] ], [ [ [ 118.787624915093033, 31.637520630033301 ], [ 118.78754326, 31.63726425 ], [ 118.78747317, 31.63704715 ], [ 118.78733499, 31.63661295 ], [ 118.7872649, 31.63639585 ], [ 118.78719581, 31.63617675 ], [ 118.78712672, 31.63595965 ], [ 118.78705663, 31.63574255 ], [ 118.78691845, 31.63530635 ], [ 118.786869917075776, 31.63519625449732 ], [ 118.787624915093033, 31.637520630033301 ] ] ], [ [ [ 118.786677777483646, 31.634785330390041 ], [ 118.7866661, 31.63476199 ], [ 118.786622427007984, 31.634675962865245 ], [ 118.786666100451995, 31.634761992216099 ], [ 118.786677777483646, 31.634785330390041 ] ] ], [ [ [ 118.785705187792786, 31.632866575863865 ], [ 118.78561566, 31.63269752 ], [ 118.78551152, 31.63248938 ], [ 118.785327788444988, 31.632135698870414 ], [ 118.785615657356004, 31.632697524544898 ], [ 118.785705187792786, 31.632866575863865 ] ] ], [ [ [ 118.786093976074596, 31.631747562615736 ], [ 118.78624873, 31.63168439 ], [ 118.786575495018838, 31.631552154675273 ], [ 118.786248727694002, 31.631684388122199 ], [ 118.786093976074596, 31.631747562615736 ] ] ], [ [ [ 118.786821438365706, 31.631467437763764 ], [ 118.7872303, 31.63136576 ], [ 118.787803775618116, 31.631293123954499 ], [ 118.787230297028003, 31.631365756156601 ], [ 118.786821438365706, 31.631467437763764 ] ] ], [ [ [ 118.788538115978668, 31.631205442171215 ], [ 118.78879282, 31.63117499 ], [ 118.78930567, 31.63110973 ], [ 118.789357239051427, 31.631088396238024 ], [ 118.788538115978668, 31.631205442171215 ] ] ], [ [ [ 118.789806520652874, 31.63088093712377 ], [ 118.79006095, 31.63074784 ], [ 118.790393630224372, 31.630571754512189 ], [ 118.790060948526005, 31.630747837048801 ], [ 118.789806520652874, 31.63088093712377 ] ] ], [ [ [ 118.790993583657439, 31.630200952880124 ], [ 118.79105868, 31.63013132 ], [ 118.791279694967017, 31.629897656122925 ], [ 118.791058676269003, 31.630131319185999 ], [ 118.790993583657439, 31.630200952880124 ] ] ], [ [ [ 118.791439434104745, 31.629730366538364 ], [ 118.79156258, 31.62960408 ], [ 118.791677915346668, 31.62947436094521 ], [ 118.791562578343004, 31.6296040757268 ], [ 118.791439434104745, 31.629730366538364 ] ] ], [ [ [ 118.792165110226335, 31.628957770373145 ], [ 118.79221376, 31.62890306 ], [ 118.79255237, 31.62855358 ], [ 118.792564523484316, 31.628540579544321 ], [ 118.792213755533993, 31.628903062262701 ], [ 118.792165110226335, 31.628957770373145 ] ] ], [ [ [ 118.792804035443879, 31.628285475416106 ], [ 118.79304728, 31.62802834 ], [ 118.793131023694855, 31.627939302163512 ], [ 118.793047275963005, 31.628028339605201 ], [ 118.792804035443879, 31.628285475416106 ] ] ], [ [ [ 118.793434127582159, 31.627618769846034 ], [ 118.79371551, 31.62732838 ], [ 118.79380323325249, 31.627234580333468 ], [ 118.793715507197007, 31.627328375159799 ], [ 118.793434127582159, 31.627618769846034 ] ] ], [ [ [ 118.794602844054779, 31.626114146306367 ], [ 118.79479255, 31.62582607 ], [ 118.794918066509496, 31.625631112135462 ], [ 118.794792548193001, 31.625826065365899 ], [ 118.794602844054779, 31.626114146306367 ] ] ], [ [ [ 118.795101854549657, 31.62534159764952 ], [ 118.79516527, 31.62523866 ], [ 118.795395084491844, 31.624892315004406 ], [ 118.795165266978998, 31.625238656537601 ], [ 118.795101854549657, 31.62534159764952 ] ] ], [ [ [ 118.79573161386439, 31.624383986859566 ], [ 118.79581653, 31.6242557 ], [ 118.796046186207263, 31.623908720767549 ], [ 118.795816526698999, 31.624255697109099 ], [ 118.79573161386439, 31.624383986859566 ] ] ], [ [ [ 118.796122964685878, 31.623790049117112 ], [ 118.79632853, 31.62346752 ], [ 118.796414818932533, 31.623338142912587 ], [ 118.796328525199996, 31.623467521928902 ], [ 118.796122964685878, 31.623790049117112 ] ] ], [ [ [ 118.79667896543009, 31.622941077156973 ], [ 118.79671929, 31.62288016 ], [ 118.796891358824752, 31.622618876418962 ], [ 118.796719289923004, 31.622880155324399 ], [ 118.79667896543009, 31.622941077156973 ] ] ], [ [ [ 118.797262669892703, 31.622047877936602 ], [ 118.79736256, 31.62189621 ], [ 118.797543815853999, 31.621620613934837 ], [ 118.797362557621994, 31.6218962053543 ], [ 118.797262669892703, 31.622047877936602 ] ] ], [ [ [ 118.797817045183564, 31.621355850252495 ], [ 118.79794369, 31.62126116 ], [ 118.79807541738387, 31.62120294194084 ], [ 118.797943687583, 31.621261160175099 ], [ 118.797817045183564, 31.621355850252495 ] ] ], [ [ [ 118.799124915481087, 31.620737538560572 ], [ 118.79981927, 31.62043128 ], [ 118.800467227547685, 31.620406906531112 ], [ 118.799819272134002, 31.620431278133001 ], [ 118.799124915481087, 31.620737538560572 ] ] ], [ [ [ 118.802415457879064, 31.620594071261856 ], [ 118.80390813, 31.62073827 ], [ 118.80442915, 31.62078818 ], [ 118.80468866, 31.62081163 ], [ 118.80495017, 31.62083809 ], [ 118.80519055355208, 31.620861160867229 ], [ 118.804688659085997, 31.6208116296242 ], [ 118.802415457879064, 31.620594071261856 ] ] ], [ [ [ 118.805647034419508, 31.620905372469498 ], [ 118.80573974, 31.62091448 ], [ 118.80600025, 31.62093794 ], [ 118.806220798195227, 31.620959070366009 ], [ 118.806000253060006, 31.620937938685 ], [ 118.805647034419508, 31.620905372469498 ] ] ], [ [ [ 118.80660333188797, 31.62099619582364 ], [ 118.80678181, 31.62101433 ], [ 118.80704133, 31.62103979 ], [ 118.807261021110378, 31.621059659433332 ], [ 118.80660333188797, 31.62099619582364 ] ] ], [ [ [ 118.807890467473115, 31.621119811478376 ], [ 118.80941211, 31.62126605 ], [ 118.809855, 31.62149185 ], [ 118.810217802942248, 31.621667627047362 ], [ 118.809412114172005, 31.621266045691499 ], [ 118.807890467473115, 31.621119811478376 ] ] ], [ [ [ 118.810351615191792, 31.621732432103062 ], [ 118.8110003, 31.62205393 ], [ 118.81146023, 31.62227777 ], [ 118.81168668, 31.62239218 ], [ 118.811689647561366, 31.622393624229542 ], [ 118.811460227476999, 31.622277768197002 ], [ 118.810351615191792, 31.621732432103062 ] ] ], [ [ [ 118.812303184318793, 31.622694090351381 ], [ 118.81237207, 31.62272844 ], [ 118.81252395396227, 31.622836618786934 ], [ 118.812372072738, 31.62272843837 ], [ 118.812303184318793, 31.622694090351381 ] ] ], [ [ [ 118.813304110158654, 31.623461233266237 ], [ 118.8134312, 31.62356639 ], [ 118.81361356, 31.62372272 ], [ 118.813613864784742, 31.623722973493702 ], [ 118.813431197347001, 31.6235663862211 ], [ 118.813304110158654, 31.623461233266237 ] ] ], [ [ [ 118.813940183965812, 31.623992374958171 ], [ 118.81399533, 31.62403743 ], [ 118.81436808, 31.62435012 ], [ 118.814458476863706, 31.624424911490504 ], [ 118.813995330661996, 31.624037427486599 ], [ 118.813940183965812, 31.623992374958171 ] ] ], [ [ [ 118.814635684982562, 31.624570738652277 ], [ 118.81475085, 31.62466483 ], [ 118.814902279152875, 31.624790775723817 ], [ 118.814750852665995, 31.6246648259241 ], [ 118.814635684982562, 31.624570738652277 ] ] ], [ [ [ 118.814978746699936, 31.624855335063987 ], [ 118.8151236, 31.62497952 ], [ 118.815505376724403, 31.625292227317008 ], [ 118.815123604649003, 31.624979517420101 ], [ 118.814978746699936, 31.624855335063987 ] ] ], [ [ [ 118.815500980132597, 31.625660438528538 ], [ 118.81541913, 31.62600807 ], [ 118.8153735963119, 31.626239251874583 ], [ 118.815419131422999, 31.626008065831002 ], [ 118.815500980132597, 31.625660438528538 ] ] ], [ [ [ 118.815174829908813, 31.6271638791881 ], [ 118.8150893, 31.62756245 ], [ 118.815052130199419, 31.627750745169546 ], [ 118.815089300365003, 31.6275624538874 ], [ 118.815174829908813, 31.6271638791881 ] ] ], [ [ [ 118.814963479630535, 31.62816982001744 ], [ 118.81489882, 31.6284471 ], [ 118.814824085969988, 31.62882825897627 ], [ 118.814898821922995, 31.628447102014199 ], [ 118.814963479630535, 31.62816982001744 ] ] ], [ [ [ 118.814568388422316, 31.630019203191782 ], [ 118.81452488, 31.63022241 ], [ 118.8144557, 31.63056329 ], [ 118.814574459180548, 31.630595142315205 ], [ 118.814455704623001, 31.6305632880653 ], [ 118.814568388422316, 31.630019203191782 ] ] ], [ [ [ 118.815293349686428, 31.630786931831771 ], [ 118.81621735, 31.63103657 ], [ 118.8171984, 31.6312984 ], [ 118.81772851, 31.63132039 ], [ 118.817965850064212, 31.631328382169301 ], [ 118.817198395640006, 31.631298397712801 ], [ 118.815293349686428, 31.630786931831771 ] ] ], [ [ [ 118.818656807231676, 31.631354977365682 ], [ 118.81903928, 31.63137085 ], [ 118.819392397449846, 31.631383729767009 ], [ 118.819039275557003, 31.631370845729698 ], [ 118.818656807231676, 31.631354977365682 ] ] ], [ [ [ 118.81981180038909, 31.631401248222549 ], [ 118.82008949, 31.63141382 ], [ 118.820201028502254, 31.631417350093713 ], [ 118.820089494377001, 31.631413818101599 ], [ 118.81981180038909, 31.631401248222549 ] ] ], [ [ [ 118.821218005329584, 31.631457107882127 ], [ 118.82166884, 31.63147679 ], [ 118.8220777, 31.63148956 ], [ 118.82258076, 31.63157851 ], [ 118.82284131, 31.631622 ], [ 118.82336241, 31.63170698 ], [ 118.8238825, 31.63179396 ], [ 118.82414305, 31.63183745 ], [ 118.824148421144216, 31.631838330646126 ], [ 118.821218005329584, 31.631457107882127 ] ] ], [ [ [ 118.825152184917471, 31.632007769506341 ], [ 118.82516721, 31.63201038 ], [ 118.8256883, 31.63209736 ], [ 118.825743486481628, 31.632106571514434 ], [ 118.825152184917471, 31.632007769506341 ] ] ], [ [ [ 118.827186762537735, 31.632348363151291 ], [ 118.82749409, 31.63240176 ], [ 118.827632686237123, 31.632424888629401 ], [ 118.827494094179002, 31.632401755499501 ], [ 118.827186762537735, 31.632348363151291 ] ] ], [ [ [ 118.82913413347319, 31.632286261976709 ], [ 118.82927279, 31.63225403 ], [ 118.829394016111749, 31.632225665622681 ], [ 118.829272788238995, 31.632254028762599 ], [ 118.82913413347319, 31.632286261976709 ] ] ], [ [ [ 118.830231402644173, 31.632028537185651 ], [ 118.83105255, 31.63183734 ], [ 118.83156463, 31.63171729 ], [ 118.83206868, 31.63160022 ], [ 118.832297434226135, 31.631546140585424 ], [ 118.830231402644173, 31.632028537185651 ] ] ], [ [ [ 118.832868595165309, 31.631412174883604 ], [ 118.83308381, 31.63136209 ], [ 118.83359588, 31.63124203 ], [ 118.83410794, 31.63112297 ], [ 118.834475838356312, 31.631036055336239 ], [ 118.832868595165309, 31.631412174883604 ] ] ], [ [ [ 118.834685215626166, 31.63098641040953 ], [ 118.83511503, 31.63088381 ], [ 118.835274618326054, 31.630846663456786 ], [ 118.835115030511005, 31.630883808285901 ], [ 118.834685215626166, 31.63098641040953 ] ] ], [ [ [ 118.835862350840841, 31.630684686164372 ], [ 118.8360179, 31.63063245 ], [ 118.83646082, 31.63038925 ], [ 118.83690274, 31.63014605 ], [ 118.837545394110279, 31.629793352629932 ], [ 118.835862350840841, 31.630684686164372 ] ] ], [ [ [ 118.83760617675344, 31.629760237938463 ], [ 118.83801403, 31.62953905 ], [ 118.83889985, 31.62905263 ], [ 118.839051403844778, 31.628969403704843 ], [ 118.83760617675344, 31.629760237938463 ] ] ], [ [ [ 118.839747345648036, 31.62858673132256 ], [ 118.83978465, 31.6285662 ], [ 118.839784650964077, 31.628566198871258 ], [ 118.839747345648036, 31.62858673132256 ] ] ], [ [ [ 118.845008738508668, 31.626397515599102 ], [ 118.84546984, 31.62646303 ], [ 118.84573032, 31.62649947 ], [ 118.845934138377189, 31.62652788204873 ], [ 118.845008738508668, 31.626397515599102 ] ] ], [ [ [ 118.846616378749616, 31.626623330662476 ], [ 118.84677225, 31.62664521 ], [ 118.84703273, 31.62668164 ], [ 118.847087680306444, 31.626689430823756 ], [ 118.847032728472996, 31.6266816397684 ], [ 118.846616378749616, 31.626623330662476 ] ] ], [ [ [ 118.847570186633959, 31.626757776930063 ], [ 118.84807463, 31.62682736 ], [ 118.848262901666871, 31.626852239298088 ], [ 118.848074627478994, 31.626827355628699 ], [ 118.847570186633959, 31.626757776930063 ] ] ], [ [ [ 118.84850189738053, 31.626885471624934 ], [ 118.84885503, 31.62693563 ], [ 118.849057575648089, 31.62696404621434 ], [ 118.848855033779003, 31.626935627228399 ], [ 118.84850189738053, 31.626885471624934 ] ] ], [ [ [ 118.850799784110578, 31.626795821843373 ], [ 118.85112008, 31.62672925 ], [ 118.851303133092486, 31.626690633613556 ], [ 118.851120079468998, 31.626729248061402 ], [ 118.850799784110578, 31.626795821843373 ] ] ], [ [ [ 118.851760695336679, 31.626593316714196 ], [ 118.85316865, 31.62629543 ], [ 118.853301167282609, 31.626209792814905 ], [ 118.853168648693, 31.626295428428101 ], [ 118.851760695336679, 31.626593316714196 ] ] ], [ [ [ 118.853970863793293, 31.625354665466968 ], [ 118.85414941, 31.62507092 ], [ 118.85422198932433, 31.624952258564988 ], [ 118.854149408435006, 31.625070918403502 ], [ 118.853970863793293, 31.625354665466968 ] ] ], [ [ [ 118.854619186400797, 31.62432374779652 ], [ 118.85477454, 31.62407686 ], [ 118.85484248281638, 31.623965769798122 ], [ 118.854774535182997, 31.624076857744001 ], [ 118.854619186400797, 31.62432374779652 ] ] ], [ [ [ 118.855167827918521, 31.623450065184961 ], [ 118.85539064, 31.62308278 ], [ 118.85552087, 31.62288397 ], [ 118.85601574, 31.6220887 ], [ 118.85625917, 31.62169206 ], [ 118.85659778, 31.62096655 ], [ 118.857088020679711, 31.619889534932501 ], [ 118.856259168438001, 31.6216920554252 ], [ 118.855390636086, 31.623082775516298 ], [ 118.855167827918521, 31.623450065184961 ] ] ], [ [ [ 118.857251013769044, 31.619531078660764 ], [ 118.85755248, 31.61886794 ], [ 118.857695494326236, 31.618551802672865 ], [ 118.857552475887005, 31.6188679364863 ], [ 118.857251013769044, 31.619531078660764 ] ] ], [ [ [ 118.858042101022278, 31.617772495784219 ], [ 118.85811647, 31.61760975 ], [ 118.858323085820928, 31.617345092524786 ], [ 118.858116468578004, 31.617609746478401 ], [ 118.858042101022278, 31.617772495784219 ] ] ], [ [ [ 118.858341840735093, 31.617321069543394 ], [ 118.858459814166736, 31.617247790660052 ], [ 118.858341843424, 31.617321066099201 ], [ 118.858341840735093, 31.617321069543394 ] ] ], [ [ [ 118.859362868409747, 31.616685477132563 ], [ 118.8598352, 31.61639414 ], [ 118.860449711719568, 31.616008776877237 ], [ 118.859835198902005, 31.6163941403513 ], [ 118.859362868409747, 31.616685477132563 ] ] ], [ [ [ 118.862366198213977, 31.614607486265783 ], [ 118.86254231, 31.61447075 ], [ 118.86280429099952, 31.614262903248729 ], [ 118.862542305239003, 31.614470749357 ], [ 118.862366198213977, 31.614607486265783 ] ] ], [ [ [ 118.863349946652491, 31.613836120236062 ], [ 118.86351473, 31.613709 ], [ 118.86371402, 31.61350325 ], [ 118.863806243641633, 31.612953888492889 ], [ 118.863714017551004, 31.613503249435301 ], [ 118.863349946652491, 31.613836120236062 ] ] ], [ [ [ 118.863841961723011, 31.612737997368818 ], [ 118.8638613, 31.61261145 ], [ 118.863961611151922, 31.612054015121718 ], [ 118.863861297997005, 31.6126114470316 ], [ 118.863841961723011, 31.612737997368818 ] ] ], [ [ [ 118.864029087784985, 31.61164738519215 ], [ 118.86409574, 31.61127176 ], [ 118.86416587, 31.61082686 ], [ 118.86420895, 31.61060391 ], [ 118.864233441552329, 31.610464467375071 ], [ 118.864165870197994, 31.610826855456999 ], [ 118.864029087784985, 31.61164738519215 ] ] ], [ [ [ 118.864330225134907, 31.609882282722985 ], [ 118.86435623, 31.60971211 ], [ 118.864429289746994, 31.609293339458929 ], [ 118.864356226086997, 31.609712111173799 ], [ 118.864330225134907, 31.609882282722985 ] ] ], [ [ [ 118.864442700719664, 31.609221106398596 ], [ 118.86447745, 31.60904127 ], [ 118.864500068021997, 31.60889778279072 ], [ 118.864477448570995, 31.6090412734235 ], [ 118.864442700719664, 31.609221106398596 ] ] ], [ [ [ 118.864574020239218, 31.608458927400918 ], [ 118.86459066, 31.60837243 ], [ 118.864608130326388, 31.608272960481116 ], [ 118.864590659645998, 31.608372425899798 ], [ 118.864574020239218, 31.608458927400918 ] ] ], [ [ [ 118.864703240271169, 31.60770858336592 ], [ 118.86470387, 31.60770458 ], [ 118.864705531972135, 31.60769511735089 ], [ 118.864703870170004, 31.607704578487301 ], [ 118.864703240271169, 31.60770858336592 ] ] ], [ [ [ 118.864809641253302, 31.607078053373154 ], [ 118.86481608, 31.60703573 ], [ 118.864848329460557, 31.606852117733453 ], [ 118.864816078992007, 31.607035730008199 ], [ 118.864809641253302, 31.607078053373154 ] ] ], [ [ [ 118.864918472756102, 31.606434576733157 ], [ 118.86497337, 31.60614194 ], [ 118.86505051, 31.60569705 ], [ 118.865060499850912, 31.605633235766955 ], [ 118.864918472756102, 31.606434576733157 ] ] ], [ [ [ 118.865136183327465, 31.605184959951924 ], [ 118.86516372, 31.6050282 ], [ 118.865181793486244, 31.604913268917372 ], [ 118.865163717301002, 31.605028198726899 ], [ 118.865136183327465, 31.605184959951924 ] ] ], [ [ [ 118.865229164151998, 31.604632276113573 ], [ 118.86527693, 31.60436035 ], [ 118.865315518455887, 31.604110616662052 ], [ 118.865276925474006, 31.604360351943001 ], [ 118.865229164151998, 31.604632276113573 ] ] ], [ [ [ 118.865418343312157, 31.603538286078201 ], [ 118.86543221, 31.60346556 ], [ 118.86550234, 31.60302066 ], [ 118.86554542, 31.60279772 ], [ 118.865572740145439, 31.602623201466848 ], [ 118.865502339469003, 31.6030206576701 ], [ 118.865418343312157, 31.603538286078201 ] ] ], [ [ [ 118.865668885924791, 31.6020616910176 ], [ 118.86577083, 31.60146102 ], [ 118.86558862, 31.60113081 ], [ 118.865489560881912, 31.601085034794217 ], [ 118.865770826936, 31.601461021479999 ], [ 118.865668885924791, 31.6020616910176 ] ] ], [ [ [ 118.862844757328432, 31.599833170327816 ], [ 118.86259469, 31.59971214 ], [ 118.862497305240922, 31.599667134044214 ], [ 118.862594693429998, 31.599712144913902 ], [ 118.862844757328432, 31.599833170327816 ] ] ], [ [ [ 118.861777657463691, 31.599329611593475 ], [ 118.86166541, 31.59927795 ], [ 118.86120577, 31.59905835 ], [ 118.860997430384373, 31.598959145502572 ], [ 118.861777657463691, 31.599329611593475 ] ] ], [ [ [ 118.859979819431345, 31.598479108120387 ], [ 118.85959145, 31.5982952 ], [ 118.85944126930471, 31.598223022094174 ], [ 118.859591445383998, 31.598295204561499 ], [ 118.859979819431345, 31.598479108120387 ] ] ], [ [ [ 118.859136818677442, 31.598077344768701 ], [ 118.8586801, 31.59785896 ], [ 118.857986057533807, 31.597533998826986 ], [ 118.858680098730005, 31.597858960206899 ], [ 118.859136818677442, 31.598077344768701 ] ] ], [ [ [ 118.857984953790933, 31.597533473846831 ], [ 118.85752636, 31.59731535 ], [ 118.857378045814272, 31.597193828054277 ], [ 118.857526355825996, 31.597315353284099 ], [ 118.857984953790933, 31.597533473846831 ] ] ], [ [ [ 118.857175610309028, 31.596718332268747 ], [ 118.85710878, 31.59643979 ], [ 118.8568845, 31.5955565 ], [ 118.857048789047155, 31.595244741808116 ], [ 118.856884498322998, 31.595556495320601 ], [ 118.857175610309028, 31.596718332268747 ] ] ], [ [ [ 118.857920054885156, 31.594866985496722 ], [ 118.85822067, 31.59473843 ], [ 118.85868941, 31.59453709 ], [ 118.859684288292954, 31.594105840217722 ], [ 118.857920054885156, 31.594866985496722 ] ] ], [ [ [ 118.860136152848256, 31.593964992799524 ], [ 118.86031191, 31.59392434 ], [ 118.86083268, 31.59391604 ], [ 118.86136245, 31.59390874 ], [ 118.861402605926784, 31.593908110100138 ], [ 118.860136152848256, 31.593964992799524 ] ] ], [ [ [ 118.862574913553402, 31.593891561576267 ], [ 118.8629417, 31.59388579 ], [ 118.863495553004157, 31.593876165822675 ], [ 118.862941697988006, 31.593885788728802 ], [ 118.862574913553402, 31.593891561576267 ] ] ], [ [ [ 118.864136247617054, 31.593867569100766 ], [ 118.86452186, 31.59386077 ], [ 118.864968162553168, 31.593855401200607 ], [ 118.864521859519996, 31.593860765983699 ], [ 118.864136247617054, 31.593867569100766 ] ] ], [ [ [ 118.865200915033029, 31.593852037018923 ], [ 118.86610994, 31.59383968 ], [ 118.8666306, 31.59383029 ], [ 118.86716027, 31.5938239 ], [ 118.867838029171438, 31.593812664827787 ], [ 118.866630604647, 31.593830286344701 ], [ 118.866109941792004, 31.5938396768065 ], [ 118.865200915033029, 31.593852037018923 ] ] ], [ [ [ 118.868454954581367, 31.593804191755805 ], [ 118.86873918, 31.59379967 ], [ 118.869123953721143, 31.593793545644377 ], [ 118.868739184516002, 31.593799666293901 ], [ 118.868454954581367, 31.593804191755805 ] ] ], [ [ [ 118.869461151329332, 31.593788491211122 ], [ 118.86978941, 31.5937838 ], [ 118.870041140763405, 31.593770875851419 ], [ 118.869789406001004, 31.593783797710898 ], [ 118.869461151329332, 31.593788491211122 ] ] ], [ [ [ 118.870460369781455, 31.593511327715973 ], [ 118.87069246, 31.59335476 ], [ 118.87090147706526, 31.593214955246182 ], [ 118.870692458711005, 31.5933547570671 ], [ 118.870460369781455, 31.593511327715973 ] ] ], [ [ [ 118.872306636418813, 31.591908281095925 ], [ 118.87229832, 31.59183343 ], [ 118.872281481330575, 31.591738626480513 ], [ 118.872298317684994, 31.5918334253744 ], [ 118.872306636418813, 31.591908281095925 ] ] ], [ [ [ 118.872044578134407, 31.590390107036104 ], [ 118.87198515, 31.59005119 ], [ 118.871970124050264, 31.589951361512117 ], [ 118.871985148209006, 31.5900511922605 ], [ 118.872044578134407, 31.590390107036104 ] ] ], [ [ [ 118.871899663686108, 31.589536023601422 ], [ 118.87187209, 31.58938111 ], [ 118.871855779399169, 31.589275967576796 ], [ 118.871872088415998, 31.5893811093468 ], [ 118.871899663686108, 31.589536023601422 ] ] ], [ [ [ 118.871776547213287, 31.588764961460875 ], [ 118.87176804, 31.58871004 ], [ 118.871749725260685, 31.588605604921458 ], [ 118.871768037766003, 31.5887100355115 ], [ 118.871776547213287, 31.588764961460875 ] ] ], [ [ [ 118.871551400619637, 31.587944028702008 ], [ 118.87140375, 31.58761872 ], [ 118.87122159, 31.58719756 ], [ 118.87116505309659, 31.587069675653016 ], [ 118.871403745107003, 31.587618720412198 ], [ 118.871551400619637, 31.587944028702008 ] ] ], [ [ [ 118.871031885744685, 31.586764232891664 ], [ 118.87094434, 31.5865623 ], [ 118.870689790687521, 31.585994599478848 ], [ 118.870944339993002, 31.586562303655601 ], [ 118.871031885744685, 31.586764232891664 ] ] ], [ [ [ 118.870534062652609, 31.58563803889929 ], [ 118.87047492, 31.58550687 ], [ 118.870186649930119, 31.584850155143901 ], [ 118.870474915203005, 31.5855068706284 ], [ 118.870534062652609, 31.58563803889929 ] ] ], [ [ [ 118.869475684866245, 31.58324453293956 ], [ 118.86926879, 31.58276673 ], [ 118.869148109573274, 31.582500878322985 ], [ 118.869268786394002, 31.582766731622002 ], [ 118.869475684866245, 31.58324453293956 ] ] ], [ [ [ 118.86837611952302, 31.580695010845442 ], [ 118.86833188, 31.58054282 ], [ 118.8683319, 31.58031684 ], [ 118.86832291, 31.58009084 ], [ 118.86832293, 31.57986485 ], [ 118.86831394, 31.57964185 ], [ 118.86830497, 31.57919087 ], [ 118.86829698, 31.57896487 ], [ 118.868297, 31.57873889 ], [ 118.86827904, 31.5780639 ], [ 118.86827105, 31.57783891 ], [ 118.86826206, 31.57761291 ], [ 118.86827109, 31.57738693 ], [ 118.8682621, 31.57716094 ], [ 118.86825313, 31.57671195 ], [ 118.86824514, 31.57648596 ], [ 118.86836631940379, 31.576076112016505 ], [ 118.868245135658, 31.576485956558301 ], [ 118.868262055773002, 31.577612910069 ], [ 118.868331878967993, 31.5805428249339 ], [ 118.86837611952302, 31.580695010845442 ] ] ], [ [ [ 118.869438075341208, 31.57452457705546 ], [ 118.86957289, 31.57432953 ], [ 118.869721887989272, 31.574115614382293 ], [ 118.869572887915993, 31.574329531025299 ], [ 118.869438075341208, 31.57452457705546 ] ] ], [ [ [ 118.869926378943589, 31.573820950408862 ], [ 118.87037991, 31.57316545 ], [ 118.870435091476182, 31.573101916366152 ], [ 118.870379906338997, 31.5731654530363 ], [ 118.869926378943589, 31.573820950408862 ] ] ], [ [ [ 118.870725832653577, 31.572795993645872 ], [ 118.87159433, 31.57208876 ], [ 118.87178555, 31.57193296 ], [ 118.872233843053721, 31.571559338700901 ], [ 118.870725832653577, 31.572795993645872 ] ] ], [ [ [ 118.872851924493006, 31.571052888286651 ], [ 118.87330422, 31.57068451 ], [ 118.873353932070358, 31.570644129098827 ], [ 118.873304223869994, 31.570684506298001 ], [ 118.872851924493006, 31.571052888286651 ] ] ], [ [ [ 118.873992225104885, 31.570118831384519 ], [ 118.87406002, 31.57006225 ], [ 118.874217124541289, 31.569932717223104 ], [ 118.874060022660004, 31.5700622469477 ], [ 118.873992225104885, 31.570118831384519 ] ] ], [ [ [ 118.874287490677602, 31.569872529787986 ], [ 118.87451049, 31.56967568 ], [ 118.874609022413239, 31.569590270991643 ], [ 118.874510488793007, 31.569675680002799 ], [ 118.874287490677602, 31.569872529787986 ] ] ], [ [ [ 118.875571533789241, 31.568741974005722 ], [ 118.8756136, 31.56870471 ], [ 118.875691327870356, 31.568635873848148 ], [ 118.875613596248002, 31.568704712115601 ], [ 118.875571533789241, 31.568741974005722 ] ] ], [ [ [ 118.87613964929497, 31.568206450080567 ], [ 118.87616013, 31.56818421 ], [ 118.876218668818154, 31.568119403915514 ], [ 118.876160129224004, 31.5681842102579 ], [ 118.87613964929497, 31.568206450080567 ] ] ], [ [ [ 118.876568735046646, 31.567731266208103 ], [ 118.8766456, 31.56764565 ], [ 118.8769579, 31.56728993 ], [ 118.87699296, 31.56692298 ], [ 118.87686287, 31.56672589 ], [ 118.8767879631406, 31.566613564256716 ], [ 118.876992958220001, 31.566922981656099 ], [ 118.876957896047998, 31.5672899276971 ], [ 118.876568735046646, 31.567731266208103 ] ] ], [ [ [ 118.876691176169416, 31.566463308831086 ], [ 118.87661069, 31.56633271 ], [ 118.876491458683788, 31.566153918013214 ], [ 118.876610685285002, 31.566332712622799 ], [ 118.876691176169416, 31.566463308831086 ] ] ], [ [ [ 118.876252399933392, 31.565795421290691 ], [ 118.8762204, 31.56574743 ], [ 118.876168621240581, 31.5656689897564 ], [ 118.876220398564001, 31.5657474315854 ], [ 118.876252399933392, 31.565795421290691 ] ] ], [ [ [ 118.874689667807743, 31.56356325315366 ], [ 118.87461514, 31.56345321 ], [ 118.87447603, 31.5632581 ], [ 118.8741988, 31.56287388 ], [ 118.87405968, 31.56268177 ], [ 118.87379045, 31.56229755 ], [ 118.873731851704164, 31.562216210746779 ], [ 118.874059677969996, 31.5626817697772 ], [ 118.874615140642007, 31.563453213206301 ], [ 118.874689667807743, 31.56356325315366 ] ] ], [ [ [ 118.873356874182619, 31.561694393551395 ], [ 118.87324398, 31.5615251 ], [ 118.873075042868606, 31.561285272521317 ], [ 118.873243977292006, 31.5615251018524 ], [ 118.873356874182619, 31.561694393551395 ] ] ], [ [ [ 118.872916740088172, 31.561061533372655 ], [ 118.87283562, 31.56094776 ], [ 118.87241924, 31.5603704 ], [ 118.872285387355817, 31.560179387181158 ], [ 118.872419239585, 31.560370403226401 ], [ 118.872916740088172, 31.561061533372655 ] ] ], [ [ [ 118.872020357915446, 31.559805578128636 ], [ 118.87187274, 31.55959993 ], [ 118.87178567, 31.55932686 ], [ 118.87163855, 31.55889475 ], [ 118.871487547689497, 31.558477559628777 ], [ 118.872020357915446, 31.559805578128636 ] ] ], [ [ [ 118.871302967690127, 31.557911019698391 ], [ 118.87119519, 31.55759441 ], [ 118.871152079532195, 31.557475101076314 ], [ 118.871195187962002, 31.5575944118115 ], [ 118.871302967690127, 31.557911019698391 ] ] ], [ [ [ 118.870929088293764, 31.556827518208848 ], [ 118.87082288, 31.55651412 ], [ 118.870751963350685, 31.556307249053294 ], [ 118.870822877093005, 31.556514121470499 ], [ 118.870929088293764, 31.556827518208848 ] ] ], [ [ [ 118.870589673127427, 31.555815210750996 ], [ 118.87053664, 31.5556489 ], [ 118.870375791312512, 31.555205827443569 ], [ 118.870536637415995, 31.5556488989344 ], [ 118.870589673127427, 31.555815210750996 ] ] ], [ [ [ 118.870190935309651, 31.554667438013905 ], [ 118.87011931, 31.55412759 ], [ 118.870153783023085, 31.553874887507227 ], [ 118.870119305230006, 31.554127593429399 ], [ 118.870190935309651, 31.554667438013905 ] ] ], [ [ [ 118.870288667190408, 31.552924574211275 ], [ 118.87031064, 31.55278391 ], [ 118.870393721196692, 31.552168993178459 ], [ 118.870310639671999, 31.552783909866701 ], [ 118.870288667190408, 31.552924574211275 ] ] ], [ [ [ 118.870548075986179, 31.55112918916771 ], [ 118.87059714, 31.55077039 ], [ 118.870621511856697, 31.550588756811731 ], [ 118.870597137866994, 31.5507703856799 ], [ 118.870548075986179, 31.55112918916771 ] ] ], [ [ [ 118.87075719456827, 31.549539149515361 ], [ 118.87084868, 31.54784491 ], [ 118.870857045478417, 31.547508199271654 ], [ 118.870848675358999, 31.547844912748001 ], [ 118.87075719456827, 31.549539149515361 ] ] ], [ [ [ 118.870887221287916, 31.546074152795107 ], [ 118.87085686, 31.54588311 ], [ 118.870534039161626, 31.545195512044334 ], [ 118.870856858541998, 31.5458831070471 ], [ 118.870887221287916, 31.546074152795107 ] ] ], [ [ [ 118.870143302578484, 31.54435280219311 ], [ 118.87007614, 31.54421146 ], [ 118.86997204, 31.54400137 ], [ 118.86958968, 31.54316605 ], [ 118.869508788516598, 31.542995832715359 ], [ 118.869972037940997, 31.5440013708333 ], [ 118.870143302578484, 31.54435280219311 ] ] ], [ [ [ 118.869266755481121, 31.542476256074579 ], [ 118.8691993, 31.54232871 ], [ 118.868928047418265, 31.541768403685019 ], [ 118.869199298709006, 31.5423287129532 ], [ 118.869266755481121, 31.542476256074579 ] ] ], [ [ [ 118.868515482852857, 31.540868184424291 ], [ 118.86851362, 31.54086411 ], [ 118.868508317217447, 31.540852951529306 ], [ 118.868513621621005, 31.540864113565199 ], [ 118.868515482852857, 31.540868184424291 ] ] ], [ [ [ 118.868152966958405, 31.539184811235796 ], [ 118.86816638, 31.53895393 ], [ 118.86818444, 31.53850299 ], [ 118.86820148, 31.53827704 ], [ 118.868235537263843, 31.537402764295653 ], [ 118.868201477903, 31.538277036561201 ], [ 118.868184437349001, 31.5385029938308 ], [ 118.868152966958405, 31.539184811235796 ] ] ], [ [ [ 118.868241707613336, 31.537232438071552 ], [ 118.868244629917868, 31.537150202311299 ], [ 118.868244629787, 31.537150204039001 ], [ 118.868241707613336, 31.537232438071552 ] ] ], [ [ [ 118.868259351536864, 31.53695585670674 ], [ 118.86826167, 31.53692525 ], [ 118.868261670016338, 31.536925249590986 ], [ 118.868259351536864, 31.53695585670674 ] ] ], [ [ [ 118.868448998031099, 31.534896406403735 ], [ 118.86851419, 31.53448479 ], [ 118.86856927976568, 31.53421088116507 ], [ 118.868514188641001, 31.534484791203599 ], [ 118.868448998031099, 31.534896406403735 ] ] ], [ [ [ 118.869298464669995, 31.534161365250302 ], [ 118.86978069, 31.53424919 ], [ 118.870022365336553, 31.534293074839148 ], [ 118.869780686015005, 31.534249186135899 ], [ 118.869298464669995, 31.534161365250302 ] ] ], [ [ [ 118.870495207792132, 31.534380820875445 ], [ 118.87055354, 31.53439198 ], [ 118.870670427056453, 31.534412305059739 ], [ 118.870553543534996, 31.534391979575499 ], [ 118.870495207792132, 31.534380820875445 ] ] ], [ [ [ 118.873102357092932, 31.534851213684508 ], [ 118.87313123, 31.53485648 ], [ 118.873214548220702, 31.534871603156635 ], [ 118.873131231719, 31.534856480215701 ], [ 118.873102357092932, 31.534851213684508 ] ] ], [ [ [ 118.874355552741179, 31.535078830131024 ], [ 118.87441547, 31.53508964 ], [ 118.87474579, 31.53498595 ], [ 118.87548349, 31.53475162 ], [ 118.875588876137712, 31.534716470984328 ], [ 118.874355552741179, 31.535078830131024 ] ] ], [ [ [ 118.876006447150715, 31.534581942058416 ], [ 118.87622017, 31.53451427 ], [ 118.87646339, 31.53443648 ], [ 118.87695883, 31.5342799 ], [ 118.877071818662515, 31.534244012235256 ], [ 118.876463389662007, 31.5344364779382 ], [ 118.876006447150715, 31.534581942058416 ] ] ], [ [ [ 118.877345331581225, 31.534157262056503 ], [ 118.87819988, 31.53388892 ], [ 118.87868527, 31.5337313 ], [ 118.87894548, 31.5336335 ], [ 118.8791977, 31.53323773 ], [ 118.879265058493672, 31.533126829458716 ], [ 118.878945475101006, 31.533633501075901 ], [ 118.877345331581225, 31.534157262056503 ] ] ], [ [ [ 118.879521558065207, 31.532682338060368 ], [ 118.87957904, 31.53257208 ], [ 118.88005645, 31.53184449 ], [ 118.88018656, 31.5316446 ], [ 118.88042976, 31.53124982 ], [ 118.880487201381015, 31.531154837077587 ], [ 118.879579039779998, 31.532572076382198 ], [ 118.879521558065207, 31.532682338060368 ] ] ], [ [ [ 118.880799055237063, 31.530659439415462 ], [ 118.88080307, 31.53065313 ], [ 118.880807200014345, 31.530646606320083 ], [ 118.880803067941002, 31.5306531331671 ], [ 118.880799055237063, 31.530659439415462 ] ] ], [ [ [ 118.881284398284294, 31.529472689586139 ], [ 118.8812805, 31.52937459 ], [ 118.88126251, 31.52914961 ], [ 118.881255651201514, 31.528955623606727 ], [ 118.881262505791994, 31.529149607174102 ], [ 118.881284398284294, 31.529472689586139 ] ] ], [ [ [ 118.881238513843954, 31.528524089761248 ], [ 118.88123655, 31.52847467 ], [ 118.88121956, 31.52824869 ], [ 118.881214813935557, 31.5281293890386 ], [ 118.881219557631994, 31.528248685216099 ], [ 118.881238513843954, 31.528524089761248 ] ] ], [ [ [ 118.881177768216006, 31.527380558703623 ], [ 118.88117661, 31.52734776 ], [ 118.881175045971602, 31.527308447041655 ], [ 118.881176609384994, 31.527347764197 ], [ 118.881177768216006, 31.527380558703623 ] ] ], [ [ [ 118.881116920642157, 31.526257276054245 ], [ 118.88111567, 31.52622186 ], [ 118.881113837668323, 31.52617580101083 ], [ 118.881115669153004, 31.526221859504201 ], [ 118.881116920642157, 31.526257276054245 ] ] ], [ [ [ 118.881056764545292, 31.52515531735034 ], [ 118.88105473, 31.52509796 ], [ 118.881051886791624, 31.52502649078653 ], [ 118.881054728568998, 31.525097956002899 ], [ 118.881056764545292, 31.52515531735034 ] ] ], [ [ [ 118.881041643534189, 31.524755975069748 ], [ 118.88103776, 31.524646 ], [ 118.88101977, 31.52442302 ], [ 118.881011869364627, 31.524199567486779 ], [ 118.881019765250997, 31.5244230157079 ], [ 118.881041643534189, 31.524755975069748 ] ] ], [ [ [ 118.881010805173432, 31.524184794249354 ], [ 118.88099379, 31.52397105 ], [ 118.88099381, 31.52374608 ], [ 118.880969311758335, 31.523333037044662 ], [ 118.880993788078996, 31.523971054301899 ], [ 118.881010805173432, 31.524184794249354 ] ] ], [ [ [ 118.880958808707135, 31.523176660878793 ], [ 118.88095084, 31.52307114 ], [ 118.880949440548378, 31.523035962238428 ], [ 118.880950839288005, 31.5230711375849 ], [ 118.880958808707135, 31.523176660878793 ] ] ], [ [ [ 118.880936891518004, 31.522720380739489 ], [ 118.88093287, 31.52261918 ], [ 118.880928513873656, 31.522495981768405 ], [ 118.880932867374995, 31.522619182127698 ], [ 118.880936891518004, 31.522720380739489 ] ] ], [ [ [ 118.880908671990255, 31.522192308160346 ], [ 118.88090689, 31.52217022 ], [ 118.880906517003581, 31.522159670596562 ], [ 118.880906889830996, 31.5221702212745 ], [ 118.880908671990255, 31.522192308160346 ] ] ], [ [ [ 118.880877373573, 31.521630266483889 ], [ 118.88087193, 31.52149328 ], [ 118.880865961490628, 31.521324480993638 ], [ 118.880871926449004, 31.521493283497001 ], [ 118.880877373573, 31.521630266483889 ] ] ], [ [ [ 118.85176272, 31.5086165 ], [ 118.8532821, 31.5110545 ], [ 118.855445424029213, 31.514291185922115 ], [ 118.850660953616995, 31.506847015764599 ], [ 118.847518502949995, 31.5046212582359 ], [ 118.843803565890994, 31.504367049584999 ], [ 118.841677390905005, 31.505155256528099 ], [ 118.840921816906999, 31.506233776297499 ], [ 118.840713935874746, 31.507120109250874 ], [ 118.84092182, 31.50623378 ], [ 118.84167739, 31.50515526 ], [ 118.84380357, 31.50436705 ], [ 118.8475185, 31.50462126 ], [ 118.85066095, 31.50684702 ], [ 118.85176272, 31.5086165 ] ] ], [ [ [ 118.856729658110169, 31.516215323540482 ], [ 118.85828955, 31.51855584 ], [ 118.859345941814325, 31.519597289562228 ], [ 118.858289551265997, 31.518555837205898 ], [ 118.856729658110169, 31.516215323540482 ] ] ], [ [ [ 118.862386968476798, 31.522109269081035 ], [ 118.86265566, 31.52228823 ], [ 118.862867283593829, 31.522435379064326 ], [ 118.862655662964997, 31.522288231225499 ], [ 118.862386968476798, 31.522109269081035 ] ] ], [ [ [ 118.863676356583809, 31.522998185461777 ], [ 118.86520697, 31.52406319 ], [ 118.86620514, 31.52541921 ], [ 118.86624005, 31.52693407 ], [ 118.865484970449771, 31.528154029273303 ], [ 118.866240054287999, 31.5269340691016 ], [ 118.866205144190999, 31.525419210489499 ], [ 118.865206971712993, 31.524063187290299 ], [ 118.863676356583809, 31.522998185461777 ] ] ], [ [ [ 118.862956470157769, 31.528999970674544 ], [ 118.86102371, 31.52928225 ], [ 118.8583148779109, 31.529018143170539 ], [ 118.861023706725007, 31.529282253908399 ], [ 118.862956470157769, 31.528999970674544 ] ] ], [ [ [ 118.858298639939548, 31.52901655996876 ], [ 118.85515677, 31.52739321 ], [ 118.85279596, 31.52591382 ], [ 118.85116353841255, 31.524070630346827 ], [ 118.852795957465005, 31.525913823223899 ], [ 118.855156774452993, 31.527393213815401 ], [ 118.858298639939548, 31.52901655996876 ] ] ], [ [ [ 118.850043552955768, 31.522782737278924 ], [ 118.84861203, 31.52112279 ], [ 118.84423733, 31.51633511 ], [ 118.84122597, 31.5112316 ], [ 118.840740088683091, 31.509373437138038 ], [ 118.841225967922995, 31.511231599565701 ], [ 118.844237327713998, 31.516335114451199 ], [ 118.850043552955768, 31.522782737278924 ] ] ] ] } },
{ "type": "Feature", "properties": { "gml_id": "layer_city_boundary_pg.93", "Name": "滁州市", "layer": "市", "code": "341100000000", "grade": 2 }, "geometry": { "type": "MultiPolygon", "coordinates": [ [ [ [ 119.061951061243718, 32.464312788598157 ], [ 119.06183823, 32.46451191 ], [ 119.061672777503048, 32.464794863880279 ], [ 119.061838234451997, 32.464511911161402 ], [ 119.061951061243718, 32.464312788598157 ] ] ], [ [ [ 119.061374288960224, 32.465315373635853 ], [ 119.06112634, 32.46572271 ], [ 119.061059862294584, 32.465841812451671 ], [ 119.061126340287004, 32.465722714503102 ], [ 119.061374288960224, 32.465315373635853 ] ] ], [ [ [ 119.060938991601304, 32.466049741299649 ], [ 119.06089171, 32.46612898 ], [ 119.06065708, 32.46653025 ], [ 119.06059716, 32.4667863 ], [ 119.060533576268554, 32.467079493492903 ], [ 119.060938991601304, 32.466049741299649 ] ] ], [ [ [ 119.060328252389013, 32.468035786802254 ], [ 119.06031054, 32.4681185 ], [ 119.06022365, 32.46856155 ], [ 119.06012778, 32.46900162 ], [ 119.060006303307418, 32.469627091128928 ], [ 119.060127781537005, 32.469001619159897 ], [ 119.060223653123003, 32.468561551398302 ], [ 119.060328252389013, 32.468035786802254 ] ] ], [ [ [ 119.05983097092151, 32.470418761068203 ], [ 119.05979822, 32.47055785 ], [ 119.059773764884284, 32.470682841875394 ], [ 119.059798222292002, 32.470557845902803 ], [ 119.05983097092151, 32.470418761068203 ] ] ], [ [ [ 119.059641430062612, 32.471340949696341 ], [ 119.05966736, 32.47156687 ], [ 119.05967085329587, 32.471610256929225 ], [ 119.059667360866001, 32.4715668714516 ], [ 119.059641430062612, 32.471340949696341 ] ] ], [ [ [ 119.05977431301983, 32.472593690659444 ], [ 119.05978903, 32.47268851 ], [ 119.05983291, 32.47313337 ], [ 119.05985884, 32.47335929 ], [ 119.059866576816447, 32.473462420165525 ], [ 119.05977431301983, 32.472593690659444 ] ] ], [ [ [ 119.060082790077317, 32.475560791646856 ], [ 119.06011913, 32.47582649 ], [ 119.060033040779416, 32.475971090757177 ], [ 119.060119134350003, 32.475826490299397 ], [ 119.060082790077317, 32.475560791646856 ] ] ], [ [ [ 119.059790231099896, 32.476307215440535 ], [ 119.05967587, 32.47645403 ], [ 119.05939035, 32.47682739 ], [ 119.05910384, 32.47720475 ], [ 119.058825438626869, 32.477549827985378 ], [ 119.059103841951, 32.477204750469603 ], [ 119.059790231099896, 32.476307215440535 ] ] ], [ [ [ 119.058690439662527, 32.479275928663952 ], [ 119.05870336, 32.47944596 ], [ 119.05873029, 32.47967188 ], [ 119.058733865294215, 32.479773239815508 ], [ 119.058730292983995, 32.4796718798966 ], [ 119.058690439662527, 32.479275928663952 ] ] ], [ [ [ 119.05875246484544, 32.480076720787594 ], [ 119.0587562, 32.48012376 ], [ 119.05878213, 32.48034668 ], [ 119.05879109, 32.48057263 ], [ 119.058825251525519, 32.480930218636388 ], [ 119.058782131206002, 32.4803466816983 ], [ 119.05875246484544, 32.480076720787594 ] ] ], [ [ [ 119.058836211602696, 32.481049711199304 ], [ 119.05885191, 32.48124742 ], [ 119.05886886, 32.48147335 ], [ 119.058872771259004, 32.481521925875725 ], [ 119.058851914379005, 32.481247415463301 ], [ 119.058836211602696, 32.481049711199304 ] ] ], [ [ [ 119.058922035863773, 32.48216497339471 ], [ 119.05893864, 32.48237408 ], [ 119.058989172215135, 32.482917255596917 ], [ 119.058938644530002, 32.482374082019497 ], [ 119.058922035863773, 32.48216497339471 ] ] ], [ [ [ 119.059006941493848, 32.483145194682592 ], [ 119.05903336, 32.48349574 ], [ 119.059037285659102, 32.48354515081683 ], [ 119.059033360816997, 32.483495736095598 ], [ 119.059006941493848, 32.483145194682592 ] ] ], [ [ [ 119.059061667218231, 32.483859804965576 ], [ 119.05893846, 32.48426174 ], [ 119.05852118, 32.48483526 ], [ 119.05837444, 32.48502345 ], [ 119.05809592, 32.48540981 ], [ 119.05780943, 32.48579118 ], [ 119.057722563197729, 32.485910871497353 ], [ 119.058095924639005, 32.485409809479897 ], [ 119.058374437720005, 32.485023453647202 ], [ 119.058521181239996, 32.484835264561497 ], [ 119.058938461544997, 32.484261738600502 ], [ 119.059061667218231, 32.483859804965576 ] ] ], [ [ [ 119.05764600387819, 32.486016358133242 ], [ 119.05753192, 32.48617354 ], [ 119.057354981618801, 32.48641378214797 ], [ 119.057531924345, 32.486173542844199 ], [ 119.05764600387819, 32.486016358133242 ] ] ], [ [ [ 119.056766767741607, 32.486837734845892 ], [ 119.05668051, 32.48689575 ], [ 119.056422275779227, 32.487069858471763 ], [ 119.056680505290004, 32.486895754189199 ], [ 119.056766767741607, 32.486837734845892 ] ] ], [ [ [ 119.056114494894075, 32.487273610800841 ], [ 119.05583812, 32.48745301 ], [ 119.05542193, 32.48772864 ], [ 119.054840889668426, 32.488118631609687 ], [ 119.056114494894075, 32.487273610800841 ] ] ], [ [ [ 119.053989000705286, 32.488687122963803 ], [ 119.05375426, 32.48884224 ], [ 119.05332913, 32.48912592 ], [ 119.053018891776105, 32.489328461261756 ], [ 119.053329133223002, 32.4891259216854 ], [ 119.053989000705286, 32.488687122963803 ] ] ], [ [ [ 119.052164134466153, 32.489898937702584 ], [ 119.05207875, 32.48995496 ], [ 119.051921594271477, 32.490062104766373 ], [ 119.052078745272993, 32.489954964932302 ], [ 119.052164134466153, 32.489898937702584 ] ] ], [ [ [ 119.050994716933317, 32.490674229859714 ], [ 119.05081945, 32.49079008 ], [ 119.050479557137109, 32.491020197422102 ], [ 119.050819450784999, 32.490790084510401 ], [ 119.050994716933317, 32.490674229859714 ] ] ], [ [ [ 119.050048200495155, 32.491308789157202 ], [ 119.04977774, 32.49148888 ], [ 119.04936068, 32.49176861 ], [ 119.04902244, 32.49199221 ], [ 119.04860538, 32.49228695 ], [ 119.048407467404971, 32.492430132631142 ], [ 119.050048200495155, 32.491308789157202 ] ] ], [ [ [ 119.048111915618421, 32.49264631047803 ], [ 119.04800675, 32.49272502 ], [ 119.04739018, 32.49316414 ], [ 119.047038013852671, 32.493420708485914 ], [ 119.048006753248004, 32.492725024890603 ], [ 119.048111915618421, 32.49264631047803 ] ] ], [ [ [ 119.046075615432741, 32.494112186773108 ], [ 119.0455675, 32.49447453 ], [ 119.04505474, 32.49485351 ], [ 119.04496865798815, 32.494946998401772 ], [ 119.046075615432741, 32.494112186773108 ] ] ], [ [ [ 119.044586862721417, 32.495363666583245 ], [ 119.04423871, 32.49574502 ], [ 119.044063575932299, 32.495938359374279 ], [ 119.044238714350001, 32.495745019019097 ], [ 119.044586862721417, 32.495363666583245 ] ] ], [ [ [ 119.043809845933879, 32.496210840207844 ], [ 119.04374392, 32.49627895 ], [ 119.043222524256123, 32.496855956553539 ], [ 119.043743923942998, 32.496278947775899 ], [ 119.043809845933879, 32.496210840207844 ] ] ], [ [ [ 119.042589742778873, 32.497554851538936 ], [ 119.04245013, 32.49770441 ], [ 119.042320870671318, 32.497845176047527 ], [ 119.042450133393999, 32.497704409934897 ], [ 119.042589742778873, 32.497554851538936 ] ] ], [ [ [ 119.041361349496526, 32.498900921319148 ], [ 119.04131301, 32.49895662 ], [ 119.04082626, 32.49949058 ], [ 119.040713994376787, 32.499616292889534 ], [ 119.041313012464002, 32.498956620505297 ], [ 119.041361349496526, 32.498900921319148 ] ] ], [ [ [ 119.040266947760301, 32.500123894346736 ], [ 119.04009714, 32.50038501 ], [ 119.039930663064027, 32.500715120978988 ], [ 119.040097141397993, 32.500385012926401 ], [ 119.040266947760301, 32.500123894346736 ] ] ], [ [ [ 119.039846417505473, 32.500878717345294 ], [ 119.03967122, 32.50121179 ], [ 119.039504680960761, 32.501546023986386 ], [ 119.039671220128, 32.501211794916998 ], [ 119.039846417505473, 32.500878717345294 ] ] ], [ [ [ 119.039446048387646, 32.501663018887413 ], [ 119.03914157, 32.50224677 ], [ 119.038943947048907, 32.502656271224581 ], [ 119.039141571106001, 32.502246773150397 ], [ 119.039446048387646, 32.501663018887413 ] ] ], [ [ [ 119.038937878043868, 32.502667790460627 ], [ 119.03882937, 32.50286535 ], [ 119.038540681671932, 32.503450496544858 ], [ 119.038829371868005, 32.502865351697899 ], [ 119.038937878043868, 32.502667790460627 ] ] ], [ [ [ 119.037810616557593, 32.504980409727395 ], [ 119.03775314, 32.50520432 ], [ 119.037697736037927, 32.505409273687143 ], [ 119.037753141894001, 32.505204323044303 ], [ 119.037810616557593, 32.504980409727395 ] ] ], [ [ [ 119.037688306777824, 32.505445008027095 ], [ 119.03757956, 32.50587058 ], [ 119.037463919681741, 32.506318002161869 ], [ 119.037579564951997, 32.505870582366398 ], [ 119.037688306777824, 32.505445008027095 ] ] ], [ [ [ 119.037304046394155, 32.506938711334293 ], [ 119.03724039, 32.50719009 ], [ 119.0371885, 32.50759312 ], [ 119.037188489206386, 32.507715060845172 ], [ 119.037304046394155, 32.506938711334293 ] ] ], [ [ [ 119.03718672407048, 32.507862767281537 ], [ 119.03717948, 32.50804304 ], [ 119.037179443864758, 32.508448287975163 ], [ 119.037179482948005, 32.5080430443059 ], [ 119.03718672407048, 32.507862767281537 ] ] ], [ [ [ 119.037173681483566, 32.509011285412434 ], [ 119.03717937, 32.5091708 ], [ 119.03717137, 32.50939677 ], [ 119.03717131180963, 32.510051356765686 ], [ 119.037179374180994, 32.509170800229903 ], [ 119.037173681483566, 32.509011285412434 ] ] ], [ [ [ 119.037162530997421, 32.510733510024771 ], [ 119.03716227, 32.5107465 ], [ 119.037162268421426, 32.510764333930474 ], [ 119.037162270142005, 32.510746495712198 ], [ 119.037162530997421, 32.510733510024771 ] ] ], [ [ [ 119.037157901520999, 32.511081147480049 ], [ 119.03715325, 32.51119742 ], [ 119.037132249267984, 32.511372265562684 ], [ 119.037153252031999, 32.511197417533999 ], [ 119.037157901520999, 32.511081147480049 ] ] ], [ [ [ 119.036976150877507, 32.51216320391606 ], [ 119.03694573, 32.51229166 ], [ 119.036876076461184, 32.512583035768898 ], [ 119.036945733997996, 32.512291659159303 ], [ 119.036976150877507, 32.51216320391606 ] ] ], [ [ [ 119.036823209489043, 32.512807975017992 ], [ 119.03678911, 32.51295788 ], [ 119.03668437, 32.51339602 ], [ 119.036539367374615, 32.514013318388749 ], [ 119.036789114292006, 32.512957876905702 ], [ 119.036823209489043, 32.512807975017992 ] ] ], [ [ [ 119.036244342780876, 32.515265367175026 ], [ 119.03618159, 32.51558571 ], [ 119.036152759479734, 32.515732890824097 ], [ 119.036181594111, 32.5155857133323 ], [ 119.036244342780876, 32.515265367175026 ] ] ], [ [ [ 119.035725045453106, 32.516911133298464 ], [ 119.035712811499266, 32.516922518604751 ], [ 119.035712812398998, 32.516922518165003 ], [ 119.035725045453106, 32.516911133298464 ] ] ], [ [ [ 119.035209432672389, 32.517175245658613 ], [ 119.03502677, 32.51726907 ], [ 119.034954687744431, 32.517305841701571 ], [ 119.035026765864998, 32.517269073670199 ], [ 119.035209432672389, 32.517175245658613 ] ] ], [ [ [ 119.03439310825317, 32.517593739389454 ], [ 119.03434074, 32.51762064 ], [ 119.034133568342639, 32.517725002664932 ], [ 119.034340736220003, 32.517620642403898 ], [ 119.03439310825317, 32.517593739389454 ] ] ], [ [ [ 119.033498366365549, 32.51796691562987 ], [ 119.03337755, 32.5179659 ], [ 119.03284713, 32.51793321 ], [ 119.031682773150095, 32.517872382200814 ], [ 119.033498366365549, 32.51796691562987 ] ] ], [ [ [ 119.030911215629729, 32.517829935317714 ], [ 119.03072057, 32.51781853 ], [ 119.030437316780265, 32.517804270222705 ], [ 119.030720572682995, 32.517818532995001 ], [ 119.030911215629729, 32.517829935317714 ] ] ], [ [ [ 119.030097923754894, 32.517786401774949 ], [ 119.02993001, 32.51777654 ], [ 119.02939168, 32.51774592 ], [ 119.029244451155819, 32.51774028596413 ], [ 119.030097923754894, 32.517786401774949 ] ] ], [ [ [ 119.028784685145411, 32.517714416867001 ], [ 119.02860214, 32.51770296 ], [ 119.02806384, 32.51767836 ], [ 119.027881790958318, 32.517666241123059 ], [ 119.028063836081003, 32.5176783600702 ], [ 119.028784685145411, 32.517714416867001 ] ] ], [ [ [ 119.027802348772724, 32.517660873856521 ], [ 119.02699623, 32.51755017 ], [ 119.026546914089408, 32.517493643679906 ], [ 119.026996227336994, 32.517550173265001 ], [ 119.027802348772724, 32.517660873856521 ] ] ], [ [ [ 119.026362695515473, 32.517469663276358 ], [ 119.0259456, 32.51741397 ], [ 119.02541631, 32.51734239 ], [ 119.025245615576779, 32.517319323539361 ], [ 119.026362695515473, 32.517469663276358 ] ] ], [ [ [ 119.024356761155929, 32.517201260142365 ], [ 119.02386136, 32.51737055 ], [ 119.023381800010256, 32.517534822660984 ], [ 119.023861364878002, 32.517370554824801 ], [ 119.024356761155929, 32.517201260142365 ] ] ], [ [ [ 119.022707658919444, 32.517765252199673 ], [ 119.02238618, 32.51788044 ], [ 119.022281681792748, 32.517914286512678 ], [ 119.022386175250006, 32.517880444090899 ], [ 119.022707658919444, 32.517765252199673 ] ] ], [ [ [ 119.021627709848673, 32.518136225732391 ], [ 119.02115324, 32.51829873 ], [ 119.020393463086691, 32.518560637824862 ], [ 119.021153241354, 32.518298733711703 ], [ 119.021627709848673, 32.518136225732391 ] ] ], [ [ [ 119.019817309298659, 32.518756446112661 ], [ 119.01962533, 32.51882585 ], [ 119.019414688811807, 32.518893256850987 ], [ 119.019625333571994, 32.518825853200397 ], [ 119.019817309298659, 32.518756446112661 ] ] ], [ [ [ 119.017881299831345, 32.519372288727901 ], [ 119.01738491, 32.51952699 ], [ 119.017217032343837, 32.519580266456153 ], [ 119.017384909491, 32.519526994850501 ], [ 119.017881299831345, 32.519372288727901 ] ] ], [ [ [ 119.016921348934616, 32.519672698048041 ], [ 119.01663049, 32.51976308 ], [ 119.01637835, 32.51984378 ], [ 119.01552335, 32.5195353 ], [ 119.015129847459249, 32.519640013620624 ], [ 119.015523345329001, 32.5195353021956 ], [ 119.016378350145999, 32.519843784470098 ], [ 119.016921348934616, 32.519672698048041 ] ] ], [ [ [ 119.013688350534068, 32.519840252112374 ], [ 119.01347849, 32.51966117 ], [ 119.012954933892715, 32.519215838387666 ], [ 119.013478485858002, 32.519661173555598 ], [ 119.013688350534068, 32.519840252112374 ] ] ], [ [ [ 119.012479160137488, 32.518811020312796 ], [ 119.01206762, 32.51810064 ], [ 119.01177965, 32.51793252 ], [ 119.011221651592876, 32.517744200537585 ], [ 119.012067616658001, 32.518100643055703 ], [ 119.012479160137488, 32.518811020312796 ] ] ], [ [ [ 119.011186104674849, 32.517713677807812 ], [ 119.01084802, 32.51742337 ], [ 119.01028407, 32.51694814 ], [ 119.00985862, 32.51671145 ], [ 119.009467716265249, 32.516575971435138 ], [ 119.010284073079006, 32.516948142672099 ], [ 119.011186104674849, 32.517713677807812 ] ] ], [ [ [ 119.009045436358875, 32.516434766900659 ], [ 119.00787979, 32.51604347 ], [ 119.00750614, 32.51601059 ], [ 119.007150471959221, 32.516013668853155 ], [ 119.007879792129998, 32.516043471247002 ], [ 119.009045436358875, 32.516434766900659 ] ] ], [ [ [ 119.005981826432063, 32.516031180058881 ], [ 119.00590893, 32.51603236 ], [ 119.005826740231853, 32.516033383721499 ], [ 119.005908927595996, 32.516032360745903 ], [ 119.005981826432063, 32.516031180058881 ] ] ], [ [ [ 119.004839056665645, 32.5160496046189 ], [ 119.00325261, 32.51607334 ], [ 119.003067890262699, 32.516077676208539 ], [ 119.003252608232003, 32.516073342648099 ], [ 119.004839056665645, 32.5160496046189 ] ] ], [ [ [ 119.002193489557314, 32.516092539553043 ], [ 119.002122729550706, 32.516021095371215 ], [ 119.002193486167997, 32.516092539595803 ], [ 119.002193489557314, 32.516092539553043 ] ] ], [ [ [ 119.00194072756949, 32.515761050868591 ], [ 119.0017771, 32.515221 ], [ 119.00165559, 32.51477946 ], [ 119.001614992621754, 32.514638140602003 ], [ 119.00194072756949, 32.515761050868591 ] ] ], [ [ [ 119.001479575401945, 32.514120658003208 ], [ 119.00147332, 32.51409617 ], [ 119.00135978, 32.51366061 ], [ 119.001320710846926, 32.513505944057329 ], [ 119.001359778516004, 32.513660612161502 ], [ 119.001479575401945, 32.514120658003208 ] ] ], [ [ [ 119.00104143360069, 32.512450309016479 ], [ 119.00101318, 32.51234096 ], [ 119.000993542018293, 32.512263217670991 ], [ 119.001013178101999, 32.512340956798603 ], [ 119.00104143360069, 32.512450309016479 ] ] ], [ [ [ 119.000407000550425, 32.51084679734636 ], [ 119.000024, 32.51045737 ], [ 118.999904599842992, 32.510341339207898 ], [ 119.000023996848995, 32.510457374542597 ], [ 119.000407000550425, 32.51084679734636 ] ] ], [ [ [ 118.999358863550825, 32.509791083272987 ], [ 118.99933759, 32.50976961 ], [ 118.999208282312296, 32.509639489197141 ], [ 118.999337590855006, 32.509769611100197 ], [ 118.999358863550825, 32.509791083272987 ] ] ], [ [ [ 118.998343906600368, 32.508767895154236 ], [ 118.9983045, 32.50872998 ], [ 118.998247599142658, 32.508671216332559 ], [ 118.998304499626002, 32.508729980424498 ], [ 118.998343906600368, 32.508767895154236 ] ] ], [ [ [ 118.996349601305994, 32.507760410410498 ], [ 118.9959523, 32.50758639 ], [ 118.995312538155517, 32.507314196732281 ], [ 118.995952296170998, 32.507586394798501 ], [ 118.996349601305994, 32.507760410410498 ] ] ], [ [ [ 118.994305979493049, 32.506883674544014 ], [ 118.993574, 32.50656576 ], [ 118.993267780789026, 32.50643736772323 ], [ 118.993574003497002, 32.506565764935601 ], [ 118.994305979493049, 32.506883674544014 ] ] ], [ [ [ 118.992190484765217, 32.505974122959763 ], [ 118.99215033, 32.50595624 ], [ 118.99200902839101, 32.505932652272548 ], [ 118.992150332570006, 32.505956241812797 ], [ 118.992190484765217, 32.505974122959763 ] ] ], [ [ [ 118.990830150451316, 32.505834646228109 ], [ 118.99072661, 32.50582761 ], [ 118.990555798338704, 32.505816704290872 ], [ 118.990726610704002, 32.505827611233798 ], [ 118.990830150451316, 32.505834646228109 ] ] ], [ [ [ 118.988732249898192, 32.50569367612929 ], [ 118.98860047, 32.50568511 ], [ 118.98833047, 32.50567193 ], [ 118.98814322972575, 32.505656665064549 ], [ 118.988330468060994, 32.505671934214099 ], [ 118.988732249898192, 32.50569367612929 ] ] ], [ [ [ 118.987628056465169, 32.505621974256947 ], [ 118.98754138, 32.50561634 ], [ 118.98701233, 32.50558295 ], [ 118.98648228, 32.50555056 ], [ 118.98557959, 32.5054923 ], [ 118.984925450843022, 32.505694086030623 ], [ 118.985579590578993, 32.505492301029498 ], [ 118.986482275596998, 32.5055505613972 ], [ 118.987628056465169, 32.505621974256947 ] ] ], [ [ [ 118.983502279036301, 32.506139424882093 ], [ 118.98307964, 32.50626665 ], [ 118.982585420804838, 32.50642309974522 ], [ 118.983079641797005, 32.506266653944898 ], [ 118.983502279036301, 32.506139424882093 ] ] ], [ [ [ 118.982554815638736, 32.506422328147146 ], [ 118.9816558, 32.5062949 ], [ 118.98103107, 32.50625677 ], [ 118.980899426064113, 32.5062506940112 ], [ 118.982554815638736, 32.506422328147146 ] ] ], [ [ [ 118.980292673393365, 32.506223098639296 ], [ 118.97997189, 32.50620892 ], [ 118.97944279, 32.50618749 ], [ 118.97917376, 32.50617429 ], [ 118.978319380225841, 32.506137859732917 ], [ 118.979442790755996, 32.506187492975798 ], [ 118.980292673393365, 32.506223098639296 ] ] ], [ [ [ 118.977672056272652, 32.506109160404598 ], [ 118.97757647, 32.506105 ], [ 118.977518729532591, 32.506102838687106 ], [ 118.977576468102001, 32.506105000431702 ], [ 118.977672056272652, 32.506109160404598 ] ] ], [ [ [ 118.976538883089418, 32.506064922531003 ], [ 118.97651823, 32.5060641 ], [ 118.976492707881292, 32.506063019186684 ], [ 118.976518228127006, 32.506064100086 ], [ 118.976538883089418, 32.506064922531003 ] ] ], [ [ [ 118.973559410925645, 32.506405655822022 ], [ 118.97340213, 32.50647001 ], [ 118.973304178828187, 32.506509358044347 ], [ 118.973402130408004, 32.5064700126361 ], [ 118.973559410925645, 32.506405655822022 ] ] ], [ [ [ 118.972605971246082, 32.506795187501346 ], [ 118.97244741, 32.50686265 ], [ 118.97196107, 32.50705799 ], [ 118.97148369, 32.5072513 ], [ 118.971277021300182, 32.507335855928865 ], [ 118.972447406542003, 32.506862652662797 ], [ 118.972605971246082, 32.506795187501346 ] ] ], [ [ [ 118.970769865150615, 32.5075415692096 ], [ 118.97076314, 32.50754427 ], [ 118.970637256857813, 32.507595768727811 ], [ 118.970763138820004, 32.507544270612598 ], [ 118.970769865150615, 32.5075415692096 ] ] ], [ [ [ 118.97026776027522, 32.507747068983093 ], [ 118.96965288, 32.50800028 ], [ 118.968192265462136, 32.509866604962184 ], [ 118.969652881377002, 32.508000282638697 ], [ 118.97026776027522, 32.507747068983093 ] ] ], [ [ [ 118.967895658874923, 32.51025545752735 ], [ 118.96774309, 32.51044204 ], [ 118.967489785547116, 32.510771126508743 ], [ 118.967743093221003, 32.5104420424057 ], [ 118.967895658874923, 32.51025545752735 ] ] ], [ [ [ 118.967197667329117, 32.51113528033283 ], [ 118.96707524, 32.51128869 ], [ 118.96692672, 32.51147505 ], [ 118.96662369, 32.5118508 ], [ 118.96661332325435, 32.511863755621128 ], [ 118.966926721391999, 32.511475052830299 ], [ 118.967197667329117, 32.51113528033283 ] ] ], [ [ [ 118.965528317210328, 32.513217434034225 ], [ 118.96543448, 32.51333469 ], [ 118.965306199469737, 32.51348992173687 ], [ 118.965434482324994, 32.513334691180198 ], [ 118.965528317210328, 32.513217434034225 ] ] ], [ [ [ 118.965188898668885, 32.513636892666653 ], [ 118.96498291, 32.51389778 ], [ 118.964953963359193, 32.513934149208573 ], [ 118.964982911006004, 32.513897780932801 ], [ 118.965188898668885, 32.513636892666653 ] ] ], [ [ [ 118.96456182934196, 32.514421180416853 ], [ 118.96453133, 32.51445887 ], [ 118.96439277, 32.51464619 ], [ 118.96408075, 32.51501694 ], [ 118.96394218, 32.51520327 ], [ 118.96363713, 32.515575 ], [ 118.963294411137127, 32.516009788017683 ], [ 118.964392768289997, 32.514646194256699 ], [ 118.96456182934196, 32.514421180416853 ] ] ], [ [ [ 118.962792277754957, 32.516633521221124 ], [ 118.96274391, 32.5166951 ], [ 118.962743909481247, 32.516695101661803 ], [ 118.962792277754957, 32.516633521221124 ] ] ], [ [ [ 118.962602664613016, 32.517496775875394 ], [ 118.96257934, 32.51769731 ], [ 118.962570483932751, 32.517845829041029 ], [ 118.962579342010997, 32.517697307181201 ], [ 118.962602664613016, 32.517496775875394 ] ] ], [ [ [ 118.962522910019203, 32.518457748354074 ], [ 118.96250948, 32.51859828 ], [ 118.9625046299697, 32.518719654840311 ], [ 118.962509481268995, 32.5185982839132 ], [ 118.962522910019203, 32.518457748354074 ] ] ], [ [ [ 118.962490054786002, 32.518932694777426 ], [ 118.96245758, 32.51927326 ], [ 118.96243962, 32.51949826 ], [ 118.962435280635972, 32.519556064472425 ], [ 118.962490054786002, 32.518932694777426 ] ] ], [ [ [ 118.962355468963679, 32.520595960127245 ], [ 118.96235379, 32.52061822 ], [ 118.962344688269695, 32.520711934649555 ], [ 118.962353789964993, 32.520618224805901 ], [ 118.962355468963679, 32.520595960127245 ] ] ], [ [ [ 118.962263389092783, 32.521688337710657 ], [ 118.96225799, 32.52174521 ], [ 118.962255960633669, 32.521795993820305 ], [ 118.962257990430004, 32.521745212522298 ], [ 118.962263389092783, 32.521688337710657 ] ] ], [ [ [ 118.962233351495172, 32.522134290548962 ], [ 118.96220609, 32.52242019 ], [ 118.962161853011906, 32.522986734859373 ], [ 118.962206092863994, 32.522420189880698 ], [ 118.962233351495172, 32.522134290548962 ] ] ], [ [ [ 118.962144440093951, 32.523210825932154 ], [ 118.96211926, 32.52354615 ], [ 118.9621013, 32.52377214 ], [ 118.962094081344134, 32.523866599505482 ], [ 118.962119264373996, 32.523546151235401 ], [ 118.962144440093951, 32.523210825932154 ] ] ], [ [ [ 118.961920083067298, 32.52529728868415 ], [ 118.96185892, 32.52539039 ], [ 118.961746239643773, 32.525575923954968 ], [ 118.961858921019996, 32.525390392019403 ], [ 118.961920083067298, 32.52529728868415 ] ] ], [ [ [ 118.96171242399673, 32.525628175451224 ], [ 118.96147708, 32.52598324 ], [ 118.96134647, 32.52618353 ], [ 118.96122484, 32.5263808 ], [ 118.960912414553576, 32.52685424833561 ], [ 118.961224840213006, 32.526380802726699 ], [ 118.961477078578, 32.525983243832897 ], [ 118.96171242399673, 32.525628175451224 ] ] ], [ [ [ 118.960803449121727, 32.527022656832294 ], [ 118.96071338, 32.52716993 ], [ 118.96045216, 32.52756551 ], [ 118.959895306257948, 32.52842487834203 ], [ 118.960803449121727, 32.527022656832294 ] ] ], [ [ [ 118.959260685361542, 32.529163821417058 ], [ 118.95924677, 32.5291762 ], [ 118.959202984945847, 32.529213778062768 ], [ 118.959246773497, 32.5291761975407 ], [ 118.959260685361542, 32.529163821417058 ] ] ], [ [ [ 118.958385583854749, 32.52991184043799 ], [ 118.95830859, 32.52997637 ], [ 118.958207513463321, 32.530066283890392 ], [ 118.958308592473003, 32.529976369691802 ], [ 118.958385583854749, 32.52991184043799 ] ] ], [ [ [ 118.957460483731168, 32.53070904030244 ], [ 118.95718991, 32.53094092 ], [ 118.957065347704258, 32.531050435967792 ], [ 118.957189914213998, 32.530940923177603 ], [ 118.957460483731168, 32.53070904030244 ] ] ], [ [ [ 118.956173873139036, 32.531814180816419 ], [ 118.9560692, 32.53190244 ], [ 118.955836771937641, 32.532101161879766 ], [ 118.956069199325995, 32.531902444538403 ], [ 118.956173873139036, 32.531814180816419 ] ] ], [ [ [ 118.955376695947066, 32.532497408683057 ], [ 118.95532336, 32.5325421 ], [ 118.95494146, 32.53286394 ], [ 118.95456853, 32.53318276 ], [ 118.95449017084168, 32.533251637734516 ], [ 118.955376695947066, 32.532497408683057 ] ] ], [ [ [ 118.953184855176957, 32.53437353099536 ], [ 118.95307575, 32.53446599 ], [ 118.952998224898082, 32.534530132648044 ], [ 118.953075754647998, 32.534465987295803 ], [ 118.953184855176957, 32.53437353099536 ] ] ], [ [ [ 118.952397568277291, 32.535047994318816 ], [ 118.95232884, 32.53510557 ], [ 118.952270965097185, 32.535154614931301 ], [ 118.952328837861003, 32.535105574669402 ], [ 118.952397568277291, 32.535047994318816 ] ] ], [ [ [ 118.951966722361632, 32.535415941934055 ], [ 118.95195587, 32.53542536 ], [ 118.95176539, 32.53559276 ], [ 118.95139142, 32.53590854 ], [ 118.951329453116671, 32.535963637606777 ], [ 118.951765394923001, 32.535592758669303 ], [ 118.951966722361632, 32.535415941934055 ] ] ], [ [ [ 118.951048835289427, 32.536203866909425 ], [ 118.95101944, 32.53622831 ], [ 118.950981144656012, 32.536262615115227 ], [ 118.951019438499998, 32.5362283121747 ], [ 118.951048835289427, 32.536203866909425 ] ] ], [ [ [ 118.950525501260969, 32.536657871896601 ], [ 118.95046395, 32.53671045 ], [ 118.950353625589329, 32.536802862321643 ], [ 118.950463945441996, 32.536710454494902 ], [ 118.950525501260969, 32.536657871896601 ] ] ], [ [ [ 118.95024487322722, 32.536894787960684 ], [ 118.95008995, 32.53702922 ], [ 118.950042003412392, 32.537069592496785 ], [ 118.950089953743998, 32.537029219101598 ], [ 118.95024487322722, 32.536894787960684 ] ] ], [ [ [ 118.949768449983708, 32.53730276520546 ], [ 118.94933497, 32.53767175 ], [ 118.94914448, 32.53783013 ], [ 118.949119304562686, 32.53785225023276 ], [ 118.949334972444007, 32.537671748125298 ], [ 118.949768449983708, 32.53730276520546 ] ] ], [ [ [ 118.948279206771502, 32.538575205863502 ], [ 118.94802442, 32.53879135 ], [ 118.9479203298919, 32.538885653858614 ], [ 118.948024421978999, 32.538791353783303 ], [ 118.948279206771502, 32.538575205863502 ] ] ], [ [ [ 118.947741615816113, 32.539040075735151 ], [ 118.94765139, 32.53911508 ], [ 118.94727835, 32.53943181 ], [ 118.946950821518868, 32.539718024252934 ], [ 118.947741615816113, 32.539040075735151 ] ] ], [ [ [ 118.946635782874409, 32.539990191908508 ], [ 118.94653226, 32.54007624 ], [ 118.94615921, 32.54039395 ], [ 118.9460645909612, 32.540479140309117 ], [ 118.946635782874409, 32.539990191908508 ] ] ], [ [ [ 118.945673835470117, 32.540812882458496 ], [ 118.94546495, 32.54098626 ], [ 118.94527343, 32.54114662 ], [ 118.94489138, 32.54145933 ], [ 118.944600404131506, 32.541700541797702 ], [ 118.945273432655, 32.541146621326199 ], [ 118.945673835470117, 32.540812882458496 ] ] ], [ [ [ 118.944329335971375, 32.54192374024602 ], [ 118.94412826, 32.54208874 ], [ 118.943877513348724, 32.542296585327975 ], [ 118.944128260426993, 32.542088741946102 ], [ 118.944329335971375, 32.54192374024602 ] ] ], [ [ [ 118.943155196766568, 32.542891742032758 ], [ 118.94298303, 32.54303481 ], [ 118.94236642368972, 32.543539404365461 ], [ 118.942983031281997, 32.543034812319803 ], [ 118.943155196766568, 32.542891742032758 ] ] ], [ [ [ 118.94213297537749, 32.543730254989498 ], [ 118.9420273, 32.5438165 ], [ 118.94164619, 32.54413317 ], [ 118.94089094, 32.54476346 ], [ 118.94050882, 32.54507611 ], [ 118.94022452401515, 32.545317344457139 ], [ 118.940508820193998, 32.545076114117499 ], [ 118.940890943777006, 32.544763464582502 ], [ 118.94213297537749, 32.543730254989498 ] ] ], [ [ [ 118.940015887902462, 32.545487666440692 ], [ 118.93977149, 32.54568135 ], [ 118.939242912389645, 32.546215049735444 ], [ 118.939771492402002, 32.545681350667302 ], [ 118.940015887902462, 32.545487666440692 ] ] ], [ [ [ 118.938792661134102, 32.546667060383612 ], [ 118.93857413, 32.54688325 ], [ 118.93840051, 32.54705952 ], [ 118.93806224, 32.54740405 ], [ 118.93771499, 32.54774758 ], [ 118.93736773, 32.54809511 ], [ 118.93668217, 32.54878314 ], [ 118.936609188241619, 32.548859047234266 ], [ 118.938062243334002, 32.547404048030899 ], [ 118.938792661134102, 32.546667060383612 ] ] ], [ [ [ 118.935814175466092, 32.549657115917071 ], [ 118.93565729, 32.54981364 ], [ 118.935514377576609, 32.549957842829009 ], [ 118.935657291775001, 32.549813644816602 ], [ 118.935814175466092, 32.549657115917071 ] ] ], [ [ [ 118.935362266857595, 32.550190921827884 ], [ 118.93524112, 32.5503982 ], [ 118.935189268710275, 32.550492512061702 ], [ 118.935241122026994, 32.550398197076397 ], [ 118.935362266857595, 32.550190921827884 ] ] ], [ [ [ 118.934972054391594, 32.550883272565578 ], [ 118.93478101, 32.55121175 ], [ 118.934660543819916, 32.551420431693117 ], [ 118.934781014739002, 32.5512117530238 ], [ 118.934972054391594, 32.550883272565578 ] ] ], [ [ [ 118.934427820821952, 32.551823918371248 ], [ 118.93431291, 32.55202331 ], [ 118.934095833288481, 32.552414282893508 ], [ 118.934312914035999, 32.552023313307799 ], [ 118.934427820821952, 32.551823918371248 ] ] ], [ [ [ 118.933237083988274, 32.553899733079042 ], [ 118.9331501, 32.55405066 ], [ 118.933111753874215, 32.55411971804417 ], [ 118.933150101148996, 32.5540506592423 ], [ 118.933237083988274, 32.553899733079042 ] ] ], [ [ [ 118.932431579124156, 32.555359832123678 ], [ 118.93239447, 32.55550546 ], [ 118.932362024239964, 32.555672495579444 ], [ 118.932394474385006, 32.555505462479502 ], [ 118.932431579124156, 32.555359832123678 ] ] ], [ [ [ 118.932314681278797, 32.555881955306596 ], [ 118.93229962, 32.55594549 ], [ 118.932292893718838, 32.555979482753926 ], [ 118.932299620867994, 32.555945489159001 ], [ 118.932314681278797, 32.555881955306596 ] ] ], [ [ [ 118.93213783622717, 32.556670002735999 ], [ 118.93209993, 32.55683355 ], [ 118.932080784698442, 32.556929869214656 ], [ 118.932099931370004, 32.556833554048801 ], [ 118.93213783622717, 32.556670002735999 ] ] ], [ [ [ 118.931622907600243, 32.558952658414789 ], [ 118.93155277, 32.55926572 ], [ 118.93150983, 32.55948772 ], [ 118.93144893, 32.55970675 ], [ 118.931445464226442, 32.559719875941944 ], [ 118.931622907600243, 32.558952658414789 ] ] ], [ [ [ 118.931059351811655, 32.559756348731511 ], [ 118.93047678, 32.55978021 ], [ 118.92984232331699, 32.559746309247551 ], [ 118.930476779445996, 32.559780214792497 ], [ 118.931059351811655, 32.559756348731511 ] ] ], [ [ [ 118.929255215330414, 32.559646107480781 ], [ 118.92873202, 32.55943987 ], [ 118.928509228398838, 32.5588845400463 ], [ 118.928732020615001, 32.559439873485701 ], [ 118.929255215330414, 32.559646107480781 ] ] ], [ [ [ 118.928489510623365, 32.558835391553792 ], [ 118.92848951, 32.55883539 ], [ 118.928341789900927, 32.558665649972767 ], [ 118.928489510623365, 32.558835391553792 ] ] ], [ [ [ 118.924681622634736, 32.559169452969122 ], [ 118.92415077, 32.55885914 ], [ 118.924008971624872, 32.558834076224592 ], [ 118.924150767265999, 32.558859142831203 ], [ 118.924681622634736, 32.559169452969122 ] ] ], [ [ [ 118.923718882234425, 32.558909320162854 ], [ 118.92363855, 32.55895774 ], [ 118.9233949, 32.55917497 ], [ 118.923227621285662, 32.559206736267157 ], [ 118.923394903531999, 32.5591749721059 ], [ 118.923718882234425, 32.558909320162854 ] ] ], [ [ [ 118.922886151236227, 32.55918857869063 ], [ 118.92177233, 32.55895792 ], [ 118.921402077682401, 32.559027230084673 ], [ 118.921772325378996, 32.558957922550398 ], [ 118.922886151236227, 32.55918857869063 ] ] ], [ [ [ 118.921390863317342, 32.559029329379008 ], [ 118.92090452, 32.55932278 ], [ 118.920817988417781, 32.559332637739018 ], [ 118.920904519626006, 32.559322780776597 ], [ 118.921390863317342, 32.559029329379008 ] ] ], [ [ [ 118.918594958907178, 32.558307117536273 ], [ 118.91856174, 32.55825352 ], [ 118.918561738091213, 32.558253518646247 ], [ 118.918594958907178, 32.558307117536273 ] ] ], [ [ [ 118.918345024397112, 32.558094773440601 ], [ 118.91823217, 32.55809688 ], [ 118.91799745, 32.55818808 ], [ 118.91771977, 32.55844627 ], [ 118.917614581394005, 32.558576640235543 ], [ 118.917997450086006, 32.558188083313603 ], [ 118.918345024397112, 32.558094773440601 ] ] ], [ [ [ 118.917580921638049, 32.55861835796982 ], [ 118.91758092, 32.55861836 ], [ 118.917563930058634, 32.558755331463438 ], [ 118.917580921638049, 32.55861835796982 ] ] ], [ [ [ 118.917565551728956, 32.558795810145341 ], [ 118.9175719, 32.55895427 ], [ 118.917563900100305, 32.559061248658715 ], [ 118.917571901623006, 32.558954269837898 ], [ 118.917565551728956, 32.558795810145341 ] ] ], [ [ [ 118.917171285825916, 32.559070422255715 ], [ 118.91693867, 32.55890287 ], [ 118.916857559840011, 32.55889691142368 ], [ 118.916938666118, 32.558902871304099 ], [ 118.917171285825916, 32.559070422255715 ] ] ], [ [ [ 118.916642067821456, 32.558950723091804 ], [ 118.91663501, 32.55900012 ], [ 118.916657021503056, 32.559035976839219 ], [ 118.916635013874, 32.5590001186021 ], [ 118.916642067821456, 32.558950723091804 ] ] ], [ [ [ 118.916845041127104, 32.559124206409876 ], [ 118.91693862, 32.55939473 ], [ 118.91660003, 32.55931906 ], [ 118.91625346, 32.55900046 ], [ 118.916236623917257, 32.558993844936474 ], [ 118.916600025132993, 32.5593190590508 ], [ 118.916938620622005, 32.559394731055399 ], [ 118.916845041127104, 32.559124206409876 ] ] ], [ [ [ 118.916086850477043, 32.559008565107113 ], [ 118.91595779, 32.5590477 ], [ 118.915813218006008, 32.559058262655192 ], [ 118.915957787487997, 32.559047703452798 ], [ 118.916086850477043, 32.559008565107113 ] ] ], [ [ [ 118.915627027352087, 32.559026195350235 ], [ 118.91531551, 32.55893328 ], [ 118.915217115660326, 32.558959098738086 ], [ 118.915315513400998, 32.558933284524102 ], [ 118.915627027352087, 32.559026195350235 ] ] ], [ [ [ 118.914947811016688, 32.559102023093956 ], [ 118.914847, 32.5591716 ], [ 118.914775875913591, 32.559233528941945 ], [ 118.914846999274999, 32.559171604943302 ], [ 118.914947811016688, 32.559102023093956 ] ] ], [ [ [ 118.91470911843038, 32.559467629640238 ], [ 118.914654415966112, 32.559455091691923 ], [ 118.914709119126002, 32.559467632851103 ], [ 118.91470911843038, 32.559467629640238 ] ] ], [ [ [ 118.912635385092074, 32.55895169131481 ], [ 118.91250439, 32.55891047 ], [ 118.912313746142956, 32.558847786864185 ], [ 118.912504387460999, 32.558910472637002 ], [ 118.912635385092074, 32.55895169131481 ] ] ], [ [ [ 118.911515329345903, 32.558582249210801 ], [ 118.91126358, 32.5582785 ], [ 118.911241493006216, 32.557949747961331 ], [ 118.911263579248995, 32.558278501762103 ], [ 118.911515329345903, 32.558582249210801 ] ] ], [ [ [ 118.911217450186058, 32.557546054198937 ], [ 118.91120274, 32.55715286 ], [ 118.911193895245944, 32.557035110628398 ], [ 118.911202736826993, 32.557152860442002 ], [ 118.911217450186058, 32.557546054198937 ] ] ], [ [ [ 118.91117177713005, 32.556750914994112 ], [ 118.91115087, 32.55625415 ], [ 118.911137957606144, 32.556091807365412 ], [ 118.911150865370004, 32.556254147597599 ], [ 118.91117177713005, 32.556750914994112 ] ] ], [ [ [ 118.911124076445716, 32.555874803129704 ], [ 118.91110697, 32.55557737 ], [ 118.911103069160788, 32.555480092278998 ], [ 118.911106966290006, 32.555577366175797 ], [ 118.911124076445716, 32.555874803129704 ] ] ], [ [ [ 118.911076159849316, 32.554953923992642 ], [ 118.91107206, 32.55490258 ], [ 118.91106975753803, 32.554871926185577 ], [ 118.911072059099993, 32.5549025776617 ], [ 118.911076159849316, 32.554953923992642 ] ] ], [ [ [ 118.911034326386996, 32.554295613220127 ], [ 118.91101122, 32.55377593 ], [ 118.910998272303999, 32.55360507687287 ], [ 118.911011216126994, 32.553775930908898 ], [ 118.911034326386996, 32.554295613220127 ] ] ], [ [ [ 118.910988975236478, 32.553481736168976 ], [ 118.91097729, 32.55332608 ], [ 118.910963818029856, 32.552987878827039 ], [ 118.910977287102995, 32.5533260776267 ], [ 118.910988975236478, 32.553481736168976 ] ] ], [ [ [ 118.910942379948963, 32.552649288731637 ], [ 118.91093341, 32.55242635 ], [ 118.910927204714454, 32.552344470946444 ], [ 118.910933408204002, 32.552426354711699 ], [ 118.910942379948963, 32.552649288731637 ] ] ], [ [ [ 118.910898500104622, 32.551750562635128 ], [ 118.91063875, 32.5514928 ], [ 118.910608126571731, 32.551481871153108 ], [ 118.910638746331003, 32.5514927988552 ], [ 118.910898500104622, 32.551750562635128 ] ] ], [ [ [ 118.909927627873273, 32.551243054127752 ], [ 118.90964859, 32.55114849 ], [ 118.909514226170813, 32.551100438882671 ], [ 118.909648590238007, 32.551148493170899 ], [ 118.909927627873273, 32.551243054127752 ] ] ], [ [ [ 118.908986995918028, 32.55107682529426 ], [ 118.90892915, 32.55107892 ], [ 118.90845149, 32.55128312 ], [ 118.908354823351743, 32.551325147187825 ], [ 118.908986995918028, 32.55107682529426 ] ] ], [ [ [ 118.907926443801799, 32.551509526246427 ], [ 118.90726227, 32.55178458 ], [ 118.90679356, 32.55199274 ], [ 118.90630785, 32.5521909 ], [ 118.906168840425124, 32.55225055306137 ], [ 118.906793560113996, 32.551992742409404 ], [ 118.907926443801799, 32.551509526246427 ] ] ], [ [ [ 118.90415430258895, 32.553110378944574 ], [ 118.90393906, 32.55320252 ], [ 118.903794236821241, 32.553263778637529 ], [ 118.903939060766007, 32.553202521489297 ], [ 118.90415430258895, 32.553110378944574 ] ] ], [ [ [ 118.902958596564403, 32.553612858467368 ], [ 118.90250665, 32.55380777 ], [ 118.902084958304229, 32.553984704877358 ], [ 118.902506650636994, 32.5538077741625 ], [ 118.902958596564403, 32.553612858467368 ] ] ], [ [ [ 118.901518670114584, 32.554227779064036 ], [ 118.90108313, 32.55441193 ], [ 118.900814210108464, 32.554526951345643 ], [ 118.901083128916994, 32.5544119330469 ], [ 118.901518670114584, 32.554227779064036 ] ] ], [ [ [ 118.900827757182697, 32.554695019499817 ], [ 118.90084915, 32.55497582 ], [ 118.900860803073954, 32.555077158683517 ], [ 118.900849154376004, 32.554975820782303 ], [ 118.900827757182697, 32.554695019499817 ] ] ], [ [ [ 118.900899477262172, 32.555513142703063 ], [ 118.90091007, 32.55564862 ], [ 118.900943747876823, 32.555977112879276 ], [ 118.900910072323995, 32.555648620958898 ], [ 118.900899477262172, 32.555513142703063 ] ] ], [ [ [ 118.900971486134097, 32.556330025278427 ], [ 118.90098796, 32.55654935 ], [ 118.90102291, 32.55700122 ], [ 118.90107733534964, 32.557512612282707 ], [ 118.900971486134097, 32.556330025278427 ] ] ], [ [ [ 118.901120136958113, 32.558035352771306 ], [ 118.90112677, 32.55812288 ], [ 118.901141727022747, 32.558314976102899 ], [ 118.901126771359003, 32.558122880828101 ], [ 118.901120136958113, 32.558035352771306 ] ] ], [ [ [ 118.901195099412064, 32.5588938885478 ], [ 118.90120466, 32.55902061 ], [ 118.90122263, 32.55924654 ], [ 118.901234678119494, 32.55935038662809 ], [ 118.901195099412064, 32.5588938885478 ] ] ], [ [ [ 118.901275725826068, 32.559821151978433 ], [ 118.90128355, 32.55992234 ], [ 118.901300519971855, 32.560147269626917 ], [ 118.901283551183994, 32.5599223361627 ], [ 118.901275725826068, 32.559821151978433 ] ] ], [ [ [ 118.89999267874326, 32.560298665173306 ], [ 118.89945206, 32.56033252 ], [ 118.89905317071721, 32.560184610265942 ], [ 118.899452062639, 32.560332522937202 ], [ 118.89999267874326, 32.560298665173306 ] ] ], [ [ [ 118.898514114723781, 32.559721133581441 ], [ 118.89830639, 32.55954286 ], [ 118.89792449, 32.55922398 ], [ 118.897493745155657, 32.558852548872082 ], [ 118.897924488506007, 32.5592239799712 ], [ 118.898514114723781, 32.559721133581441 ] ] ], [ [ [ 118.896926834417016, 32.558211014975051 ], [ 118.89685776, 32.55798037 ], [ 118.896796706672859, 32.557775753935204 ], [ 118.896857756995004, 32.557980370379902 ], [ 118.896926834417016, 32.558211014975051 ] ] ], [ [ [ 118.896673129573202, 32.557347142589009 ], [ 118.89660587, 32.55710362 ], [ 118.89647592, 32.55666774 ], [ 118.89627595, 32.55651178 ], [ 118.89608717307641, 32.556380966384701 ], [ 118.896475918814005, 32.556667742376597 ], [ 118.896673129573202, 32.557347142589009 ] ] ], [ [ [ 118.895611068205554, 32.556042044896159 ], [ 118.89546006, 32.55593192 ], [ 118.894690684463157, 32.555386311122042 ], [ 118.895460058040001, 32.555931920964298 ], [ 118.895611068205554, 32.556042044896159 ] ] ], [ [ [ 118.894407753907572, 32.555286837574855 ], [ 118.89421914, 32.55523402 ], [ 118.894106883091126, 32.555229341037311 ], [ 118.894219137346994, 32.555234020959297 ], [ 118.894407753907572, 32.555286837574855 ] ] ], [ [ [ 118.893566695639251, 32.555205069504161 ], [ 118.89342111, 32.55519693 ], [ 118.89289107, 32.55517286 ], [ 118.892699941672404, 32.555165244490794 ], [ 118.893566695639251, 32.555205069504161 ] ] ], [ [ [ 118.891949152551746, 32.555129851757435 ], [ 118.89183295, 32.55512368 ], [ 118.891757903806251, 32.555120597591198 ], [ 118.891832954863006, 32.555123681212898 ], [ 118.891949152551746, 32.555129851757435 ] ] ], [ [ [ 118.890432759733088, 32.555128305674756 ], [ 118.88948048, 32.55518706 ], [ 118.88841317, 32.55524769 ], [ 118.88788399, 32.55527849 ], [ 118.887532800385728, 32.55529792911743 ], [ 118.890432759733088, 32.555128305674756 ] ] ], [ [ [ 118.886721028846765, 32.555345441702471 ], [ 118.8863214, 32.55536983 ], [ 118.886087288130582, 32.555477700922985 ], [ 118.886321395422996, 32.555369834999198 ], [ 118.886721028846765, 32.555345441702471 ] ] ], [ [ [ 118.885227643374691, 32.555897558577719 ], [ 118.88515883, 32.55593014 ], [ 118.88469859, 32.55615585 ], [ 118.8840052, 32.5564904 ], [ 118.883935857041365, 32.556524402547112 ], [ 118.884698586728007, 32.556155851916799 ], [ 118.885227643374691, 32.555897558577719 ] ] ], [ [ [ 118.882809914417422, 32.557068417139966 ], [ 118.88280749, 32.55706957 ], [ 118.882807490003927, 32.557069570026037 ], [ 118.882809914417422, 32.557068417139966 ] ] ], [ [ [ 118.882823513055868, 32.557176088673273 ], [ 118.88284148, 32.55729553 ], [ 118.88289347, 32.55774443 ], [ 118.882926988241636, 32.557991646263865 ], [ 118.882841484720998, 32.557295527861299 ], [ 118.882823513055868, 32.557176088673273 ] ] ], [ [ [ 118.882993661288225, 32.558479590118985 ], [ 118.88307645, 32.55908815 ], [ 118.88326753, 32.55941317 ], [ 118.883638006920307, 32.559793430358425 ], [ 118.883076454404005, 32.559088153709602 ], [ 118.882993661288225, 32.558479590118985 ] ] ], [ [ [ 118.884124761589305, 32.560290372211618 ], [ 118.88445605, 32.56062846 ], [ 118.884752992961893, 32.560935001313389 ], [ 118.884456053036999, 32.560628458447901 ], [ 118.884124761589305, 32.560290372211618 ] ] ], [ [ [ 118.885323155007626, 32.561420359945089 ], [ 118.88574957, 32.56167879 ], [ 118.88583505459674, 32.56173139622171 ], [ 118.885749568204005, 32.5616787854186 ], [ 118.885323155007626, 32.561420359945089 ] ] ], [ [ [ 118.887116606374789, 32.562509144457721 ], [ 118.88747616, 32.56272622 ], [ 118.887605898085241, 32.562803942120077 ], [ 118.887476162569996, 32.562726216113099 ], [ 118.887116606374789, 32.562509144457721 ] ] ], [ [ [ 118.887945992905273, 32.563009442052767 ], [ 118.88834441, 32.56325339 ], [ 118.88877751, 32.56351346 ], [ 118.88898656, 32.56364649 ], [ 118.889134383789369, 32.563734569905527 ], [ 118.888777514376997, 32.563513459084099 ], [ 118.887945992905273, 32.563009442052767 ] ] ], [ [ [ 118.88941965976494, 32.563904549859942 ], [ 118.88982779, 32.56361376 ], [ 118.89023591, 32.56332296 ], [ 118.89043497, 32.56317306 ], [ 118.891131990026366, 32.56267777589558 ], [ 118.890434965035993, 32.563173056344901 ], [ 118.88941965976494, 32.563904549859942 ] ] ], [ [ [ 118.891283865070264, 32.56256913495934 ], [ 118.89145022, 32.56244552 ], [ 118.892370912033599, 32.562545727460233 ], [ 118.891450221183007, 32.562445515367997 ], [ 118.891283865070264, 32.56256913495934 ] ] ], [ [ [ 118.893609399917977, 32.563170999304987 ], [ 118.89358536, 32.56338062 ], [ 118.893545328931609, 32.563638560629883 ], [ 118.893585362343998, 32.563380622100802 ], [ 118.893609399917977, 32.563170999304987 ] ] ], [ [ [ 118.893496928658081, 32.563993448884069 ], [ 118.89346427, 32.56427634 ], [ 118.893427142631353, 32.564546930637128 ], [ 118.893464272930999, 32.564276344817102 ], [ 118.893496928658081, 32.563993448884069 ] ] ], [ [ [ 118.893382226894502, 32.564901929516431 ], [ 118.89335118, 32.56516907 ], [ 118.89332516, 32.565394 ], [ 118.893315091064238, 32.56546738248305 ], [ 118.893382226894502, 32.564901929516431 ] ] ], [ [ [ 118.893220147023115, 32.566064144743983 ], [ 118.89318607, 32.56623873 ], [ 118.89315192193925, 32.566384413950836 ], [ 118.893186073486007, 32.566238729402599 ], [ 118.893220147023115, 32.566064144743983 ] ] ], [ [ [ 118.893001316211596, 32.566950344063478 ], [ 118.89284792, 32.56756029 ], [ 118.892807423071361, 32.567733051983922 ], [ 118.892847923977996, 32.567560286046003 ], [ 118.893001316211596, 32.566950344063478 ] ] ], [ [ [ 118.892624889098812, 32.568434271637585 ], [ 118.89262282, 32.56844199 ], [ 118.892618480116113, 32.568458798652429 ], [ 118.892622821044995, 32.568441986291802 ], [ 118.892624889098812, 32.568434271637585 ] ] ], [ [ [ 118.892463570549282, 32.569050860480225 ], [ 118.89244874, 32.56910576 ], [ 118.892424183603126, 32.569201717325932 ], [ 118.892448741349, 32.569105757668602 ], [ 118.892463570549282, 32.569050860480225 ] ] ], [ [ [ 118.892305843204809, 32.569671534329601 ], [ 118.89228366, 32.56976353 ], [ 118.892241201393773, 32.569930200396712 ], [ 118.892283661736002, 32.569763530633402 ], [ 118.892305843204809, 32.569671534329601 ] ] ], [ [ [ 118.892126338195766, 32.570392833494154 ], [ 118.89211858, 32.5704253 ], [ 118.892108398964211, 32.57046508372617 ], [ 118.892118580371999, 32.570425300645397 ], [ 118.892126338195766, 32.570392833494154 ] ] ], [ [ [ 118.891856174140301, 32.571432576511 ], [ 118.89183244, 32.57152491 ], [ 118.89178939, 32.57196577 ], [ 118.89179837, 32.5721917 ], [ 118.891806290528962, 32.572297030448141 ], [ 118.891856174140301, 32.571432576511 ] ] ], [ [ [ 118.891815345905727, 32.57252237454761 ], [ 118.89181533, 32.57264057 ], [ 118.891819905510374, 32.572755558326769 ], [ 118.891815334987001, 32.572640570954299 ], [ 118.891815345905727, 32.57252237454761 ] ] ], [ [ [ 118.891898269009914, 32.574505986607818 ], [ 118.89191116, 32.57466797 ], [ 118.89191914, 32.57489391 ], [ 118.89197102, 32.5762405 ], [ 118.891979607059554, 32.576348823918629 ], [ 118.891911161105, 32.574667972655 ], [ 118.891898269009914, 32.574505986607818 ] ] ], [ [ [ 118.891326630731342, 32.579485356909039 ], [ 118.8930768, 32.57990556 ], [ 118.893489684565225, 32.580656154880707 ], [ 118.893076802809006, 32.579905558053802 ], [ 118.891326630731342, 32.579485356909039 ] ] ], [ [ [ 118.894780139138788, 32.583465532523448 ], [ 118.89496549, 32.58389451 ], [ 118.896536032332492, 32.584714785043126 ], [ 118.894965490529998, 32.5838945098672 ], [ 118.894780139138788, 32.583465532523448 ] ] ], [ [ [ 118.902565578894411, 32.588063463942142 ], [ 118.904273577937374, 32.589072598781343 ], [ 118.904273577793006, 32.589072598084499 ], [ 118.902565578894411, 32.588063463942142 ] ] ], [ [ [ 118.904445170479576, 32.589900868089458 ], [ 118.90469417, 32.59110279 ], [ 118.90280376, 32.59453325 ], [ 118.896925678946971, 32.591244189740117 ], [ 118.902803760463996, 32.594533252423197 ], [ 118.904694171950993, 32.591102786738098 ], [ 118.904445170479576, 32.589900868089458 ] ] ], [ [ [ 118.895724155975785, 32.590947660071237 ], [ 118.89295084, 32.59026322 ], [ 118.891436300534963, 32.589359785551743 ], [ 118.892950835345999, 32.590263221447302 ], [ 118.895724155975785, 32.590947660071237 ] ] ], [ [ [ 118.891267713477262, 32.589259222074219 ], [ 118.89126771, 32.58925922 ], [ 118.889762381512355, 32.589465759792496 ], [ 118.889762382707005, 32.589465759920799 ], [ 118.891267713477262, 32.589259222074219 ] ] ], [ [ [ 118.889619071126475, 32.589450368741396 ], [ 118.8886701, 32.58934845 ], [ 118.888177727372195, 32.589334266761163 ], [ 118.888670096145006, 32.589348452035601 ], [ 118.889619071126475, 32.589450368741396 ] ] ], [ [ [ 118.887072668703325, 32.589363574363503 ], [ 118.88666739, 32.58940067 ], [ 118.886281094677756, 32.589356194443134 ], [ 118.886667393151001, 32.589400671433999 ], [ 118.887072668703325, 32.589363574363503 ] ] ], [ [ [ 118.884806351582654, 32.589186883945118 ], [ 118.88480359, 32.58918688 ], [ 118.88453445, 32.58920274 ], [ 118.884378876965414, 32.589212945558145 ], [ 118.884806351582654, 32.589186883945118 ] ] ], [ [ [ 118.883324924272245, 32.589281018687778 ], [ 118.88320674, 32.589288 ], [ 118.88301034153298, 32.589298709602552 ], [ 118.883206739054003, 32.589288002433896 ], [ 118.883324924272245, 32.589281018687778 ] ] ], [ [ [ 118.882090084472225, 32.589120388872423 ], [ 118.88204307, 32.58910738 ], [ 118.88178291, 32.58903824 ], [ 118.881413307232449, 32.588941108295757 ], [ 118.882090084472225, 32.589120388872423 ] ] ], [ [ [ 118.880232440500876, 32.588630177454036 ], [ 118.88000376, 32.58857023 ], [ 118.879802156339025, 32.588430011489606 ], [ 118.880003761192995, 32.588570232732302 ], [ 118.880232440500876, 32.588630177454036 ] ] ], [ [ [ 118.879691556900497, 32.588353086800524 ], [ 118.87869391, 32.58729571 ], [ 118.878204610561255, 32.586255543584699 ], [ 118.878693907271, 32.5872957120989 ], [ 118.879691556900497, 32.588353086800524 ] ] ], [ [ [ 118.878155614758228, 32.585897272892026 ], [ 118.87815563, 32.58574681 ], [ 118.87829378, 32.58531305 ], [ 118.878371573304733, 32.585051969596002 ], [ 118.878155614758228, 32.585897272892026 ] ] ], [ [ [ 118.878873105713183, 32.583458133644655 ], [ 118.87904058, 32.58291737 ], [ 118.879127667556077, 32.582641518524341 ], [ 118.879040576579001, 32.582917367583498 ], [ 118.878873105713183, 32.583458133644655 ] ] ], [ [ [ 118.87906351029433, 32.582602779834644 ], [ 118.87869336, 32.58237928 ], [ 118.878407124273281, 32.582202124912314 ], [ 118.878693361155996, 32.582379284242798 ], [ 118.87906351029433, 32.582602779834644 ] ] ], [ [ [ 118.876092614543154, 32.580827129852025 ], [ 118.87536969, 32.58093008 ], [ 118.875161096199008, 32.580958557709742 ], [ 118.875369686195, 32.580930083321597 ], [ 118.876092614543154, 32.580827129852025 ] ] ], [ [ [ 118.873546903435724, 32.581336327447559 ], [ 118.8735469, 32.58133633 ], [ 118.873476576041327, 32.581402336133294 ], [ 118.873546903435724, 32.581336327447559 ] ] ], [ [ [ 118.872835123341332, 32.582006446844687 ], [ 118.87283512, 32.58200645 ], [ 118.872827522837298, 32.582013985311562 ], [ 118.872835123341332, 32.582006446844687 ] ] ], [ [ [ 118.872157458199268, 32.582655641329495 ], [ 118.87195913, 32.58284833 ], [ 118.87177692, 32.5830161 ], [ 118.871655558739491, 32.583132738383256 ], [ 118.871959131962996, 32.582848333193397 ], [ 118.872157458199268, 32.582655641329495 ] ] ], [ [ [ 118.871021068501577, 32.583743877742563 ], [ 118.87089989, 32.58386195 ], [ 118.87074143134133, 32.584054796748063 ], [ 118.870899891104003, 32.583861951738498 ], [ 118.871021068501577, 32.583743877742563 ] ] ], [ [ [ 118.870661982634559, 32.584154234590869 ], [ 118.87041429, 32.58447026 ], [ 118.870064284753298, 32.584944535437067 ], [ 118.870414293761002, 32.584470259324803 ], [ 118.870661982634559, 32.584154234590869 ] ] ], [ [ [ 118.868313797936523, 32.584993845341486 ], [ 118.868294087182647, 32.58494934610421 ], [ 118.868313796774004, 32.584993845221902 ], [ 118.868313797936523, 32.584993845341486 ] ] ], [ [ [ 118.868224054253588, 32.584683824461685 ], [ 118.86825277, 32.58453392 ], [ 118.868306645514835, 32.584163385130793 ], [ 118.868252765573004, 32.584533924817102 ], [ 118.868224054253588, 32.584683824461685 ] ] ], [ [ [ 118.868364585820629, 32.583758807036169 ], [ 118.86838301, 32.58363935 ], [ 118.868448661845008, 32.583214987567828 ], [ 118.868383005452003, 32.583639353814696 ], [ 118.868364585820629, 32.583758807036169 ] ] ], [ [ [ 118.86850058745361, 32.58288429552529 ], [ 118.86852226, 32.58274779 ], [ 118.868598663588344, 32.582250120900454 ], [ 118.868522255192005, 32.582747790116699 ], [ 118.86850058745361, 32.58288429552529 ] ] ], [ [ [ 118.868680769996516, 32.581723460930057 ], [ 118.86881677, 32.58100266 ], [ 118.86885674184758, 32.580857494602974 ], [ 118.868816767899006, 32.581002663070301 ], [ 118.868680769996516, 32.581723460930057 ] ] ], [ [ [ 118.868997464543568, 32.580236879324623 ], [ 118.86912926, 32.57967642 ], [ 118.86909526, 32.57925951 ], [ 118.869040385974685, 32.57910865269708 ], [ 118.869129259608002, 32.579676417509603 ], [ 118.868997464543568, 32.580236879324623 ] ] ], [ [ [ 118.868792064440015, 32.57874025002986 ], [ 118.86866981, 32.57866723 ], [ 118.86794095, 32.57839851 ], [ 118.8675585, 32.57826612 ], [ 118.867347230864851, 32.578243168666482 ], [ 118.868792064440015, 32.57874025002986 ] ] ], [ [ [ 118.866023221843108, 32.578116765846481 ], [ 118.86597951, 32.57811235 ], [ 118.865937465884969, 32.578109023621337 ], [ 118.865979511898004, 32.578112350481497 ], [ 118.866023221843108, 32.578116765846481 ] ] ], [ [ [ 118.864792452757939, 32.57800200953232 ], [ 118.86465077, 32.57799079 ], [ 118.86412206, 32.57793716 ], [ 118.864024073988247, 32.577928313358555 ], [ 118.864650769419995, 32.577990794744998 ], [ 118.864792452757939, 32.57800200953232 ] ] ], [ [ [ 118.862815005922315, 32.577816675175782 ], [ 118.8627762, 32.57781351 ], [ 118.862217349915369, 32.577782866491233 ], [ 118.862776203392997, 32.577813510704303 ], [ 118.862815005922315, 32.577816675175782 ] ] ], [ [ [ 118.861849005060293, 32.577761898541105 ], [ 118.86144831, 32.57773981 ], [ 118.861313198293416, 32.577731855232116 ], [ 118.861448306487006, 32.577739814143598 ], [ 118.861849005060293, 32.577761898541105 ] ] ], [ [ [ 118.860896526762559, 32.577706459488894 ], [ 118.86065915, 32.57769178 ], [ 118.86012936, 32.57766208 ], [ 118.859859959908505, 32.577648720005151 ], [ 118.860896526762559, 32.577706459488894 ] ] ], [ [ [ 118.859449374190746, 32.577672555046767 ], [ 118.85879232, 32.57771223 ], [ 118.85825449, 32.57774647 ], [ 118.85798606, 32.57776209 ], [ 118.85753435, 32.57779444 ], [ 118.85727394, 32.57772709 ], [ 118.85702255, 32.57766875 ], [ 118.85650973, 32.57754505 ], [ 118.856099046240445, 32.577447525742265 ], [ 118.857534349321995, 32.577794443112801 ], [ 118.859449374190746, 32.577672555046767 ] ] ], [ [ [ 118.855799510677457, 32.577374615029342 ], [ 118.85548609, 32.57729763 ], [ 118.85496524, 32.5771759 ], [ 118.854739216047761, 32.577115350645627 ], [ 118.854965239475007, 32.577175902237002 ], [ 118.855799510677457, 32.577374615029342 ] ] ], [ [ [ 118.853271116258711, 32.576794423702964 ], [ 118.85295989, 32.576764 ], [ 118.852604637128479, 32.576729213563588 ], [ 118.852959891883998, 32.576764004660497 ], [ 118.853271116258711, 32.576794423702964 ] ] ], [ [ [ 118.852169934068769, 32.57668668669875 ], [ 118.8516326, 32.57663399 ], [ 118.85111169, 32.57658019 ], [ 118.851015925977237, 32.576570804436336 ], [ 118.851632602356005, 32.576633991945599 ], [ 118.852169934068769, 32.57668668669875 ] ] ], [ [ [ 118.850414809136495, 32.576338141279301 ], [ 118.85012197, 32.57616775 ], [ 118.849527693406273, 32.575834703786548 ], [ 118.850121970147995, 32.576167752551598 ], [ 118.850414809136495, 32.576338141279301 ] ] ], [ [ [ 118.848893072894228, 32.575441307651474 ], [ 118.8487676, 32.57535682 ], [ 118.84834285, 32.57507422 ], [ 118.848141038212034, 32.574936827813737 ], [ 118.848342848027997, 32.575074221267698 ], [ 118.848893072894228, 32.575441307651474 ] ] ], [ [ [ 118.847689446955144, 32.574631223058056 ], [ 118.84731001, 32.57437574 ], [ 118.84721575080286, 32.574312044685207 ], [ 118.847310007220003, 32.574375741911297 ], [ 118.847689446955144, 32.574631223058056 ] ] ], [ [ [ 118.847060588321881, 32.574121498334947 ], [ 118.84703253, 32.5740024 ], [ 118.847010705130202, 32.573891463102228 ], [ 118.847032525765002, 32.574002397603302 ], [ 118.847060588321881, 32.574121498334947 ] ] ], [ [ [ 118.846881244980153, 32.57325972832421 ], [ 118.84680621, 32.57289336 ], [ 118.84660685, 32.57272808 ], [ 118.846592306114601, 32.57271765960413 ], [ 118.846806206406001, 32.5728933603135 ], [ 118.846881244980153, 32.57325972832421 ] ] ], [ [ [ 118.846324834111059, 32.572523349979157 ], [ 118.84620813, 32.5724355 ], [ 118.84600776, 32.57228621 ], [ 118.845945055044481, 32.572241584100659 ], [ 118.846324834111059, 32.572523349979157 ] ] ], [ [ [ 118.84554041883348, 32.571946585811517 ], [ 118.84540066, 32.57184333 ], [ 118.84522346838601, 32.571717223717215 ], [ 118.845400656953998, 32.5718433294848 ], [ 118.84554041883348, 32.571946585811517 ] ] ], [ [ [ 118.845141906741105, 32.571655729551672 ], [ 118.84500092, 32.57154574 ], [ 118.84480156, 32.57140045 ], [ 118.84459317, 32.57125114 ], [ 118.844545406517412, 32.571215613858499 ], [ 118.844593172532996, 32.571251143148601 ], [ 118.845000924191993, 32.571545744993003 ], [ 118.845141906741105, 32.571655729551672 ] ] ], [ [ [ 118.844199713381258, 32.570960169164834 ], [ 118.84419343, 32.57095555 ], [ 118.844190115466233, 32.570953068048119 ], [ 118.844193433027996, 32.570955552354697 ], [ 118.844199713381258, 32.570960169164834 ] ] ], [ [ [ 118.843782498486917, 32.570647197177991 ], [ 118.84339495, 32.57036336 ], [ 118.843114480569795, 32.570251786959297 ], [ 118.843394946626006, 32.5703633645849 ], [ 118.843782498486917, 32.570647197177991 ] ] ], [ [ [ 118.842479359694153, 32.570092765476055 ], [ 118.84222369, 32.57003544 ], [ 118.842099678496808, 32.570009050572999 ], [ 118.842223694300998, 32.5700354413962 ], [ 118.842479359694153, 32.570092765476055 ] ] ], [ [ [ 118.841500557421341, 32.569880003876172 ], [ 118.84118166, 32.56980969 ], [ 118.8408405789569, 32.569735837960081 ], [ 118.841181663518995, 32.569809693218502 ], [ 118.841500557421341, 32.569880003876172 ] ] ], [ [ [ 118.837510261757515, 32.570153078328524 ], [ 118.83751026, 32.57015308 ], [ 118.837517515676794, 32.570244061838437 ], [ 118.837510261757515, 32.570153078328524 ] ] ], [ [ [ 118.837541933818329, 32.570559613954956 ], [ 118.83754529, 32.570604 ], [ 118.837548077382507, 32.570673978786637 ], [ 118.837545290942998, 32.570604003356699 ], [ 118.837541933818329, 32.570559613954956 ] ] ], [ [ [ 118.837563518557999, 32.57095254170882 ], [ 118.8375713, 32.57105591 ], [ 118.837577598116809, 32.571212628140145 ], [ 118.837571301878995, 32.571055914127101 ], [ 118.837563518557999, 32.57095254170882 ] ] ], [ [ [ 118.837583634565291, 32.571323962125334 ], [ 118.83759731, 32.57150483 ], [ 118.83760631, 32.57173077 ], [ 118.83762332, 32.57195674 ], [ 118.83763232, 32.57217968 ], [ 118.83765833, 32.57262959 ], [ 118.837665196031864, 32.572720345063971 ], [ 118.837623324, 32.5719567357215 ], [ 118.837606310393994, 32.571730773459699 ], [ 118.837597313084004, 32.571504825518502 ], [ 118.837583634565291, 32.571323962125334 ] ] ], [ [ [ 118.837679536081282, 32.572958839522073 ], [ 118.83768434, 32.57307851 ], [ 118.837676590351421, 32.57332016358815 ], [ 118.837684343847997, 32.573078505223698 ], [ 118.837679536081282, 32.572958839522073 ] ] ], [ [ [ 118.837665871928991, 32.573597224119865 ], [ 118.83765822, 32.57381223 ], [ 118.837643693667459, 32.574063236563376 ], [ 118.837658222597994, 32.5738122349902 ], [ 118.837665871928991, 32.573597224119865 ] ] ], [ [ [ 118.837615984736644, 32.574910983562489 ], [ 118.83738855, 32.57512435 ], [ 118.836788033683618, 32.575460632974668 ], [ 118.837388552009003, 32.5751243492236 ], [ 118.837615984736644, 32.574910983562489 ] ] ], [ [ [ 118.835957253375497, 32.575919887545197 ], [ 118.83582627, 32.57599326 ], [ 118.835670227814902, 32.57608031923008 ], [ 118.835826273441, 32.575993259465598 ], [ 118.835957253375497, 32.575919887545197 ] ] ], [ [ [ 118.83496844063454, 32.576163224425493 ], [ 118.83482019, 32.57611039 ], [ 118.83432518, 32.57593654 ], [ 118.83383818, 32.5757697 ], [ 118.83358667, 32.57568726 ], [ 118.833377450832373, 32.575527973081755 ], [ 118.83496844063454, 32.576163224425493 ] ] ], [ [ [ 118.832929373579788, 32.575191187571349 ], [ 118.83278806, 32.57508598 ], [ 118.832556303952586, 32.574913015756486 ], [ 118.832788056249996, 32.575085981027399 ], [ 118.832929373579788, 32.575191187571349 ] ] ], [ [ [ 118.832326081878065, 32.574689470935994 ], [ 118.83217183, 32.57444804 ], [ 118.83211974, 32.57422401 ], [ 118.832003372743145, 32.573733303109279 ], [ 118.832326081878065, 32.574689470935994 ] ] ], [ [ [ 118.8318208281419, 32.573442412509763 ], [ 118.83175605, 32.57338859 ], [ 118.831596772250208, 32.573276129771408 ], [ 118.831756052455006, 32.573388594638701 ], [ 118.8318208281419, 32.573442412509763 ] ] ], [ [ [ 118.83098815066927, 32.572844171748166 ], [ 118.83095743, 32.57282229 ], [ 118.830957429536596, 32.572822290059584 ], [ 118.83098815066927, 32.572844171748166 ] ] ], [ [ [ 118.830445891856243, 32.572888069146465 ], [ 118.83043632, 32.5728893 ], [ 118.830433357758238, 32.572889680981469 ], [ 118.830436321476, 32.572889299865302 ], [ 118.830445891856243, 32.572888069146465 ] ] ], [ [ [ 118.829679089248216, 32.572987569142491 ], [ 118.82964664, 32.5729918 ], [ 118.829565269847862, 32.573002575755979 ], [ 118.829646643795002, 32.572991799818404 ], [ 118.829679089248216, 32.572987569142491 ] ] ], [ [ [ 118.827912381811771, 32.573223225160788 ], [ 118.82780578, 32.57323734 ], [ 118.827739969393974, 32.573245688131863 ], [ 118.827805778327999, 32.573237340802997 ], [ 118.827912381811771, 32.573223225160788 ] ] ], [ [ [ 118.82731508262593, 32.573317204809172 ], [ 118.82718144, 32.57335413 ], [ 118.826986067499931, 32.573408010626395 ], [ 118.827181436451994, 32.573354134210902 ], [ 118.82731508262593, 32.573317204809172 ] ] ], [ [ [ 118.826504745090446, 32.573542210827007 ], [ 118.8264258, 32.57356465 ], [ 118.82616524, 32.57363214 ], [ 118.82609967811436, 32.573650257224578 ], [ 118.826425803887005, 32.573564651240098 ], [ 118.826504745090446, 32.573542210827007 ] ] ], [ [ [ 118.824813134218431, 32.574004471279345 ], [ 118.82415188, 32.57418718 ], [ 118.823992447121825, 32.574229800232857 ], [ 118.824151882128007, 32.574187184424197 ], [ 118.824813134218431, 32.574004471279345 ] ] ], [ [ [ 118.823373545404863, 32.574399406746927 ], [ 118.82288413, 32.57453269 ], [ 118.822743922404797, 32.574571434652711 ], [ 118.822884134755995, 32.574532692187503 ], [ 118.823373545404863, 32.574399406746927 ] ] ], [ [ [ 118.82213146742528, 32.574740165030576 ], [ 118.82186793, 32.57481269 ], [ 118.8218168, 32.57504253 ], [ 118.821813301034169, 32.575060286597136 ], [ 118.821867931979995, 32.5748126936384 ], [ 118.82213146742528, 32.574740165030576 ] ] ], [ [ [ 118.8216728646061, 32.575906241340832 ], [ 118.8216684, 32.57593497 ], [ 118.821658457908384, 32.575986363994765 ], [ 118.821668400011006, 32.575934973591103 ], [ 118.8216728646061, 32.575906241340832 ] ] ], [ [ [ 118.821590473488115, 32.576571644815424 ], [ 118.82156409, 32.5768375 ], [ 118.821541722478557, 32.577071796286432 ], [ 118.821564092475001, 32.576837498991402 ], [ 118.821590473488115, 32.576571644815424 ] ] ], [ [ [ 118.821504407707536, 32.577461471418879 ], [ 118.82147782, 32.57773806 ], [ 118.821444798739549, 32.57808395253528 ], [ 118.821477823755004, 32.577738057853097 ], [ 118.821504407707536, 32.577461471418879 ] ] ], [ [ [ 118.821434690021121, 32.578189839778751 ], [ 118.82143469, 32.57818984 ], [ 118.821435652480247, 32.578194077212594 ], [ 118.821434690021121, 32.578189839778751 ] ] ], [ [ [ 118.821817920620646, 32.579469170231427 ], [ 118.82191156, 32.57976524 ], [ 118.821992368201634, 32.580021875172683 ], [ 118.821911563632995, 32.579765242404498 ], [ 118.821817920620646, 32.579469170231427 ] ] ], [ [ [ 118.822041042138707, 32.580170921772918 ], [ 118.82223316, 32.58075254 ], [ 118.822269272061192, 32.580852849740801 ], [ 118.822233160422996, 32.580752538061397 ], [ 118.822041042138707, 32.580170921772918 ] ] ], [ [ [ 118.822501051443993, 32.581559459713034 ], [ 118.82251969, 32.5816188 ], [ 118.822578096976542, 32.581780291740124 ], [ 118.822519693442004, 32.581618804664501 ], [ 118.822501051443993, 32.581559459713034 ] ] ], [ [ [ 118.822597839824411, 32.581834881154855 ], [ 118.82256274, 32.58206574 ], [ 118.82250257, 32.58251049 ], [ 118.822389969401669, 32.58322989639472 ], [ 118.82250257362, 32.582510490611497 ], [ 118.822597839824411, 32.581834881154855 ] ] ], [ [ [ 118.822380239070085, 32.583291010848924 ], [ 118.82219883, 32.58345662 ], [ 118.821636727882336, 32.583937759113859 ], [ 118.822198834724006, 32.583456618655802 ], [ 118.822380239070085, 32.583291010848924 ] ] ], [ [ [ 118.821603453315362, 32.583965754130098 ], [ 118.82134794, 32.58418079 ], [ 118.821312742053792, 32.584209583471932 ], [ 118.821347944723996, 32.584180786823602 ], [ 118.821603453315362, 32.583965754130098 ] ] ], [ [ [ 118.82102722243016, 32.584439979161509 ], [ 118.82037579, 32.58495371 ], [ 118.819448116300549, 32.584920961748992 ], [ 118.820375791562995, 32.584953711791201 ], [ 118.82102722243016, 32.584439979161509 ] ] ], [ [ [ 118.818356779534199, 32.584848184660082 ], [ 118.81823122, 32.58484072 ], [ 118.817571273317355, 32.584797838080227 ], [ 118.818231219587005, 32.584840723369297 ], [ 118.818356779534199, 32.584848184660082 ] ] ], [ [ [ 118.816707958893303, 32.584739582314548 ], [ 118.81663383, 32.58473477 ], [ 118.81636526, 32.58471927 ], [ 118.815891955187723, 32.584684476578637 ], [ 118.816707958893303, 32.584739582314548 ] ] ], [ [ [ 118.814915853993099, 32.58504844655738 ], [ 118.81479388, 32.58521819 ], [ 118.814664872912047, 32.585399398147089 ], [ 118.814793882022002, 32.585218191741298 ], [ 118.814915853993099, 32.58504844655738 ] ] ], [ [ [ 118.814621823830635, 32.585459488768805 ], [ 118.81451626, 32.58560655 ], [ 118.81424665, 32.58599293 ], [ 118.81410734, 32.58618361 ], [ 118.814070776224554, 32.586331939070725 ], [ 118.814621823830635, 32.585459488768805 ] ] ], [ [ [ 118.814024237885107, 32.586691287780063 ], [ 118.8140301, 32.58698921 ], [ 118.814036302822799, 32.587339669488031 ], [ 118.814030104075997, 32.586989207072101 ], [ 118.814024237885107, 32.586691287780063 ] ] ], [ [ [ 118.81419896370619, 32.588477909972269 ], [ 118.81425543, 32.58853612 ], [ 118.81463721, 32.58885073 ], [ 118.814738651086074, 32.588932512536083 ], [ 118.81419896370619, 32.588477909972269 ] ] ], [ [ [ 118.814905186707705, 32.589073604017116 ], [ 118.81501097, 32.58916832 ], [ 118.81539275, 32.58948093 ], [ 118.815601816773494, 32.589539596475397 ], [ 118.814905186707705, 32.589073604017116 ] ] ], [ [ [ 118.816127844804228, 32.589598632665989 ], [ 118.81634777, 32.58959567 ], [ 118.816565532653485, 32.589592028078044 ], [ 118.816347765963002, 32.589595667168098 ], [ 118.816127844804228, 32.589598632665989 ] ] ], [ [ [ 118.817544620597047, 32.589650443145324 ], [ 118.81769261, 32.58973014 ], [ 118.818189642018851, 32.590140136835757 ], [ 118.817692614717998, 32.589730135308201 ], [ 118.817544620597047, 32.589650443145324 ] ] ], [ [ [ 118.818785831860339, 32.590801804468867 ], [ 118.81890809, 32.59097201 ], [ 118.819015345231179, 32.591120009589879 ], [ 118.818908091961006, 32.590972005944799 ], [ 118.818785831860339, 32.590801804468867 ] ] ], [ [ [ 118.819446908339046, 32.591735173306873 ], [ 118.819455188665842, 32.591746778130187 ], [ 118.819455188624005, 32.591746777950398 ], [ 118.819446908339046, 32.591735173306873 ] ] ], [ [ [ 118.819605115352047, 32.592889274702422 ], [ 118.81961141, 32.59294368 ], [ 118.819615085771019, 32.592992477912034 ], [ 118.819611410863999, 32.5929436764008 ], [ 118.819605115352047, 32.592889274702422 ] ] ], [ [ [ 118.819638352105542, 32.593294116339166 ], [ 118.81964644, 32.59339559 ], [ 118.819671808609073, 32.593542668516825 ], [ 118.819646443579003, 32.593395592598498 ], [ 118.819638352105542, 32.593294116339166 ] ] ], [ [ [ 118.81974488076915, 32.593963994190361 ], [ 118.81977665, 32.59414659 ], [ 118.819818398872755, 32.594384376360871 ], [ 118.819776651902004, 32.594146587938802 ], [ 118.81974488076915, 32.593963994190361 ] ] ], [ [ [ 118.819880890112785, 32.594739654259669 ], [ 118.8199329, 32.59503459 ], [ 118.819997688154189, 32.595455492698136 ], [ 118.819932903186, 32.595034585812698 ], [ 118.819880890112785, 32.594739654259669 ] ] ], [ [ [ 118.820004960892405, 32.595500303433553 ], [ 118.82008013, 32.59592656 ], [ 118.82015826, 32.59637256 ], [ 118.820158784703011, 32.596375245347495 ], [ 118.820080134867993, 32.595926564413404 ], [ 118.820004960892405, 32.595500303433553 ] ] ], [ [ [ 118.820308207330186, 32.597226599064108 ], [ 118.82031451, 32.59726755 ], [ 118.82035758, 32.59750556 ], [ 118.820357560458447, 32.597726301503847 ], [ 118.820308207330186, 32.597226599064108 ] ] ], [ [ [ 118.820353490904623, 32.598069172529627 ], [ 118.8203495, 32.59818131 ], [ 118.82034948598006, 32.598338985251701 ], [ 118.820349500731993, 32.598181312563803 ], [ 118.820353490904623, 32.598069172529627 ] ] ], [ [ [ 118.820342420822286, 32.598829948636656 ], [ 118.82034142, 32.59885807 ], [ 118.820341413979349, 32.598925176288894 ], [ 118.820341420258003, 32.598858068525701 ], [ 118.820342420822286, 32.598829948636656 ] ] ], [ [ [ 118.820332284459013, 32.60010318598259 ], [ 118.82032321, 32.60066142 ], [ 118.82032317, 32.60111027 ], [ 118.82031511, 32.6015621 ], [ 118.82031509, 32.60178802 ], [ 118.820249337408583, 32.602139982452726 ], [ 118.820332284459013, 32.60010318598259 ] ] ], [ [ [ 118.82019948919276, 32.602374994435401 ], [ 118.8201667, 32.60251449 ], [ 118.82006344, 32.60295915 ], [ 118.82001131, 32.60317897 ], [ 118.820002132393057, 32.603224918372611 ], [ 118.82019948919276, 32.602374994435401 ] ] ], [ [ [ 118.819938786115699, 32.603520697072369 ], [ 118.81974165, 32.60402317 ], [ 118.819508233011021, 32.604407540560992 ], [ 118.819741654829002, 32.6040231749312 ], [ 118.819938786115699, 32.603520697072369 ] ] ], [ [ [ 118.818591682160658, 32.605282102077972 ], [ 118.81851792, 32.60533742 ], [ 118.818171019626149, 32.605609730918651 ], [ 118.818517917159994, 32.605337423704199 ], [ 118.818591682160658, 32.605282102077972 ] ] ], [ [ [ 118.817788484701595, 32.605899429737676 ], [ 118.81753675, 32.60609532 ], [ 118.817048156183148, 32.606256163091224 ], [ 118.817536753780999, 32.606095323087601 ], [ 118.817788484701595, 32.605899429737676 ] ] ], [ [ [ 118.816585606305551, 32.606314137463784 ], [ 118.81580103, 32.60641397 ], [ 118.815040994943317, 32.606225724628658 ], [ 118.815801033702996, 32.606413972918801 ], [ 118.816585606305551, 32.606314137463784 ] ] ], [ [ [ 118.813826004095759, 32.605696143101362 ], [ 118.813699660650045, 32.605641340281963 ], [ 118.813699663796996, 32.605641343637899 ], [ 118.813826004095759, 32.605696143101362 ] ] ], [ [ [ 118.813019480366947, 32.60495403430739 ], [ 118.81284896, 32.60478007 ], [ 118.81250226, 32.60443755 ], [ 118.812328086973181, 32.604259869650512 ], [ 118.812502260648003, 32.6044375537248 ], [ 118.813019480366947, 32.60495403430739 ] ] ], [ [ [ 118.812125658309483, 32.604076111548096 ], [ 118.81183391, 32.60395349 ], [ 118.811605030755615, 32.603895993467624 ], [ 118.811833907332996, 32.603953493941297 ], [ 118.812125658309483, 32.604076111548096 ] ] ], [ [ [ 118.811331711370812, 32.603825414700246 ], [ 118.81132085, 32.6038226 ], [ 118.8108088, 32.60369271 ], [ 118.810668521087379, 32.603658770316201 ], [ 118.811331711370812, 32.603825414700246 ] ] ], [ [ [ 118.809735099041305, 32.60337564133242 ], [ 118.80939391, 32.60324729 ], [ 118.809204558496901, 32.603177232398458 ], [ 118.809393906295, 32.6032472919496 ], [ 118.809735099041305, 32.60337564133242 ] ] ], [ [ [ 118.808422880715767, 32.602806099541709 ], [ 118.80820453, 32.60256138 ], [ 118.807989989964412, 32.602313335455484 ], [ 118.808204525335, 32.602561382776003 ], [ 118.808422880715767, 32.602806099541709 ] ] ], [ [ [ 118.807776681467331, 32.602065232247675 ], [ 118.80757932, 32.60183451 ], [ 118.807140944378276, 32.601339785165443 ], [ 118.807579315287995, 32.601834510876103 ], [ 118.807776681467331, 32.602065232247675 ] ] ], [ [ [ 118.805922750811163, 32.599363652237365 ], [ 118.80590415, 32.59932838 ], [ 118.805893852039262, 32.599308008441433 ], [ 118.805904151942002, 32.599328384133898 ], [ 118.805922750811163, 32.599363652237365 ] ] ], [ [ [ 118.805084071900367, 32.598343013955514 ], [ 118.80490626, 32.59816002 ], [ 118.804533206951376, 32.597779912547118 ], [ 118.804906256698999, 32.598160020801203 ], [ 118.805084071900367, 32.598343013955514 ] ] ], [ [ [ 118.804161365319985, 32.597429372873236 ], [ 118.80405564, 32.5973558 ], [ 118.80385525, 32.5972165 ], [ 118.803815928974743, 32.597189082830226 ], [ 118.803855250596001, 32.597216501161398 ], [ 118.804161365319985, 32.597429372873236 ] ] ], [ [ [ 118.801341725216105, 32.596535586512125 ], [ 118.80119009, 32.59650815 ], [ 118.800587948791588, 32.595960821311792 ], [ 118.801190089691005, 32.596508152377602 ], [ 118.801341725216105, 32.596535586512125 ] ] ], [ [ [ 118.80011263283339, 32.595531505074895 ], [ 118.800096074546929, 32.595516634083602 ], [ 118.800096074533002, 32.595516634277097 ], [ 118.80011263283339, 32.595531505074895 ] ] ], [ [ [ 118.800221198168046, 32.594650259559394 ], [ 118.80027052, 32.59437331 ], [ 118.800309492105953, 32.594170894668736 ], [ 118.800270516384998, 32.594373309143698 ], [ 118.800221198168046, 32.594650259559394 ] ] ], [ [ [ 118.800466478412574, 32.593398070544325 ], [ 118.8006434, 32.59261952 ], [ 118.800809795036969, 32.591835981618061 ], [ 118.800643398080993, 32.5926195199226 ], [ 118.800466478412574, 32.593398070544325 ] ] ], [ [ [ 118.800793044024758, 32.591591380632273 ], [ 118.80074771, 32.59144308 ], [ 118.800303721395082, 32.590487221828973 ], [ 118.800747709518006, 32.591443084069901 ], [ 118.800793044024758, 32.591591380632273 ] ] ], [ [ [ 118.800197784242883, 32.590254660238919 ], [ 118.80007055, 32.58997442 ], [ 118.799989457002468, 32.589797266752093 ], [ 118.800070545473005, 32.5899744228877 ], [ 118.800197784242883, 32.590254660238919 ] ] ], [ [ [ 118.799914521286937, 32.589632805637727 ], [ 118.79987922, 32.58955524 ], [ 118.799861270753553, 32.589515614537028 ], [ 118.799879218602001, 32.589555238336999 ], [ 118.799914521286937, 32.589632805637727 ] ] ], [ [ [ 118.799397269026372, 32.588725565231648 ], [ 118.79938435, 32.58871168 ], [ 118.79901168, 32.58838617 ], [ 118.79864602, 32.58805767 ], [ 118.79828136, 32.58773017 ], [ 118.79810004, 32.58756793 ], [ 118.797949383308648, 32.587432212556052 ], [ 118.798100035182003, 32.587567925858501 ], [ 118.79901167701, 32.5883861693627 ], [ 118.799397269026372, 32.588725565231648 ] ] ], [ [ [ 118.797110086833413, 32.586676998739691 ], [ 118.79700609, 32.58658445 ], [ 118.796563286967142, 32.586414789840624 ], [ 118.797006088469999, 32.5865844531939 ], [ 118.797110086833413, 32.586676998739691 ] ] ], [ [ [ 118.796544402394119, 32.586413797453581 ], [ 118.79603332, 32.58638694 ], [ 118.79550335, 32.5863611 ], [ 118.7949744, 32.58633427 ], [ 118.794873710803429, 32.586329433654406 ], [ 118.796544402394119, 32.586413797453581 ] ] ], [ [ [ 118.793186161693228, 32.586246064046406 ], [ 118.7923177, 32.58620617 ], [ 118.79177977, 32.58617736 ], [ 118.79071996, 32.58612378 ], [ 118.79018205, 32.58609699 ], [ 118.789974779907993, 32.586086909888522 ], [ 118.792317695855004, 32.586206171675201 ], [ 118.793186161693228, 32.586246064046406 ] ] ], [ [ [ 118.789389508696672, 32.586056959265498 ], [ 118.78912228, 32.58604245 ], [ 118.788588728683663, 32.585936256039162 ], [ 118.789122283455995, 32.586042452334603 ], [ 118.789389508696672, 32.586056959265498 ] ] ], [ [ [ 118.788025795201349, 32.58576579480755 ], [ 118.78796742, 32.58574788 ], [ 118.787797373805404, 32.585693242117117 ], [ 118.787967418009998, 32.585747881530303 ], [ 118.788025795201349, 32.58576579480755 ] ] ], [ [ [ 118.787140320112044, 32.585484083207319 ], [ 118.78690074, 32.58540848 ], [ 118.78668562916414, 32.585344581676125 ], [ 118.786900735144002, 32.585408481338497 ], [ 118.787140320112044, 32.585484083207319 ] ] ], [ [ [ 118.786149753336929, 32.585179568785207 ], [ 118.78590219, 32.58510019 ], [ 118.78539842, 32.58494455 ], [ 118.784901610087886, 32.584792273199831 ], [ 118.786149753336929, 32.585179568785207 ] ] ], [ [ [ 118.783505386258255, 32.584354220028565 ], [ 118.7832362, 32.58436685 ], [ 118.7829668, 32.5843715 ], [ 118.782749207718339, 32.584381755756034 ], [ 118.783236200665002, 32.584366853280599 ], [ 118.783505386258255, 32.584354220028565 ] ] ], [ [ [ 118.782664742120133, 32.584385377163649 ], [ 118.78216863, 32.58440346 ], [ 118.781950848024195, 32.584412384736652 ], [ 118.782168634810006, 32.584403463904501 ], [ 118.782664742120133, 32.584385377163649 ] ] ], [ [ [ 118.781867593541335, 32.58441603961321 ], [ 118.78136949, 32.58443144 ], [ 118.780386235269262, 32.584471772693135 ], [ 118.781369486621998, 32.584431444380797 ], [ 118.781867593541335, 32.58441603961321 ] ] ], [ [ [ 118.779713632866077, 32.58449714917073 ], [ 118.7795119, 32.58450514 ], [ 118.779437557910413, 32.584529029824964 ], [ 118.779511898172998, 32.584505141825197 ], [ 118.779713632866077, 32.58449714917073 ] ] ], [ [ [ 118.778891858358165, 32.584757876473475 ], [ 118.77867874, 32.58487603 ], [ 118.77845243, 32.58499573 ], [ 118.778296506564502, 32.585080643255232 ], [ 118.778678743076, 32.584876033544703 ], [ 118.778891858358165, 32.584757876473475 ] ] ], [ [ [ 118.777453909671109, 32.585541246379492 ], [ 118.77733292, 32.58560724 ], [ 118.777294334371376, 32.585629564935488 ], [ 118.777332915139993, 32.585607243937602 ], [ 118.777453909671109, 32.585541246379492 ] ] ], [ [ [ 118.776942774590808, 32.5858259184768 ], [ 118.77688933, 32.58585466 ], [ 118.77666403, 32.58597637 ], [ 118.77621244, 32.58622079 ], [ 118.776103368626252, 32.586281896674912 ], [ 118.776942774590808, 32.5858259184768 ] ] ], [ [ [ 118.775176281043088, 32.587279514745596 ], [ 118.77480558, 32.58774178 ], [ 118.774607107431379, 32.588002080755395 ], [ 118.774805583003996, 32.587741783577798 ], [ 118.775176281043088, 32.587279514745596 ] ] ], [ [ [ 118.774372016583754, 32.588308142954205 ], [ 118.774355071745163, 32.588322796014616 ], [ 118.774372015574002, 32.588308144263003 ], [ 118.774372016583754, 32.588308142954205 ] ] ], [ [ [ 118.77361148195267, 32.588890746834053 ], [ 118.77285216, 32.58942123 ], [ 118.772773510028713, 32.589478771634369 ], [ 118.772852163188006, 32.589421231640401 ], [ 118.77361148195267, 32.588890746834053 ] ] ], [ [ [ 118.772218438907231, 32.589684520015453 ], [ 118.772101867561446, 32.58968616871703 ], [ 118.772218435078003, 32.589684521051304 ], [ 118.772218438907231, 32.589684520015453 ] ] ], [ [ [ 118.771352355292734, 32.589697933102649 ], [ 118.77115028, 32.58970149 ], [ 118.770958910339843, 32.589703842594638 ], [ 118.771150282315006, 32.589701492051603 ], [ 118.771352355292734, 32.589697933102649 ] ] ], [ [ [ 118.770277232524023, 32.58971343144681 ], [ 118.76956165, 32.58972203 ], [ 118.76891099, 32.58986741 ], [ 118.769561648790003, 32.589722032455803 ], [ 118.770277232524023, 32.58971343144681 ] ] ], [ [ [ 118.769430957502479, 32.59026087205082 ], [ 118.76945748, 32.59039772 ], [ 118.76953636087174, 32.590756547094855 ], [ 118.769457481450999, 32.590397719188999 ], [ 118.769430957502479, 32.59026087205082 ] ] ], [ [ [ 118.769649665756987, 32.591335905470054 ], [ 118.76972662, 32.59173252 ], [ 118.769755669224068, 32.591878307123373 ], [ 118.769726624007006, 32.591732520287401 ], [ 118.769649665756987, 32.591335905470054 ] ] ], [ [ [ 118.76981736176316, 32.592171170256449 ], [ 118.7698657, 32.59239643 ], [ 118.76990872, 32.59261739 ], [ 118.769934576043298, 32.592750087935606 ], [ 118.76981736176316, 32.592171170256449 ] ] ], [ [ [ 118.770020568708503, 32.593145794891363 ], [ 118.7700478, 32.5932863 ], [ 118.770102169918843, 32.5935629463889 ], [ 118.770047801483997, 32.593286295912399 ], [ 118.770020568708503, 32.593145794891363 ] ] ], [ [ [ 118.770168019807741, 32.593902681416765 ], [ 118.77017787, 32.59395419 ], [ 118.770181192525484, 32.593970789044512 ], [ 118.770177870843995, 32.593954192261101 ], [ 118.770168019807741, 32.593902681416765 ] ] ], [ [ [ 118.770327403324515, 32.594543014480436 ], [ 118.770369, 32.59464014 ], [ 118.770512255378975, 32.594952855800557 ], [ 118.770369001831995, 32.594640138372903 ], [ 118.770327403324515, 32.594543014480436 ] ] ], [ [ [ 118.770984409420109, 32.595993866920601 ], [ 118.77103756, 32.59611127 ], [ 118.77119369, 32.5964433 ], [ 118.771108899258309, 32.596842353000838 ], [ 118.771193692219995, 32.596443301391503 ], [ 118.770984409420109, 32.595993866920601 ] ] ], [ [ [ 118.770613734054152, 32.599325049190313 ], [ 118.77056874, 32.59955367 ], [ 118.770532208810934, 32.599742756656319 ], [ 118.770568744192005, 32.5995536689435 ], [ 118.770613734054152, 32.599325049190313 ] ] ], [ [ [ 118.770525679092927, 32.599776551005938 ], [ 118.770265381959135, 32.600065217827336 ], [ 118.770525678602993, 32.599776553541602 ], [ 118.770525679092927, 32.599776551005938 ] ] ], [ [ [ 118.770152172826315, 32.600127382218105 ], [ 118.76982191, 32.60030873 ], [ 118.769690027167513, 32.600382510584744 ], [ 118.769821910382007, 32.6003087329902 ], [ 118.770152172826315, 32.600127382218105 ] ] ], [ [ [ 118.768745374127235, 32.600899497271534 ], [ 118.76870275, 32.60092254 ], [ 118.768640669917531, 32.600954297636207 ], [ 118.768702750141998, 32.600922540739397 ], [ 118.768745374127235, 32.600899497271534 ] ] ], [ [ [ 118.768142064434386, 32.601200181369805 ], [ 118.76808614, 32.60122591 ], [ 118.76785991, 32.60134368 ], [ 118.767591313881056, 32.60146669696514 ], [ 118.767859912554002, 32.601343684387999 ], [ 118.768142064434386, 32.601200181369805 ] ] ], [ [ [ 118.767282471064334, 32.601614487793377 ], [ 118.76716524, 32.601675 ], [ 118.767012563155916, 32.601743278350177 ], [ 118.767165244761003, 32.601675001929799 ], [ 118.767282471064334, 32.601614487793377 ] ] ], [ [ [ 118.766706648088359, 32.601889710679238 ], [ 118.76669681, 32.60189455 ], [ 118.766691841625203, 32.601896983341774 ], [ 118.766696805622999, 32.601894552270899 ], [ 118.766706648088359, 32.601889710679238 ] ] ], [ [ [ 118.766346372074793, 32.602066212850211 ], [ 118.76623638, 32.60212011 ], [ 118.766004297083512, 32.602229283384709 ], [ 118.766236381609005, 32.602120114231901 ], [ 118.766346372074793, 32.602066212850211 ] ] ], [ [ [ 118.765099275561383, 32.602664116377078 ], [ 118.76508136, 32.60267305 ], [ 118.76483787074072, 32.602788155420193 ], [ 118.765081356609002, 32.602673051733198 ], [ 118.765099275561383, 32.602664116377078 ] ] ], [ [ [ 118.764285338774059, 32.603051038767738 ], [ 118.76415257, 32.60311523 ], [ 118.76391838, 32.60322403 ], [ 118.763874027114596, 32.603245771796168 ], [ 118.764152571769998, 32.603115231583303 ], [ 118.764285338774059, 32.603051038767738 ] ] ], [ [ [ 118.763248960341372, 32.603550330898379 ], [ 118.76322382, 32.60356244 ], [ 118.763192611872057, 32.603576540828492 ], [ 118.763223821688996, 32.6035624397432 ], [ 118.763248960341372, 32.603550330898379 ] ] ], [ [ [ 118.762810216390221, 32.603744993660342 ], [ 118.76251127, 32.60387286 ], [ 118.762359940561836, 32.603939952378497 ], [ 118.762511273336003, 32.603872864011699 ], [ 118.762810216390221, 32.603744993660342 ] ] ], [ [ [ 118.762002615283336, 32.604100123398894 ], [ 118.76180875, 32.60418731 ], [ 118.761736666279219, 32.604217492853351 ], [ 118.761808752457995, 32.604187311028603 ], [ 118.762002615283336, 32.604100123398894 ] ] ], [ [ [ 118.758988612922849, 32.605285924948276 ], [ 118.75883079, 32.60534122 ], [ 118.758482594873456, 32.605445963700447 ], [ 118.758830790342003, 32.6053412245925 ], [ 118.758988612922849, 32.605285924948276 ] ] ], [ [ [ 118.75818987715607, 32.60553835043897 ], [ 118.75808336, 32.60557377 ], [ 118.757938496000548, 32.605620057490611 ], [ 118.758083362001003, 32.605573770994802 ], [ 118.75818987715607, 32.60553835043897 ] ] ], [ [ [ 118.757280047307887, 32.605754868488653 ], [ 118.75711985, 32.60577325 ], [ 118.756981613524943, 32.60579013036164 ], [ 118.757119854403996, 32.605773251241601 ], [ 118.757280047307887, 32.605754868488653 ] ] ], [ [ [ 118.7556325291268, 32.605938889220162 ], [ 118.75542708, 32.60594848 ], [ 118.755251254899903, 32.605950701416305 ], [ 118.755427075482004, 32.605948481805399 ], [ 118.7556325291268, 32.605938889220162 ] ] ], [ [ [ 118.754122174310041, 32.605966196259033 ], [ 118.75382947, 32.6059699 ], [ 118.75329929, 32.60597773 ], [ 118.75290589886788, 32.605982729898436 ], [ 118.753299289864003, 32.605977731943 ], [ 118.754122174310041, 32.605966196259033 ] ] ], [ [ [ 118.752624219008709, 32.605986369427782 ], [ 118.75223997, 32.60599142 ], [ 118.752053102595056, 32.605924929287518 ], [ 118.752239972154996, 32.605991421973997 ], [ 118.752624219008709, 32.605986369427782 ] ] ], [ [ [ 118.751705233881609, 32.605771955489757 ], [ 118.7514678, 32.60565634 ], [ 118.75099872, 32.60543531 ], [ 118.75053864, 32.60520929 ], [ 118.750289272148734, 32.60508678771108 ], [ 118.750998716336994, 32.605435311443401 ], [ 118.751705233881609, 32.605771955489757 ] ] ], [ [ [ 118.749776187308981, 32.604842093727115 ], [ 118.74960951, 32.60476427 ], [ 118.749492190417769, 32.604707403002251 ], [ 118.749609514680003, 32.604764272946298 ], [ 118.749776187308981, 32.604842093727115 ] ] ], [ [ [ 118.747641539180478, 32.603572303362597 ], [ 118.7473784, 32.60339046 ], [ 118.747216294579047, 32.603285158709042 ], [ 118.747378396398005, 32.603390464729898 ], [ 118.747641539180478, 32.603572303362597 ] ] ], [ [ [ 118.746562197539035, 32.602835655333543 ], [ 118.74654441, 32.6028236 ], [ 118.746512813619049, 32.602802389248993 ], [ 118.746544413565005, 32.602823602573899 ], [ 118.746562197539035, 32.602835655333543 ] ] ], [ [ [ 118.745575062515982, 32.60216476794551 ], [ 118.74550248, 32.60211581 ], [ 118.745266073901817, 32.601951294627725 ], [ 118.745502478109003, 32.602115811145097 ], [ 118.745575062515982, 32.60216476794551 ] ] ], [ [ [ 118.743987808354888, 32.601328458540841 ], [ 118.74383565, 32.60132111 ], [ 118.74295840844924, 32.60129593759509 ], [ 118.743835649128002, 32.601321113758502 ], [ 118.743987808354888, 32.601328458540841 ] ] ], [ [ [ 118.742106050356441, 32.601269883715226 ], [ 118.74196891, 32.60126429 ], [ 118.741822131682795, 32.601248474167654 ], [ 118.74196890748, 32.601264292434003 ], [ 118.742106050356441, 32.601269883715226 ] ] ], [ [ [ 118.740921610903143, 32.601132304935838 ], [ 118.7406402, 32.60109454 ], [ 118.739264076191347, 32.60092265442124 ], [ 118.740640197253001, 32.601094544387003 ], [ 118.740921610903143, 32.601132304935838 ] ] ], [ [ [ 118.738709503819052, 32.600541529038438 ], [ 118.73853886, 32.60035024 ], [ 118.73848831893504, 32.600294501721308 ], [ 118.738538859149003, 32.600350241577402 ], [ 118.738709503819052, 32.600541529038438 ] ] ], [ [ [ 118.738016166660756, 32.599670552721506 ], [ 118.73800914, 32.59931973 ], [ 118.73800394140045, 32.599024637635573 ], [ 118.738009136334, 32.599319730136997 ], [ 118.738016166660756, 32.599670552721506 ] ] ], [ [ [ 118.737997108476648, 32.598662789854366 ], [ 118.73799223, 32.59841704 ], [ 118.737988613409712, 32.598235467792648 ], [ 118.737992227665003, 32.598417040597397 ], [ 118.737997108476648, 32.598662789854366 ] ] ], [ [ [ 118.737977215120196, 32.597623061957123 ], [ 118.73797532, 32.59751535 ], [ 118.737973572329068, 32.59742780065833 ], [ 118.737975318912007, 32.597515349643501 ], [ 118.737977215120196, 32.597623061957123 ] ] ], [ [ [ 118.737961947444788, 32.596869852874462 ], [ 118.73795741, 32.59666764 ], [ 118.737962382445971, 32.596542953572005 ], [ 118.737957405415997, 32.596667639756397 ], [ 118.737961947444788, 32.596869852874462 ] ] ], [ [ [ 118.737980889923094, 32.596135996362094 ], [ 118.73799246, 32.59599286 ], [ 118.73800952, 32.59531508 ], [ 118.738025685487912, 32.595101317319482 ], [ 118.738009515011001, 32.595315078724802 ], [ 118.737980889923094, 32.596135996362094 ] ] ], [ [ [ 118.738027930943147, 32.595055370266103 ], [ 118.73803555, 32.59486622 ], [ 118.73804457, 32.59464029 ], [ 118.737942718867245, 32.594413140510731 ], [ 118.738027930943147, 32.595055370266103 ] ] ], [ [ [ 118.737404343566652, 32.593468377965443 ], [ 118.73734994, 32.59337491 ], [ 118.737275754410575, 32.593240976569128 ], [ 118.737349939417001, 32.593374911074903 ], [ 118.737404343566652, 32.593468377965443 ] ] ], [ [ [ 118.737237000220134, 32.593171010397427 ], [ 118.73698513, 32.59288718 ], [ 118.736807200380397, 32.592721925591938 ], [ 118.736985126956995, 32.592887182871202 ], [ 118.737237000220134, 32.593171010397427 ] ] ], [ [ [ 118.735412940074653, 32.591415200068838 ], [ 118.73493619, 32.59123044 ], [ 118.734242054157846, 32.590963964312266 ], [ 118.734936185617997, 32.591230441270703 ], [ 118.735412940074653, 32.591415200068838 ] ] ], [ [ [ 118.732574522471367, 32.590457710114933 ], [ 118.73257452, 32.59045771 ], [ 118.732421568265991, 32.590482032008261 ], [ 118.732574522471367, 32.590457710114933 ] ] ], [ [ [ 118.731988944331817, 32.590550747927537 ], [ 118.73178399, 32.59058305 ], [ 118.73126331, 32.59066729 ], [ 118.730504898852871, 32.590791263550955 ], [ 118.731988944331817, 32.590550747927537 ] ] ], [ [ [ 118.729995092070766, 32.590943920422184 ], [ 118.72983124, 32.59102296 ], [ 118.72943949, 32.59132709 ], [ 118.729395703604197, 32.591361394983743 ], [ 118.729995092070766, 32.590943920422184 ] ] ], [ [ [ 118.727820535614001, 32.592596623556609 ], [ 118.7276687, 32.59271373 ], [ 118.727581717992905, 32.592785998530722 ], [ 118.727668699942996, 32.5927137315119 ], [ 118.727820535614001, 32.592596623556609 ] ] ], [ [ [ 118.727098523919821, 32.593181139649005 ], [ 118.72690426, 32.59333603 ], [ 118.726323546670827, 32.593813938865026 ], [ 118.726904260336994, 32.593336034713502 ], [ 118.727098523919821, 32.593181139649005 ] ] ], [ [ [ 118.726091684307733, 32.594003560264341 ], [ 118.72575914, 32.59427552 ], [ 118.72537645, 32.5945887 ], [ 118.725371662008598, 32.594592666325511 ], [ 118.726091684307733, 32.594003560264341 ] ] ], [ [ [ 118.724990944392985, 32.594902341113944 ], [ 118.72479493, 32.59505897 ], [ 118.72441325, 32.59536916 ], [ 118.7238617686899, 32.595821880897454 ], [ 118.724990944392985, 32.594902341113944 ] ] ], [ [ [ 118.722838485017846, 32.596651662997374 ], [ 118.72230314, 32.59708828 ], [ 118.721989315605484, 32.597346664606555 ], [ 118.722303138902006, 32.597088282923899 ], [ 118.722838485017846, 32.596651662997374 ] ] ], [ [ [ 118.721664096541247, 32.597613882575367 ], [ 118.72153887, 32.59771672 ], [ 118.72115724, 32.59802695 ], [ 118.721138723576644, 32.598042021080829 ], [ 118.721664096541247, 32.597613882575367 ] ] ], [ [ [ 118.720890812995606, 32.598242415308256 ], [ 118.72076662, 32.59834119 ], [ 118.72074862, 32.59856513 ], [ 118.720737116884806, 32.598718013167321 ], [ 118.720890812995606, 32.598242415308256 ] ] ], [ [ [ 118.720728363790229, 32.598877276384904 ], [ 118.72071459, 32.59924193 ], [ 118.72069659, 32.59946787 ], [ 118.720680158062081, 32.599684326951703 ], [ 118.720728363790229, 32.598877276384904 ] ] ], [ [ [ 118.72065308052052, 32.600261717917448 ], [ 118.72064456, 32.60036861 ], [ 118.72062756, 32.60059255 ], [ 118.720622966693057, 32.600672172618168 ], [ 118.72065308052052, 32.600261717917448 ] ] ], [ [ [ 118.720597480001899, 32.601145363976876 ], [ 118.72059253, 32.60126935 ], [ 118.72056418691389, 32.601642044565864 ], [ 118.720592534491004, 32.601269353182197 ], [ 118.720597480001899, 32.601145363976876 ] ] ], [ [ [ 118.720526713642812, 32.602302899740934 ], [ 118.7205235, 32.60239303 ], [ 118.7205055, 32.60261697 ], [ 118.720497437206333, 32.602723889758288 ], [ 118.720526713642812, 32.602302899740934 ] ] ], [ [ [ 118.720466752699323, 32.603186754092398 ], [ 118.72045347, 32.60351971 ], [ 118.72043647, 32.60374264 ], [ 118.72043620882684, 32.603747177343855 ], [ 118.720466752699323, 32.603186754092398 ] ] ], [ [ [ 118.720399374655884, 32.604341754129827 ], [ 118.72039345, 32.60442045 ], [ 118.72038444, 32.60464338 ], [ 118.720373643130358, 32.604782156792744 ], [ 118.720384441274007, 32.604643379281498 ], [ 118.720399374655884, 32.604341754129827 ] ] ], [ [ [ 118.720335735436905, 32.605449673634659 ], [ 118.72033241, 32.60554211 ], [ 118.720307975986287, 32.605856875945726 ], [ 118.720332413014006, 32.605542114466203 ], [ 118.720335735436905, 32.605449673634659 ] ] ], [ [ [ 118.720275783646201, 32.606334809391576 ], [ 118.72027139, 32.60644486 ], [ 118.72025439, 32.60666879 ], [ 118.720243186140621, 32.606863003151602 ], [ 118.720271394305996, 32.606444855452899 ], [ 118.720275783646201, 32.606334809391576 ] ] ], [ [ [ 118.720210609816206, 32.607454515905559 ], [ 118.72020136, 32.60756953 ], [ 118.7201790296685, 32.607972083109324 ], [ 118.720201364632999, 32.607569525957601 ], [ 118.720210609816206, 32.607454515905559 ] ] ], [ [ [ 118.720134441201054, 32.608728127690206 ], [ 118.72012332, 32.60891912 ], [ 118.72010664187485, 32.609140782093938 ], [ 118.720123322687002, 32.608919123081101 ], [ 118.720134441201054, 32.608728127690206 ] ] ], [ [ [ 118.720063799957472, 32.609880637636962 ], [ 118.72005429, 32.61004579 ], [ 118.720037778855882, 32.610264251861402 ], [ 118.720054292121006, 32.610045788620297 ], [ 118.720063799957472, 32.609880637636962 ] ] ], [ [ [ 118.720037289922871, 32.610270720230389 ], [ 118.720007777265508, 32.610358879401446 ], [ 118.720037289591005, 32.610270724620797 ], [ 118.720037289922871, 32.610270720230389 ] ] ], [ [ [ 118.7197925626607, 32.610851963089836 ], [ 118.71978551, 32.61086375 ], [ 118.71978188321151, 32.610869252877258 ], [ 118.719785512295005, 32.610863746662901 ], [ 118.7197925626607, 32.610851963089836 ] ] ], [ [ [ 118.71957340391279, 32.611189343502524 ], [ 118.71940288, 32.61145589 ], [ 118.719294551821534, 32.61163695972585 ], [ 118.719402884673002, 32.611455893310897 ], [ 118.71957340391279, 32.611189343502524 ] ] ], [ [ [ 118.719212525446778, 32.611772537671314 ], [ 118.71903824, 32.61205902 ], [ 118.718950469230876, 32.61220427597587 ], [ 118.719038241147999, 32.612059023348102 ], [ 118.719212525446778, 32.611772537671314 ] ] ], [ [ [ 118.718880051341642, 32.612320610307492 ], [ 118.71854373, 32.61285521 ], [ 118.71843331030712, 32.613037552960314 ], [ 118.718543734807994, 32.6128552137558 ], [ 118.718880051341642, 32.612320610307492 ] ] ], [ [ [ 118.718272201840847, 32.613303450396408 ], [ 118.71823105, 32.61337133 ], [ 118.718098398898434, 32.613599660991788 ], [ 118.718231050594994, 32.613371333355801 ], [ 118.718272201840847, 32.613303450396408 ] ] ], [ [ [ 118.717411658600881, 32.614559979263269 ], [ 118.71731102, 32.61464479 ], [ 118.717110000405128, 32.614744496522327 ], [ 118.717311024511005, 32.614644790108102 ], [ 118.717411658600881, 32.614559979263269 ] ] ], [ [ [ 118.71675649245303, 32.614920145643438 ], [ 118.71661584, 32.61499037 ], [ 118.716477554917532, 32.615054394596847 ], [ 118.716615839911995, 32.614990374557301 ], [ 118.71675649245303, 32.614920145643438 ] ] ], [ [ [ 118.715809634688441, 32.61538682454372 ], [ 118.71569595, 32.61544117 ], [ 118.7152445, 32.61566957 ], [ 118.715076014770275, 32.61574716170017 ], [ 118.715244501461001, 32.615669573555401 ], [ 118.715809634688441, 32.61538682454372 ] ] ], [ [ [ 118.714884052145081, 32.615841385552073 ], [ 118.71454937, 32.6160122 ], [ 118.71431567, 32.61612042 ], [ 118.713889416279727, 32.616334486113637 ], [ 118.714549370314998, 32.616012204564299 ], [ 118.714884052145081, 32.615841385552073 ] ] ], [ [ [ 118.713497973793281, 32.615631815266866 ], [ 118.71349581, 32.61561952 ], [ 118.713487406990211, 32.615581676402272 ], [ 118.713495806812006, 32.615619519469902 ], [ 118.713497973793281, 32.615631815266866 ] ] ], [ [ [ 118.713435898656485, 32.615320212619082 ], [ 118.71343392, 32.6153107 ], [ 118.713433535310259, 32.615308649603669 ], [ 118.713433919438003, 32.615310700908097 ], [ 118.713435898656485, 32.615320212619082 ] ] ], [ [ [ 118.713237578183495, 32.614318225907212 ], [ 118.71322131, 32.61422633 ], [ 118.713192275214439, 32.61409999987734 ], [ 118.713221309605004, 32.614226332594598 ], [ 118.713237578183495, 32.614318225907212 ] ] ], [ [ [ 118.713105479693056, 32.613699841068801 ], [ 118.71306559, 32.61354276 ], [ 118.71301368, 32.61332089 ], [ 118.712948185038769, 32.613044264077139 ], [ 118.713105479693056, 32.613699841068801 ] ] ], [ [ [ 118.712836662995954, 32.612594815960428 ], [ 118.71279606, 32.61243546 ], [ 118.712773346674453, 32.612339697364106 ], [ 118.712796059088006, 32.612435460753602 ], [ 118.712836662995954, 32.612594815960428 ] ] ], [ [ [ 118.71265918916518, 32.611859126423241 ], [ 118.71263934, 32.61177588 ], [ 118.71256364224196, 32.611453074486434 ], [ 118.712639336872996, 32.611775876707298 ], [ 118.71265918916518, 32.611859126423241 ] ] ], [ [ [ 118.712482931565816, 32.611126754382113 ], [ 118.71242272, 32.61089044 ], [ 118.712370161267103, 32.6106533686891 ], [ 118.712422719765996, 32.610890442611201 ], [ 118.712482931565816, 32.611126754382113 ] ] ], [ [ [ 118.712327891052027, 32.610462704745281 ], [ 118.71205827, 32.61048701 ], [ 118.71178864, 32.61050832 ], [ 118.711637810911995, 32.610520938763244 ], [ 118.712327891052027, 32.610462704745281 ] ] ], [ [ [ 118.711093123341897, 32.610564456602887 ], [ 118.71099876, 32.61057124 ], [ 118.710739707309401, 32.610591800655811 ], [ 118.710998757983006, 32.610571242301297 ], [ 118.711093123341897, 32.610564456602887 ] ] ], [ [ [ 118.710711162951313, 32.610594121527328 ], [ 118.71019991, 32.61063619 ], [ 118.710117967705841, 32.610642893283369 ], [ 118.710199909086995, 32.6106361919962 ], [ 118.710711162951313, 32.610594121527328 ] ] ], [ [ [ 118.709320659139024, 32.610706897367287 ], [ 118.70914047, 32.61071848 ], [ 118.708818026410043, 32.610748239673548 ], [ 118.709140469492993, 32.610718481821102 ], [ 118.709320659139024, 32.610706897367287 ] ] ], [ [ [ 118.708466227630524, 32.610775779142898 ], [ 118.70835066, 32.61078346 ], [ 118.70781248, 32.61082714 ], [ 118.70755188, 32.61084847 ], [ 118.707320667431787, 32.610863854596829 ], [ 118.707551878681002, 32.610848474235702 ], [ 118.708466227630524, 32.610775779142898 ] ] ], [ [ [ 118.707232162378489, 32.610870829109793 ], [ 118.70623294, 32.61095418 ], [ 118.706072763840936, 32.610949080490734 ], [ 118.706232941465004, 32.610954183302702 ], [ 118.707232162378489, 32.610870829109793 ] ] ], [ [ [ 118.705421467581516, 32.610911070861405 ], [ 118.70530344, 32.61090246 ], [ 118.705227673128832, 32.610896924752709 ], [ 118.705303440239007, 32.610902461318801 ], [ 118.705421467581516, 32.610911070861405 ] ] ], [ [ [ 118.704694567398931, 32.610855890042124 ], [ 118.70451374, 32.61084157 ], [ 118.70424418, 32.61082195 ], [ 118.704073317624932, 32.610806928362784 ], [ 118.704244182945004, 32.610821953780999 ], [ 118.704694567398931, 32.610855890042124 ] ] ], [ [ [ 118.702621265883579, 32.61069198984422 ], [ 118.70238632, 32.61067664 ], [ 118.702089437887082, 32.610651832957323 ], [ 118.702386321711998, 32.610676644025901 ], [ 118.702621265883579, 32.61069198984422 ] ] ], [ [ [ 118.701757080257948, 32.610625272603066 ], [ 118.70159669, 32.61061381 ], [ 118.701034368416458, 32.610571430761745 ], [ 118.701596686558005, 32.610613814531803 ], [ 118.701757080257948, 32.610625272603066 ] ] ], [ [ [ 118.699095814855212, 32.610417389334067 ], [ 118.69893941, 32.61040486 ], [ 118.698536084798562, 32.610374532236079 ], [ 118.698939408238999, 32.610404864979401 ], [ 118.699095814855212, 32.610417389334067 ] ] ], [ [ [ 118.696969061907666, 32.609923090671799 ], [ 118.69696906, 32.60992309 ], [ 118.696963636889706, 32.609921291693013 ], [ 118.696969061907666, 32.609923090671799 ] ] ], [ [ [ 118.696309666630739, 32.609698565204283 ], [ 118.69622248, 32.60966636 ], [ 118.69572743, 32.60949921 ], [ 118.69523338, 32.60933406 ], [ 118.694943186787128, 32.609230896211542 ], [ 118.695233378791997, 32.609334061778803 ], [ 118.696309666630739, 32.609698565204283 ] ] ], [ [ [ 118.694613923365324, 32.609116208116241 ], [ 118.69425129, 32.60899377 ], [ 118.69399978, 32.60890921 ], [ 118.69350575, 32.60874208 ], [ 118.692970684483925, 32.608555396200138 ], [ 118.694613923365324, 32.609116208116241 ] ] ], [ [ [ 118.692767216678575, 32.608481396275479 ], [ 118.692653964296454, 32.608354398816786 ], [ 118.692767215233999, 32.608481395750097 ], [ 118.692767216678575, 32.608481396275479 ] ] ], [ [ [ 118.692249243444294, 32.607826122219713 ], [ 118.69218543, 32.60772863 ], [ 118.691877221150406, 32.607267414968369 ], [ 118.692185428086006, 32.6077286292427 ], [ 118.692249243444294, 32.607826122219713 ] ] ], [ [ [ 118.691792520138364, 32.606734366341726 ], [ 118.6917953, 32.60666466 ], [ 118.6917984329733, 32.606577351866548 ], [ 118.691795298098995, 32.606664655096502 ], [ 118.691792520138364, 32.606734366341726 ] ] ], [ [ [ 118.691853385274499, 32.604918599485408 ], [ 118.69185535, 32.60486318 ], [ 118.691916045852082, 32.604750663736354 ], [ 118.691855348874995, 32.604863181369304 ], [ 118.691853385274499, 32.604918599485408 ] ] ], [ [ [ 118.692499777799483, 32.604016538462353 ], [ 118.69266286, 32.60383519 ], [ 118.69281957, 32.60365699 ], [ 118.692932249730902, 32.603533691595089 ], [ 118.692819566848002, 32.603656990075997 ], [ 118.692499777799483, 32.604016538462353 ] ] ], [ [ [ 118.693428071574132, 32.602979785773314 ], [ 118.69362708, 32.60276097 ], [ 118.69393951, 32.60239858 ], [ 118.693990059685817, 32.60230135722199 ], [ 118.693428071574132, 32.602979785773314 ] ] ], [ [ [ 118.694182089820245, 32.601899350407642 ], [ 118.69418209, 32.60189935 ], [ 118.694183714877965, 32.601895156410137 ], [ 118.694182089820245, 32.601899350407642 ] ] ], [ [ [ 118.694412996033819, 32.601300610690011 ], [ 118.69451154, 32.60104211 ], [ 118.69462140170701, 32.600777272224995 ], [ 118.694511536934002, 32.601042109488297 ], [ 118.694412996033819, 32.601300610690011 ] ] ], [ [ [ 118.695145412668637, 32.599071854929655 ], [ 118.69513754, 32.5989678 ], [ 118.695079253472343, 32.598435162417864 ], [ 118.695137536939001, 32.598967802199802 ], [ 118.695145412668637, 32.599071854929655 ] ] ], [ [ [ 118.695085708675833, 32.59774859990349 ], [ 118.69519758, 32.59730527 ], [ 118.695279184364736, 32.596964328147287 ], [ 118.695197579277007, 32.5973052672215 ], [ 118.695085708675833, 32.59774859990349 ] ] ], [ [ [ 118.695312165681386, 32.596825487620308 ], [ 118.69540627, 32.59642223 ], [ 118.695461010906712, 32.596222663889854 ], [ 118.695406266324994, 32.596422228358001 ], [ 118.695312165681386, 32.596825487620308 ] ] ], [ [ [ 118.695770434701686, 32.594956263641038 ], [ 118.69578869, 32.59487913 ], [ 118.695805856623878, 32.594805725489834 ], [ 118.695788688510007, 32.5948791317836 ], [ 118.695770434701686, 32.594956263641038 ] ] ], [ [ [ 118.696048299809505, 32.59381407080128 ], [ 118.69602337, 32.59358819 ], [ 118.69596153, 32.59314243 ], [ 118.6958927, 32.59269569 ], [ 118.69584084, 32.59224492 ], [ 118.695822780846612, 32.592112629652831 ], [ 118.695892697985002, 32.592695690741799 ], [ 118.696048299809505, 32.59381407080128 ] ] ], [ [ [ 118.695678277933226, 32.591051926170842 ], [ 118.69565831, 32.59090366 ], [ 118.695650080403894, 32.590835567223237 ], [ 118.695658308774995, 32.5909036558363 ], [ 118.695678277933226, 32.591051926170842 ] ] ], [ [ [ 118.69517431284342, 32.590566292525899 ], [ 118.69429495, 32.590467 ], [ 118.69376597, 32.59041488 ], [ 118.69324499, 32.59035676 ], [ 118.693207707202902, 32.590352883703446 ], [ 118.693765972329004, 32.590414883734702 ], [ 118.694294947727997, 32.590467001725301 ], [ 118.69517431284342, 32.590566292525899 ] ] ], [ [ [ 118.692369131806771, 32.590265727009196 ], [ 118.69219406, 32.59024754 ], [ 118.691991025666084, 32.590279082804159 ], [ 118.692194055499996, 32.590247541543299 ], [ 118.692369131806771, 32.590265727009196 ] ] ], [ [ [ 118.691465482769374, 32.59036072956976 ], [ 118.69146548, 32.59036073 ], [ 118.691359793881418, 32.59048631235661 ], [ 118.691465482769374, 32.59036072956976 ] ] ], [ [ [ 118.691205289248131, 32.590673183754028 ], [ 118.69100435, 32.59091832 ], [ 118.6907099, 32.5912937 ], [ 118.6905532, 32.5914799 ], [ 118.6904404, 32.59173201 ], [ 118.69017986, 32.59237025 ], [ 118.68993999685128, 32.592987491421461 ], [ 118.690553198529003, 32.591479904387803 ], [ 118.690709902386999, 32.591293699217097 ], [ 118.691205289248131, 32.590673183754028 ] ] ], [ [ [ 118.689763111848308, 32.593874829989609 ], [ 118.68975457, 32.59396245 ], [ 118.689729156149184, 32.594289414415883 ], [ 118.689754571343997, 32.5939624480174 ], [ 118.689763111848308, 32.593874829989609 ] ] ], [ [ [ 118.689708674074893, 32.594507218233936 ], [ 118.68966766, 32.5948633 ], [ 118.689648926737704, 32.595057358278559 ], [ 118.689667662223002, 32.594863297266301 ], [ 118.689708674074893, 32.594507218233936 ] ] ], [ [ [ 118.689605705579922, 32.595503594603386 ], [ 118.68958075, 32.59576015 ], [ 118.689552002027327, 32.596060628227974 ], [ 118.689580753624995, 32.595760146897298 ], [ 118.689605705579922, 32.595503594603386 ] ] ], [ [ [ 118.689523048829358, 32.596363902352557 ], [ 118.68949484, 32.59665999 ], [ 118.689451852611697, 32.597095174952841 ], [ 118.689494842871994, 32.596659992859401 ], [ 118.689523048829358, 32.596363902352557 ] ] ], [ [ [ 118.689444934197837, 32.597160108275467 ], [ 118.68941593, 32.59742887 ], [ 118.689422534135645, 32.597761906071298 ], [ 118.689415930397999, 32.597428869961 ], [ 118.689444934197837, 32.597160108275467 ] ] ], [ [ [ 118.689437628839798, 32.598432377163 ], [ 118.6894507, 32.59909125 ], [ 118.689297285393152, 32.59935500984183 ], [ 118.689450703692003, 32.599091248109197 ], [ 118.689437628839798, 32.598432377163 ] ] ], [ [ [ 118.688964380273788, 32.599945307658722 ], [ 118.688757, 32.60030603 ], [ 118.688435498723322, 32.600870356316385 ], [ 118.688756999004994, 32.6003060329246 ], [ 118.688964380273788, 32.599945307658722 ] ] ], [ [ [ 118.687917519513533, 32.601781826994227 ], [ 118.68782775, 32.60193109 ], [ 118.68760217, 32.60233535 ], [ 118.687344593880511, 32.602497618818511 ], [ 118.687917519513533, 32.601781826994227 ] ] ], [ [ [ 118.687315748474219, 32.60251579059149 ], [ 118.687315176428655, 32.602516012352815 ], [ 118.687315748448, 32.602515790608003 ], [ 118.687315748474219, 32.60251579059149 ] ] ], [ [ [ 118.686444475409928, 32.602839030793575 ], [ 118.68609125, 32.60297479 ], [ 118.686009431723193, 32.603005504614714 ], [ 118.686091246656005, 32.602974794286901 ], [ 118.686444475409928, 32.602839030793575 ] ] ], [ [ [ 118.685573953656672, 32.603391474986296 ], [ 118.6854146, 32.60358079 ], [ 118.68535369, 32.60402574 ], [ 118.68531874, 32.60425573 ], [ 118.685279381342994, 32.604543246572582 ], [ 118.685353690783998, 32.604025744441699 ], [ 118.685414604824004, 32.603580789434801 ], [ 118.685573953656672, 32.603391474986296 ] ] ], [ [ [ 118.685140178709347, 32.605102058739178 ], [ 118.68494542, 32.60536001 ], [ 118.684707946364512, 32.605687286244375 ], [ 118.684945423258, 32.6053600119699 ], [ 118.685140178709347, 32.605102058739178 ] ] ], [ [ [ 118.684381540653249, 32.606121759134766 ], [ 118.68410309, 32.60651012 ], [ 118.683842613015301, 32.606850476060018 ], [ 118.684103093241006, 32.6065101249077 ], [ 118.684381540653249, 32.606121759134766 ] ] ], [ [ [ 118.683598487045302, 32.60690335613927 ], [ 118.68228889, 32.60718318 ], [ 118.682159294542402, 32.60720978180143 ], [ 118.682288894788002, 32.607183181090498 ], [ 118.683598487045302, 32.60690335613927 ] ] ], [ [ [ 118.682028449642658, 32.607236637980122 ], [ 118.68195066, 32.60679693 ], [ 118.681903759758484, 32.606189832042745 ], [ 118.681950656599, 32.606796934318602 ], [ 118.682028449642658, 32.607236637980122 ] ] ], [ [ [ 118.681939979149746, 32.605976859951696 ], [ 118.68201163, 32.6057202 ], [ 118.682279187808177, 32.605331151851317 ], [ 118.682011626771001, 32.605720198265502 ], [ 118.681939979149746, 32.605976859951696 ] ] ], [ [ [ 118.682280088196819, 32.605329842621963 ], [ 118.68281003, 32.60455315 ], [ 118.68293977, 32.60435298 ], [ 118.68307849, 32.6041578 ], [ 118.683223687602094, 32.603942262795918 ], [ 118.682939768639002, 32.604352980553401 ], [ 118.682280088196819, 32.605329842621963 ] ] ], [ [ [ 118.68333496742143, 32.603791469172563 ], [ 118.68347869, 32.60364725 ], [ 118.683703942003646, 32.603406848049865 ], [ 118.683478686930997, 32.603647246846499 ], [ 118.68333496742143, 32.603791469172563 ] ] ], [ [ [ 118.684257975741332, 32.602828179119697 ], [ 118.684312, 32.60276905 ], [ 118.68465032, 32.60242156 ], [ 118.684877211237605, 32.602187177703271 ], [ 118.684257975741332, 32.602828179119697 ] ] ], [ [ [ 118.685232559263312, 32.60169765131841 ], [ 118.6852671, 32.60160973 ], [ 118.685271909112089, 32.601589040710493 ], [ 118.685267099434, 32.601609730542101 ], [ 118.685232559263312, 32.60169765131841 ] ] ], [ [ [ 118.68544489666138, 32.600802258457044 ], [ 118.6855097, 32.60049868 ], [ 118.68561352, 32.60005864 ], [ 118.6856704129397, 32.599795652623705 ], [ 118.685509695017004, 32.600498677323401 ], [ 118.68544489666138, 32.600802258457044 ] ] ], [ [ [ 118.685960551252464, 32.598476003278904 ], [ 118.68600487, 32.59828955 ], [ 118.686076005209813, 32.597952760334124 ], [ 118.686004867012002, 32.5982895463845 ], [ 118.685960551252464, 32.598476003278904 ] ] ], [ [ [ 118.686136138190065, 32.597657269585568 ], [ 118.68624747, 32.59717849 ], [ 118.686381174276903, 32.596574253230962 ], [ 118.686247465533995, 32.597178490844598 ], [ 118.686136138190065, 32.597657269585568 ] ] ], [ [ [ 118.686583831085613, 32.59562006382631 ], [ 118.68662984, 32.59540741 ], [ 118.686638914702513, 32.595169930373309 ], [ 118.686629836633998, 32.595407408391097 ], [ 118.686583831085613, 32.59562006382631 ] ] ], [ [ [ 118.686629976041743, 32.594853871023147 ], [ 118.68661194, 32.59473766 ], [ 118.686579040325555, 32.594493694399375 ], [ 118.686611936717, 32.594737663576197 ], [ 118.686629976041743, 32.594853871023147 ] ] ], [ [ [ 118.686534531914447, 32.594203897574367 ], [ 118.68650822, 32.59406907 ], [ 118.686458364462425, 32.593749364760285 ], [ 118.686508215019998, 32.5940690694841 ], [ 118.686534531914447, 32.594203897574367 ] ] ], [ [ [ 118.686426396324791, 32.593544000561359 ], [ 118.6864035, 32.59339648 ], [ 118.686353342379391, 32.593071621583377 ], [ 118.686403495952007, 32.593396478045896 ], [ 118.686426396324791, 32.593544000561359 ] ] ], [ [ [ 118.686301083371262, 32.592735757563958 ], [ 118.68626487, 32.59250402 ], [ 118.68592661, 32.59216573 ], [ 118.685731108768977, 32.591976254661006 ], [ 118.686264868321999, 32.592504018908997 ], [ 118.686301083371262, 32.592735757563958 ] ] ], [ [ [ 118.684708704643072, 32.590988809759146 ], [ 118.6846943, 32.59097432 ], [ 118.6843470690592, 32.590636059896347 ], [ 118.684694302986998, 32.590974323559301 ], [ 118.684708704643072, 32.590988809759146 ] ] ], [ [ [ 118.684217632221007, 32.590621799259083 ], [ 118.68400779, 32.59059868 ], [ 118.683825054437463, 32.590620426665225 ], [ 118.684007788925001, 32.590598681933898 ], [ 118.684217632221007, 32.590621799259083 ] ] ], [ [ [ 118.683034232064941, 32.590717040409949 ], [ 118.68295801, 32.59072654 ], [ 118.682928157859664, 32.590730475755507 ], [ 118.682958008642004, 32.590726540760102 ], [ 118.683034232064941, 32.590717040409949 ] ] ], [ [ [ 118.682564243824842, 32.590776029460777 ], [ 118.68242813, 32.59079148 ], [ 118.68190725, 32.59085741 ], [ 118.6816468, 32.59089188 ], [ 118.68105558002685, 32.590963799659065 ], [ 118.681646802038003, 32.5908918798945 ], [ 118.682564243824842, 32.590776029460777 ] ] ], [ [ [ 118.680669589728637, 32.591008889781065 ], [ 118.68057909, 32.5910198 ], [ 118.680343700947049, 32.591109138258687 ], [ 118.680579093630996, 32.591019801568997 ], [ 118.680669589728637, 32.591008889781065 ] ] ], [ [ [ 118.678837313355174, 32.591815550690598 ], [ 118.67840872, 32.5920155 ], [ 118.678167850418077, 32.592128392690256 ], [ 118.678408723323003, 32.592015502421297 ], [ 118.678837313355174, 32.591815550690598 ] ] ], [ [ [ 118.677231017458226, 32.592568249483584 ], [ 118.67701073, 32.5926729 ], [ 118.676741387696381, 32.592799839439195 ], [ 118.677010729228996, 32.592672903481102 ], [ 118.677231017458226, 32.592568249483584 ] ] ], [ [ [ 118.674751894475691, 32.593731755148085 ], [ 118.67468477, 32.59376293 ], [ 118.674604956530857, 32.593800850672935 ], [ 118.674684767016004, 32.593762932169902 ], [ 118.674751894475691, 32.593731755148085 ] ] ], [ [ [ 118.672937983921344, 32.594587260153475 ], [ 118.67282682, 32.59463917 ], [ 118.67235884, 32.59485899 ], [ 118.672229529971204, 32.594919806302613 ], [ 118.672937983921344, 32.594587260153475 ] ] ], [ [ [ 118.670440921462259, 32.595530316545414 ], [ 118.66939837, 32.59585632 ], [ 118.66865202, 32.59609567 ], [ 118.66815611, 32.59624557 ], [ 118.667729823917412, 32.596379434459749 ], [ 118.668652015440998, 32.596095673413799 ], [ 118.670440921462259, 32.595530316545414 ] ] ], [ [ [ 118.667503465553381, 32.596449893825898 ], [ 118.66699369, 32.5965627 ], [ 118.666533731264323, 32.596422630385021 ], [ 118.666993688147002, 32.596562700430297 ], [ 118.667503465553381, 32.596449893825898 ] ] ], [ [ [ 118.666466706181083, 32.596384284090327 ], [ 118.66605483, 32.59614864 ], [ 118.66565073, 32.5961994 ], [ 118.665418776518578, 32.596370635080973 ], [ 118.666054830332996, 32.596148642269597 ], [ 118.666466706181083, 32.596384284090327 ] ] ], [ [ [ 118.663631589217786, 32.597019182260922 ], [ 118.66266342, 32.59610816 ], [ 118.662401504954204, 32.595970858823215 ], [ 118.662663415612002, 32.5961081599091 ], [ 118.663631589217786, 32.597019182260922 ] ] ], [ [ [ 118.659748479317614, 32.596618569072795 ], [ 118.65926185, 32.59675438 ], [ 118.658843509060716, 32.59663181366593 ], [ 118.659261851731998, 32.596754384306301 ], [ 118.659748479317614, 32.596618569072795 ] ] ], [ [ [ 118.657494648999659, 32.596221913588643 ], [ 118.65702783, 32.59607784 ], [ 118.65593024, 32.59602792 ], [ 118.65418898, 32.59640605 ], [ 118.654037379072008, 32.596457724345399 ], [ 118.655930237321996, 32.5960279249664 ], [ 118.657494648999659, 32.596221913588643 ] ] ], [ [ [ 118.653418682133236, 32.596823250981245 ], [ 118.65329385, 32.59697452 ], [ 118.652956762888167, 32.597928294360258 ], [ 118.653293852665996, 32.5969745224563 ], [ 118.653418682133236, 32.596823250981245 ] ] ], [ [ [ 118.650828792708964, 32.600381097990009 ], [ 118.65046754, 32.60046952 ], [ 118.64960935, 32.60031813 ], [ 118.649313501660274, 32.600304847800864 ], [ 118.650467535494002, 32.600469524413398 ], [ 118.650828792708964, 32.600381097990009 ] ] ], [ [ [ 118.646985930513097, 32.598589406246099 ], [ 118.647054162800231, 32.598090211131286 ], [ 118.646985930171994, 32.598589405788204 ], [ 118.646985930513097, 32.598589406246099 ] ] ], [ [ [ 118.64644580336541, 32.597600483063864 ], [ 118.64607788, 32.59746738 ], [ 118.646012871205002, 32.596610167534855 ], [ 118.646077880199996, 32.597467382891097 ], [ 118.64644580336541, 32.597600483063864 ] ] ], [ [ [ 118.64668851168112, 32.594679859884138 ], [ 118.6465442, 32.59460252 ], [ 118.646262922459584, 32.594633421598296 ], [ 118.646544200568002, 32.594602523391202 ], [ 118.64668851168112, 32.594679859884138 ] ] ], [ [ [ 118.645417143637559, 32.594843817021903 ], [ 118.6451061, 32.59465302 ], [ 118.645333677900936, 32.594261756336493 ], [ 118.645106098368998, 32.594653021176597 ], [ 118.645417143637559, 32.594843817021903 ] ] ], [ [ [ 118.644781483478752, 32.593806148615201 ], [ 118.64431078, 32.59366872 ], [ 118.644160135953683, 32.593025200361843 ], [ 118.644310776352, 32.593668724041102 ], [ 118.644781483478752, 32.593806148615201 ] ] ], [ [ [ 118.642594544096625, 32.593379506022956 ], [ 118.642393561018267, 32.593468059551348 ], [ 118.642393561971005, 32.593468060037999 ], [ 118.642594544096625, 32.593379506022956 ] ] ], [ [ [ 118.64219362149224, 32.593365932086101 ], [ 118.64174984, 32.59313925 ], [ 118.64119491, 32.59312718 ], [ 118.64113206, 32.5927864 ], [ 118.641271474321627, 32.592719949599982 ], [ 118.641132057099995, 32.592786399003103 ], [ 118.641194905242003, 32.593127181723403 ], [ 118.641749838213997, 32.593139251238 ], [ 118.64219362149224, 32.593365932086101 ] ] ], [ [ [ 118.641372076652246, 32.592318066706092 ], [ 118.64133374, 32.5920673 ], [ 118.64122719529631, 32.591992368390009 ], [ 118.641333737604995, 32.592067300624102 ], [ 118.641372076652246, 32.592318066706092 ] ] ], [ [ [ 118.640435074716478, 32.590913897929788 ], [ 118.64038765, 32.59086926 ], [ 118.639139, 32.59080532 ], [ 118.638975326669382, 32.590591659802051 ], [ 118.639139002451998, 32.590805324601597 ], [ 118.640435074716478, 32.590913897929788 ] ] ], [ [ [ 118.638961436171499, 32.590590834250733 ], [ 118.63853315, 32.59056538 ], [ 118.638533147883265, 32.590565381656305 ], [ 118.638961436171499, 32.590590834250733 ] ] ], [ [ [ 118.637832723664928, 32.59049883594551 ], [ 118.63762484, 32.59026293 ], [ 118.63724656, 32.58996063 ], [ 118.636966231486255, 32.589861862748663 ], [ 118.637832723664928, 32.59049883594551 ] ] ], [ [ [ 118.63631699475566, 32.589457030061624 ], [ 118.63614959, 32.58927957 ], [ 118.63608576, 32.58867387 ], [ 118.636664791281021, 32.588305268192464 ], [ 118.636085757572005, 32.588673867818201 ], [ 118.636149587950001, 32.589279571537901 ], [ 118.63631699475566, 32.589457030061624 ] ] ], [ [ [ 118.637074684776337, 32.587913129808811 ], [ 118.63708205, 32.58785358 ], [ 118.637082048248587, 32.58785357781818 ], [ 118.637074684776337, 32.587913129808811 ] ] ], [ [ [ 118.636801533595488, 32.587086764013407 ], [ 118.63680063, 32.58705428 ], [ 118.637076163398348, 32.586894200330001 ], [ 118.636800629646004, 32.587054276561901 ], [ 118.636801533595488, 32.587086764013407 ] ] ], [ [ [ 118.637077298035138, 32.586826675673031 ], [ 118.63707317, 32.58673195 ], [ 118.636953912299745, 32.586668619973928 ], [ 118.637073168485003, 32.586731951999603 ], [ 118.637077298035138, 32.586826675673031 ] ] ], [ [ [ 118.636853578877023, 32.586615337044485 ], [ 118.636791701645564, 32.586452484330884 ], [ 118.636853575084999, 32.5866153350307 ], [ 118.636853578877023, 32.586615337044485 ] ] ], [ [ [ 118.63692251625055, 32.585503222393363 ], [ 118.635770610121057, 32.585456390004921 ], [ 118.635770614283004, 32.585456394796502 ], [ 118.63692251625055, 32.585503222393363 ] ] ], [ [ [ 118.635180322261448, 32.58493111310591 ], [ 118.63503396, 32.58487171 ], [ 118.63432619, 32.58485879 ], [ 118.634115517649363, 32.58494077318344 ], [ 118.635180322261448, 32.58493111310591 ] ] ], [ [ [ 118.633544565622671, 32.584505080493926 ], [ 118.63408164, 32.58455226 ], [ 118.634081640389738, 32.584552259231856 ], [ 118.633544564944003, 32.584505078584897 ], [ 118.633544565622671, 32.584505080493926 ] ] ], [ [ [ 118.634462398022862, 32.583800236672126 ], [ 118.63457089, 32.58358483 ], [ 118.63419557, 32.58321251 ], [ 118.633957, 32.58303193 ], [ 118.633936036945329, 32.583036380936548 ], [ 118.634570887788996, 32.583584829083499 ], [ 118.634462398022862, 32.583800236672126 ] ] ], [ [ [ 118.63372093791466, 32.583089541641407 ], [ 118.63366848, 32.58310534 ], [ 118.63348776202578, 32.583394516758418 ], [ 118.633668483422994, 32.583105339483097 ], [ 118.63372093791466, 32.583089541641407 ] ] ], [ [ [ 118.632777910072875, 32.582886707830021 ], [ 118.6324915, 32.58281617 ], [ 118.632491496296225, 32.582816171612507 ], [ 118.632777910072875, 32.582886707830021 ] ] ], [ [ [ 118.631481597587253, 32.582356918700491 ], [ 118.63134245, 32.58223102 ], [ 118.63090214188891, 32.581735486770938 ], [ 118.631342445713003, 32.5822310208857 ], [ 118.631481597587253, 32.582356918700491 ] ] ], [ [ [ 118.630888230314412, 32.581719830353848 ], [ 118.63088823, 32.58171983 ], [ 118.630623362976237, 32.581577099178951 ], [ 118.630888230314412, 32.581719830353848 ] ] ], [ [ [ 118.630610691802801, 32.58157027097149 ], [ 118.63012647, 32.58157295 ], [ 118.63000867, 32.58142316 ], [ 118.629737963441229, 32.581442560251652 ], [ 118.630008667010003, 32.581423163154902 ], [ 118.630126465960004, 32.581572951207498 ], [ 118.630610691802801, 32.58157027097149 ] ] ], [ [ [ 118.629610292972771, 32.581451709786961 ], [ 118.6293247, 32.58186697 ], [ 118.629134667710247, 32.581966851862042 ], [ 118.629324703628001, 32.581866971843098 ], [ 118.629610292972771, 32.581451709786961 ] ] ], [ [ [ 118.628904130660345, 32.581779125056883 ], [ 118.62883548, 32.58171369 ], [ 118.628616880549927, 32.58128797640088 ], [ 118.628835478824001, 32.581713690786501 ], [ 118.628904130660345, 32.581779125056883 ] ] ], [ [ [ 118.628504960111002, 32.581096707998668 ], [ 118.62840422, 32.58093152 ], [ 118.62810700088184, 32.580522480601083 ], [ 118.628404215125997, 32.580931522709797 ], [ 118.628504960111002, 32.581096707998668 ] ] ], [ [ [ 118.628011070921957, 32.580436726565345 ], [ 118.62789205, 32.58035939 ], [ 118.627892050155367, 32.580359392129544 ], [ 118.628011070921957, 32.580436726565345 ] ] ], [ [ [ 118.627895449127806, 32.580405981166642 ], [ 118.62790102, 32.58048234 ], [ 118.627907566412816, 32.580647219106034 ], [ 118.627901023177003, 32.5804823402257 ], [ 118.627895449127806, 32.580405981166642 ] ] ], [ [ [ 118.627916149393471, 32.580790348907691 ], [ 118.62792694, 32.58093416 ], [ 118.627932078371828, 32.58100230099101 ], [ 118.627926942154005, 32.580934163572401 ], [ 118.627916149393471, 32.580790348907691 ] ] ], [ [ [ 118.627609262980727, 32.581856599559799 ], [ 118.62733669, 32.58241148 ], [ 118.627152851522737, 32.582815413853709 ], [ 118.627336693949999, 32.5824114818205 ], [ 118.627609262980727, 32.581856599559799 ] ] ], [ [ [ 118.626831732277921, 32.583489914512413 ], [ 118.62634696, 32.58450011 ], [ 118.62605233, 32.58512929 ], [ 118.625979775770844, 32.585254791031204 ], [ 118.626831732277921, 32.583489914512413 ] ] ], [ [ [ 118.625798590940846, 32.585554265308886 ], [ 118.6256099, 32.58584362 ], [ 118.625404334715029, 32.586168046731594 ], [ 118.625609903802996, 32.585843623099699 ], [ 118.625798590940846, 32.585554265308886 ] ] ], [ [ [ 118.623783005345473, 32.588710160884382 ], [ 118.62363037, 32.58899905 ], [ 118.623523367708472, 32.589221941086947 ], [ 118.623630373615995, 32.5889990540729 ], [ 118.623783005345473, 32.588710160884382 ] ] ], [ [ [ 118.623106888738079, 32.5900382746524 ], [ 118.62267648, 32.59086058 ], [ 118.622654147077697, 32.59090467091238 ], [ 118.622676479066001, 32.590860583184103 ], [ 118.623106888738079, 32.5900382746524 ] ] ], [ [ [ 118.622398184122773, 32.591413278200498 ], [ 118.62236383, 32.59148175 ], [ 118.62225096, 32.59168981 ], [ 118.622241721761853, 32.591707674668925 ], [ 118.622363832690993, 32.591481745624399 ], [ 118.622398184122773, 32.591413278200498 ] ] ], [ [ [ 118.621581994405844, 32.592414328375312 ], [ 118.6212961, 32.59263859 ], [ 118.621252083200915, 32.592674623461832 ], [ 118.621296100460995, 32.592638591740197 ], [ 118.621581994405844, 32.592414328375312 ] ] ], [ [ [ 118.620940502753584, 32.592926220917363 ], [ 118.62091455, 32.59294692 ], [ 118.62081125915752, 32.593026637406808 ], [ 118.620914552209001, 32.592946919339397 ], [ 118.620940502753584, 32.592926220917363 ] ] ], [ [ [ 118.620636854649632, 32.593161620354181 ], [ 118.62012447, 32.59355859 ], [ 118.620015637396335, 32.593644250466326 ], [ 118.620124471509001, 32.5935585908002 ], [ 118.620636854649632, 32.593161620354181 ] ] ], [ [ [ 118.619707015063639, 32.593888011262528 ], [ 118.61934335, 32.59417323 ], [ 118.619174322719758, 32.59430803186963 ], [ 118.619343354519998, 32.594173230242298 ], [ 118.619707015063639, 32.593888011262528 ] ] ], [ [ [ 118.619071466965181, 32.594390057534191 ], [ 118.61896178, 32.59447753 ], [ 118.618813593723175, 32.594589652522806 ], [ 118.618961776389, 32.594477533549203 ], [ 118.619071466965181, 32.594390057534191 ] ] ], [ [ [ 118.61876199914137, 32.594628690365205 ], [ 118.61832848, 32.59481308 ], [ 118.617721219460989, 32.594944957584403 ], [ 118.618328478875995, 32.594813082148299 ], [ 118.61876199914137, 32.594628690365205 ] ] ], [ [ [ 118.616500141699973, 32.595211270249436 ], [ 118.61601097, 32.59531321 ], [ 118.61565835019789, 32.595389206833325 ], [ 118.616010972580995, 32.595313212554402 ], [ 118.616500141699973, 32.595211270249436 ] ] ], [ [ [ 118.615341215487817, 32.595457615354711 ], [ 118.614987, 32.59553409 ], [ 118.614774981381942, 32.595579484445231 ], [ 118.614987000902005, 32.595534092978703 ], [ 118.615341215487817, 32.595457615354711 ] ] ], [ [ [ 118.614227183719379, 32.59569711970024 ], [ 118.61369323, 32.59581215 ], [ 118.613377600102339, 32.595879836185127 ], [ 118.613693234466993, 32.595812151181697 ], [ 118.614227183719379, 32.59569711970024 ] ] ], [ [ [ 118.612922724551353, 32.595978595127448 ], [ 118.61266116, 32.59603595 ], [ 118.612564100684367, 32.596055751187222 ], [ 118.612661164898995, 32.596035950371601 ], [ 118.612922724551353, 32.595978595127448 ] ] ], [ [ [ 118.612205651197172, 32.596131165250739 ], [ 118.61188883, 32.59619952 ], [ 118.61162805, 32.59625771 ], [ 118.611380421261671, 32.596309735962144 ], [ 118.611628048333003, 32.596257711196102 ], [ 118.612205651197172, 32.596131165250739 ] ] ], [ [ [ 118.611056256996946, 32.596378099658757 ], [ 118.61085568, 32.59642125 ], [ 118.610582564828619, 32.596479147751232 ], [ 118.610855677179998, 32.596421254351398 ], [ 118.611056256996946, 32.596378099658757 ] ] ], [ [ [ 118.610139706402222, 32.596572980363057 ], [ 118.60982347, 32.59663994 ], [ 118.60905104, 32.59681243 ], [ 118.60879022, 32.59686659 ], [ 118.60826958, 32.5969789 ], [ 118.608037333529069, 32.597029419939446 ], [ 118.609051038038999, 32.596812431115097 ], [ 118.610139706402222, 32.596572980363057 ] ] ], [ [ [ 118.607573479915303, 32.59712968261055 ], [ 118.60728022, 32.59719246 ], [ 118.607020919684899, 32.597244397753016 ], [ 118.607280224953001, 32.597192463616601 ], [ 118.607573479915303, 32.59712968261055 ] ] ], [ [ [ 118.606281873474373, 32.59738781769483 ], [ 118.60623885, 32.59739602 ], [ 118.606191288484382, 32.597405338971186 ], [ 118.606238854880004, 32.597396019484698 ], [ 118.606281873474373, 32.59738781769483 ] ] ], [ [ [ 118.60443050266224, 32.597754863656967 ], [ 118.60416495, 32.59780699 ], [ 118.603789151152114, 32.5978820528385 ], [ 118.604164952266999, 32.597806994616001 ], [ 118.60443050266224, 32.597754863656967 ] ] ], [ [ [ 118.602684293324529, 32.598096353609137 ], [ 118.60261164, 32.59811061 ], [ 118.60182993, 32.59826788 ], [ 118.60147952779046, 32.598335773765619 ], [ 118.601829934468995, 32.598267882625002 ], [ 118.602684293324529, 32.598096353609137 ] ] ], [ [ [ 118.601088854336069, 32.598415094958462 ], [ 118.60079728, 32.5984762 ], [ 118.600606965856301, 32.598512794657651 ], [ 118.600797281531996, 32.598476201652304 ], [ 118.601088854336069, 32.598415094958462 ] ] ], [ [ [ 118.599805010999987, 32.59866805856533 ], [ 118.59975658, 32.59867748 ], [ 118.59948764, 32.59873254 ], [ 118.599253766003059, 32.598807677340332 ], [ 118.599805010999987, 32.59866805856533 ] ] ], [ [ [ 118.597867829358066, 32.599231899155221 ], [ 118.59773398, 32.59927282 ], [ 118.59748301, 32.59935085 ], [ 118.59673609, 32.59958392 ], [ 118.596677035449417, 32.599694195832249 ], [ 118.597867829358066, 32.599231899155221 ] ] ], [ [ [ 118.596443209409045, 32.60030267267728 ], [ 118.59615501, 32.6011075 ], [ 118.596085, 32.60132444 ], [ 118.59591997, 32.60175832 ], [ 118.59584196, 32.60197525 ], [ 118.595826402661842, 32.602024606957208 ], [ 118.596085001174998, 32.601324438471998 ], [ 118.596443209409045, 32.60030267267728 ] ] ], [ [ [ 118.595315669998016, 32.602420821945323 ], [ 118.59531295, 32.60242217 ], [ 118.595310262994659, 32.602423524870765 ], [ 118.595312951702994, 32.602422169186802 ], [ 118.595315669998016, 32.602420821945323 ] ] ], [ [ [ 118.594367963276, 32.602888585627326 ], [ 118.59415892, 32.60299308 ], [ 118.5939329, 32.60310906 ], [ 118.59347286, 32.603337 ], [ 118.593012812969036, 32.603566938516032 ], [ 118.593932902998006, 32.603109059373203 ], [ 118.594367963276, 32.602888585627326 ] ] ], [ [ [ 118.592867254477213, 32.603480508632941 ], [ 118.59277881, 32.60342799 ], [ 118.5925798, 32.60328004 ], [ 118.59217979, 32.60298714 ], [ 118.59198078, 32.60283619 ], [ 118.59178076, 32.60268823 ], [ 118.59157275, 32.60253828 ], [ 118.591565267098261, 32.602532931756663 ], [ 118.591780764248, 32.6026882348662 ], [ 118.592179788147007, 32.6029871417593 ], [ 118.592778808912996, 32.6034279913275 ], [ 118.592867254477213, 32.603480508632941 ] ] ], [ [ [ 118.590047804071006, 32.601412324155376 ], [ 118.58997555, 32.60135856 ], [ 118.589964654115136, 32.601350350314242 ], [ 118.589975548270004, 32.601358559052201 ], [ 118.590047804071006, 32.601412324155376 ] ] ], [ [ [ 118.589664242091004, 32.601127650034655 ], [ 118.58956848, 32.60105861 ], [ 118.58936844, 32.60091563 ], [ 118.589197203684478, 32.600788966144734 ], [ 118.589664242091004, 32.601127650034655 ] ] ], [ [ [ 118.589112922522148, 32.600726100197562 ], [ 118.58857026, 32.60031871 ], [ 118.588038643988867, 32.59993613312232 ], [ 118.588570260151997, 32.600318711406402 ], [ 118.589112922522148, 32.600726100197562 ] ] ], [ [ [ 118.587761816659736, 32.599728709369835 ], [ 118.58756299, 32.59957976 ], [ 118.58736393, 32.59943177 ], [ 118.587324437411667, 32.599403147891202 ], [ 118.587761816659736, 32.599728709369835 ] ] ], [ [ [ 118.587081140117363, 32.599227928595447 ], [ 118.5869558, 32.59913877 ], [ 118.58656567, 32.59883977 ], [ 118.586443387175891, 32.598752794519562 ], [ 118.586955797046002, 32.599138771099902 ], [ 118.587081140117363, 32.599227928595447 ] ] ], [ [ [ 118.586189363936498, 32.598584654490494 ], [ 118.58601046, 32.59847074 ], [ 118.58556728, 32.59822369 ], [ 118.585447273202647, 32.598156802531612 ], [ 118.586189363936498, 32.598584654490494 ] ] ], [ [ [ 118.584644836447424, 32.597702756309666 ], [ 118.58445678, 32.59759853 ], [ 118.584251293664707, 32.59756944715398 ], [ 118.584456776997996, 32.597598533559299 ], [ 118.584644836447424, 32.597702756309666 ] ] ], [ [ [ 118.583817439599613, 32.597567533698218 ], [ 118.58322407, 32.59767703 ], [ 118.58295591, 32.5977229 ], [ 118.58269474, 32.59776877 ], [ 118.582466136958004, 32.597811271169007 ], [ 118.583224072438995, 32.597677030093301 ], [ 118.583817439599613, 32.597567533698218 ] ] ], [ [ [ 118.581854902056406, 32.597925199170042 ], [ 118.58114167, 32.59805494 ], [ 118.58098675886103, 32.598081324382321 ], [ 118.581141672718999, 32.598054941602697 ], [ 118.581854902056406, 32.597925199170042 ] ] ], [ [ [ 118.580091878620706, 32.598242319772893 ], [ 118.57974461, 32.59818514 ], [ 118.579240543304607, 32.598033690390778 ], [ 118.579744613241999, 32.598185143453698 ], [ 118.580091878620706, 32.598242319772893 ] ] ], [ [ [ 118.578644274921018, 32.59785030641455 ], [ 118.57849462, 32.59780452 ], [ 118.578300975325575, 32.597746668558671 ], [ 118.578494621321994, 32.597804522504198 ], [ 118.578644274921018, 32.59785030641455 ] ] ], [ [ [ 118.57782320162336, 32.597561244691995 ], [ 118.57757485, 32.59743705 ], [ 118.577054315388651, 32.597184332044662 ], [ 118.577574845406005, 32.597437049974801 ], [ 118.57782320162336, 32.597561244691995 ] ] ], [ [ [ 118.575227118842051, 32.596028594080778 ], [ 118.57519767, 32.59600581 ], [ 118.574858655796731, 32.595810573082936 ], [ 118.575197672258, 32.596005812999103 ], [ 118.575227118842051, 32.596028594080778 ] ] ], [ [ [ 118.57283943760325, 32.594204717796735 ], [ 118.57262802, 32.59404632 ], [ 118.572456049255905, 32.59391500693107 ], [ 118.572628018119005, 32.594046324937899 ], [ 118.57283943760325, 32.594204717796735 ] ] ], [ [ [ 118.57235662671691, 32.593840127404114 ], [ 118.57143967, 32.59314153 ], [ 118.570888897352773, 32.592727436846566 ], [ 118.571439670597996, 32.593141534942397 ], [ 118.57235662671691, 32.593840127404114 ] ] ], [ [ [ 118.570329267254166, 32.592300038707847 ], [ 118.57025025, 32.59224168 ], [ 118.570146669754209, 32.592160434402203 ], [ 118.570250245682999, 32.592241678420599 ], [ 118.570329267254166, 32.592300038707847 ] ] ], [ [ [ 118.56970980360687, 32.591823131552815 ], [ 118.56966051, 32.59178623 ], [ 118.56950192113969, 32.591666225498578 ], [ 118.569660512070001, 32.591786233165998 ], [ 118.56970980360687, 32.591823131552815 ] ] ], [ [ [ 118.568908905758903, 32.591212243903229 ], [ 118.5688705, 32.59118261 ], [ 118.568843434617449, 32.591162349674484 ], [ 118.568870499742005, 32.591182610072501 ], [ 118.568908905758903, 32.591212243903229 ] ] ], [ [ [ 118.567774275007068, 32.590353739620504 ], [ 118.56776903, 32.59034969 ], [ 118.56755173, 32.59021949 ], [ 118.566863169567753, 32.589820636147579 ], [ 118.567774275007068, 32.590353739620504 ] ] ], [ [ [ 118.566149676102782, 32.589403427658809 ], [ 118.56601554, 32.58932602 ], [ 118.5657892, 32.58919979 ], [ 118.565142541200615, 32.588954998738068 ], [ 118.566149676102782, 32.589403427658809 ] ] ], [ [ [ 118.564417099429747, 32.588639299319233 ], [ 118.564383842622277, 32.588599597902089 ], [ 118.564417098186993, 32.588639298699299 ], [ 118.564417099429747, 32.588639299319233 ] ] ], [ [ [ 118.563556745570381, 32.587203798257718 ], [ 118.56349875, 32.58706064 ], [ 118.563365417993992, 32.586751138865758 ], [ 118.563498746296005, 32.587060642351403 ], [ 118.563556745570381, 32.587203798257718 ] ] ], [ [ [ 118.563272418730861, 32.586530299968913 ], [ 118.56322936, 32.5864255 ], [ 118.563166406975213, 32.586279022917594 ], [ 118.563229357302006, 32.586425497680899 ], [ 118.563272418730861, 32.586530299968913 ] ] ], [ [ [ 118.563009644291512, 32.585909198856413 ], [ 118.56296097, 32.58578935 ], [ 118.5627787, 32.58536425 ], [ 118.56270059, 32.58515121 ], [ 118.5626140344243, 32.584957609978062 ], [ 118.562700585428004, 32.585151211931603 ], [ 118.562778698076002, 32.585364247094702 ], [ 118.563009644291512, 32.585909198856413 ] ] ], [ [ [ 118.562572990093059, 32.584859709934683 ], [ 118.56243119, 32.58451506 ], [ 118.562384844868276, 32.584410309773752 ], [ 118.562431185440005, 32.584515056744898 ], [ 118.562572990093059, 32.584859709934683 ] ] ], [ [ [ 118.562197429914079, 32.583976718419784 ], [ 118.56215377, 32.58387489 ], [ 118.562131889161122, 32.583815499151633 ], [ 118.562153768284006, 32.583874888391499 ], [ 118.562197429914079, 32.583976718419784 ] ] ], [ [ [ 118.562011997648327, 32.583522980747951 ], [ 118.56198051, 32.58345379 ], [ 118.561945482191803, 32.583368949018542 ], [ 118.561980507708995, 32.583453788066798 ], [ 118.562011997648327, 32.583522980747951 ] ] ], [ [ [ 118.561746397427768, 32.582897670062394 ], [ 118.5617111, 32.58281862 ], [ 118.561625519273775, 32.5826086565515 ], [ 118.561711097674007, 32.582818622844599 ], [ 118.561746397427768, 32.582897670062394 ] ] ], [ [ [ 118.561513407436337, 32.582271083486539 ], [ 118.56148577, 32.58213253 ], [ 118.5614388115536, 32.581895376909429 ], [ 118.561485766136002, 32.582132530801402 ], [ 118.561513407436337, 32.582271083486539 ] ] ], [ [ [ 118.561360079440846, 32.581469804897388 ], [ 118.56125148, 32.58080063 ], [ 118.56117338, 32.58035166 ], [ 118.561157527505699, 32.580270690728717 ], [ 118.561360079440846, 32.581469804897388 ] ] ], [ [ [ 118.561033469170795, 32.579604516894229 ], [ 118.56100817, 32.57945971 ], [ 118.560983740821356, 32.579302378876399 ], [ 118.561008167075002, 32.579459708045299 ], [ 118.561033469170795, 32.579604516894229 ] ] ], [ [ [ 118.560893853941991, 32.578754148523252 ], [ 118.56086099, 32.57856478 ], [ 118.560806173484252, 32.578287941494516 ], [ 118.560860986685, 32.578564780944603 ], [ 118.560893853941991, 32.578754148523252 ] ] ], [ [ [ 118.56067391198242, 32.577536853253136 ], [ 118.56066073, 32.57745184 ], [ 118.56058263, 32.57700687 ], [ 118.56049652, 32.57655989 ], [ 118.56042643, 32.57611692 ], [ 118.56034833, 32.57566595 ], [ 118.56027023, 32.57522498 ], [ 118.560230995970556, 32.575023680426746 ], [ 118.560496515791002, 32.5765598877652 ], [ 118.56067391198242, 32.577536853253136 ] ] ], [ [ [ 118.560167504016405, 32.57467746830838 ], [ 118.56011403, 32.57433303 ], [ 118.560077639236795, 32.574124785942416 ], [ 118.560114025691007, 32.574333025527203 ], [ 118.560167504016405, 32.57467746830838 ] ] ], [ [ [ 118.560012734624891, 32.573764877466978 ], [ 118.55999287, 32.57366106 ], [ 118.559953948605681, 32.573440327708923 ], [ 118.559992865824995, 32.573661056309497 ], [ 118.560012734624891, 32.573764877466978 ] ] ], [ [ [ 118.559824831631374, 32.572705404171494 ], [ 118.55975856, 32.57232612 ], [ 118.559726350241377, 32.572141801501587 ], [ 118.559758557823002, 32.572326123079598 ], [ 118.559824831631374, 32.572705404171494 ] ] ], [ [ [ 118.559563653072345, 32.571212700694929 ], [ 118.55952425, 32.57098719 ], [ 118.559475738215184, 32.570726967842539 ], [ 118.559524247419006, 32.570987186336801 ], [ 118.559563653072345, 32.571212700694929 ] ] ], [ [ [ 118.559419094492853, 32.570430087446461 ], [ 118.55940208, 32.5703432 ], [ 118.559374503299125, 32.570214791819915 ], [ 118.559402079498, 32.570343201212403 ], [ 118.559419094492853, 32.570430087446461 ] ] ], [ [ [ 118.559100739843259, 32.568843744561917 ], [ 118.55904658, 32.56857021 ], [ 118.559006203090235, 32.568393436973977 ], [ 118.559046577298005, 32.568570207723702 ], [ 118.559100739843259, 32.568843744561917 ] ] ], [ [ [ 118.558974012633627, 32.568238002758086 ], [ 118.55890838, 32.5679012 ], [ 118.558880801911172, 32.567760983159062 ], [ 118.558908378498003, 32.5679012016816 ], [ 118.558974012633627, 32.568238002758086 ] ] ], [ [ [ 118.558658145392798, 32.566466170711514 ], [ 118.55870816, 32.56620241 ], [ 118.559760716081243, 32.564376462597203 ], [ 118.558708155939996, 32.566202405499901 ], [ 118.558658145392798, 32.566466170711514 ] ] ], [ [ [ 118.56035545385835, 32.563737015348877 ], [ 118.56047868, 32.56360674 ], [ 118.560701267170316, 32.563375095272377 ], [ 118.560478675783003, 32.563606742745698 ], [ 118.56035545385835, 32.563737015348877 ] ] ], [ [ [ 118.561151985878197, 32.562891375392667 ], [ 118.56131225, 32.56272317 ], [ 118.561384588371126, 32.562645799202926 ], [ 118.561312246860993, 32.562723167324002 ], [ 118.561151985878197, 32.562891375392667 ] ] ], [ [ [ 118.561711010362117, 32.562305501942717 ], [ 118.56181518, 32.56219801 ], [ 118.56198048, 32.56202229 ], [ 118.562152454031605, 32.561845303603626 ], [ 118.561980480051005, 32.562022285223101 ], [ 118.561711010362117, 32.562305501942717 ] ] ], [ [ [ 118.563205778597364, 32.560832545713737 ], [ 118.56321268, 32.56082827 ], [ 118.563231925900567, 32.560816495280392 ], [ 118.563212684928999, 32.560828266845398 ], [ 118.563205778597364, 32.560832545713737 ] ] ], [ [ [ 118.565012527926186, 32.559735117774423 ], [ 118.56537329, 32.55951436 ], [ 118.56559064, 32.55937966 ], [ 118.56602433, 32.55911925 ], [ 118.566287011604217, 32.558959089813257 ], [ 118.565590639348997, 32.559379658124698 ], [ 118.565012527926186, 32.559735117774423 ] ] ], [ [ [ 118.566615108333323, 32.558757458524518 ], [ 118.56667535, 32.55872012 ], [ 118.5671, 32.55846168 ], [ 118.567142781186121, 32.558435592010014 ], [ 118.566615108333323, 32.558757458524518 ] ] ], [ [ [ 118.567988531476701, 32.557917580687402 ], [ 118.56839292, 32.55767334 ], [ 118.568653598720815, 32.55751471841085 ], [ 118.568392919806001, 32.557673335782297 ], [ 118.567988531476701, 32.557917580687402 ] ] ], [ [ [ 118.568954564267955, 32.557329758390168 ], [ 118.56904386, 32.55727414 ], [ 118.56947747, 32.55701167 ], [ 118.569798483307935, 32.556816306884912 ], [ 118.569043855062006, 32.557274141076398 ], [ 118.568954564267955, 32.557329758390168 ] ] ], [ [ [ 118.571080197733608, 32.55603515580038 ], [ 118.57163936, 32.55569616 ], [ 118.57207291, 32.55543164 ], [ 118.572232074782434, 32.555331690080443 ], [ 118.571080197733608, 32.55603515580038 ] ] ], [ [ [ 118.572506257411135, 32.555168350626538 ], [ 118.57272372, 32.55504033 ], [ 118.5728305932127, 32.554977317143234 ], [ 118.572723715847999, 32.555040330874597 ], [ 118.572506257411135, 32.555168350626538 ] ] ], [ [ [ 118.573687214382147, 32.554491903676706 ], [ 118.57380801, 32.55442444 ], [ 118.574147211330768, 32.554239960633467 ], [ 118.573808005911005, 32.554424437520197 ], [ 118.573687214382147, 32.554491903676706 ] ] ], [ [ [ 118.574378741308635, 32.554113941349428 ], [ 118.57515352, 32.55369273 ], [ 118.57559599, 32.55344214 ], [ 118.57604747, 32.55319954 ], [ 118.576156675756565, 32.553139412043492 ], [ 118.575595991902006, 32.553442137207597 ], [ 118.574378741308635, 32.554113941349428 ] ] ], [ [ [ 118.576865738520752, 32.552751467076355 ], [ 118.57694137, 32.55271032 ], [ 118.57738381, 32.55246069 ], [ 118.577494987568471, 32.552399715981608 ], [ 118.577383805045002, 32.552460691868902 ], [ 118.576865738520752, 32.552751467076355 ] ] ], [ [ [ 118.578421993209872, 32.551894587291372 ], [ 118.57872005, 32.55172976 ], [ 118.578941042700976, 32.55160850996716 ], [ 118.578720047036995, 32.551729758464099 ], [ 118.578421993209872, 32.551894587291372 ] ] ], [ [ [ 118.579613820480446, 32.551236429908158 ], [ 118.580081063005963, 32.551147107030353 ], [ 118.579613824194993, 32.551236427845303 ], [ 118.579613820480446, 32.551236429908158 ] ] ], [ [ [ 118.58014548013773, 32.551134867262917 ], [ 118.58039544, 32.55108891 ], [ 118.58091584, 32.55099121 ], [ 118.581863414492162, 32.550801750134191 ], [ 118.58014548013773, 32.551134867262917 ] ] ], [ [ [ 118.58315196776212, 32.550551693763964 ], [ 118.58324141, 32.55053442 ], [ 118.58376173, 32.55043066 ], [ 118.584265701020641, 32.550334196872356 ], [ 118.583761728078002, 32.5504306559261 ], [ 118.58315196776212, 32.550551693763964 ] ] ], [ [ [ 118.584303115497761, 32.550327182396828 ], [ 118.58454317, 32.55028299 ], [ 118.584747416869206, 32.55024467020295 ], [ 118.584543170497994, 32.550282987821198 ], [ 118.584303115497761, 32.550327182396828 ] ] ], [ [ [ 118.585271573195016, 32.550142733107542 ], [ 118.58557571, 32.55008039 ], [ 118.58583583, 32.55003148 ], [ 118.58635707, 32.54992866 ], [ 118.58666121, 32.54981577 ], [ 118.586848161653649, 32.549739546002883 ], [ 118.585271573195016, 32.550142733107542 ] ] ], [ [ [ 118.587344954516979, 32.549536050752351 ], [ 118.58762362, 32.54942111 ], [ 118.5880928, 32.54922126 ], [ 118.58857898, 32.5490274 ], [ 118.589058456927006, 32.548824272348774 ], [ 118.588092801277, 32.5492212566066 ], [ 118.587344954516979, 32.549536050752351 ] ] ], [ [ [ 118.589746544987761, 32.548542968407176 ], [ 118.58977636, 32.54853071 ], [ 118.59024448, 32.54833282 ], [ 118.590343144563761, 32.548292651515233 ], [ 118.590244482822996, 32.548332817404997 ], [ 118.589746544987761, 32.548542968407176 ] ] ], [ [ [ 118.590889809396245, 32.548066923248079 ], [ 118.59096466, 32.54803496 ], [ 118.591572438530363, 32.547783859184371 ], [ 118.590964655758, 32.548034959120898 ], [ 118.590889809396245, 32.548066923248079 ] ] ], [ [ [ 118.593644382890474, 32.546987786212867 ], [ 118.59392907, 32.54689228 ], [ 118.594199334347707, 32.546736326807675 ], [ 118.593929070282002, 32.546892278211601 ], [ 118.593644382890474, 32.546987786212867 ] ] ], [ [ [ 118.594608469503427, 32.546484674867159 ], [ 118.59484412, 32.54632836 ], [ 118.595052082976963, 32.54619851550909 ], [ 118.594844124074001, 32.546328355131799 ], [ 118.594608469503427, 32.546484674867159 ] ] ], [ [ [ 118.595448884812868, 32.545940427338557 ], [ 118.59547814, 32.54592039 ], [ 118.59590313, 32.54564941 ], [ 118.59612013, 32.54551041 ], [ 118.596222099975719, 32.545444138563916 ], [ 118.595478137222003, 32.5459203914223 ], [ 118.595448884812868, 32.545940427338557 ] ] ], [ [ [ 118.59673234984119, 32.545117941828373 ], [ 118.5967541, 32.54510441 ], [ 118.596809288041555, 32.545067790889611 ], [ 118.596754099736998, 32.545104409704201 ], [ 118.59673234984119, 32.545117941828373 ] ] ], [ [ [ 118.597892517566422, 32.544371245151417 ], [ 118.59802098, 32.54428836 ], [ 118.598056887166081, 32.544264691092359 ], [ 118.598020979625005, 32.544288359224304 ], [ 118.597892517566422, 32.544371245151417 ] ] ], [ [ [ 118.598472821831464, 32.543994984221975 ], [ 118.59866289, 32.54387331 ], [ 118.59887085, 32.54373929 ], [ 118.59929678, 32.54346724 ], [ 118.599392730790399, 32.543403089779332 ], [ 118.598472821831464, 32.543994984221975 ] ] ], [ [ [ 118.600091675753958, 32.542950380624326 ], [ 118.60057149, 32.54264505 ], [ 118.600720025241458, 32.542543248202101 ], [ 118.600571488225, 32.5426450476754 ], [ 118.600091675753958, 32.542950380624326 ] ] ], [ [ [ 118.601048919275499, 32.542233672260174 ], [ 118.60114435, 32.54212598 ], [ 118.601269634668043, 32.541997763980433 ], [ 118.601144346187994, 32.542125978717799 ], [ 118.601048919275499, 32.542233672260174 ] ] ], [ [ [ 118.601484271819686, 32.541763830164022 ], [ 118.60163922, 32.54159193 ], [ 118.601696039892772, 32.541531296853435 ], [ 118.601639218046998, 32.541591930153999 ], [ 118.601484271819686, 32.541763830164022 ] ] ], [ [ [ 118.601890643562143, 32.541322590264706 ], [ 118.60213408, 32.54106287 ], [ 118.60220799238904, 32.540977075702706 ], [ 118.602134077166994, 32.541062869708199 ], [ 118.601890643562143, 32.541322590264706 ] ] ], [ [ [ 118.603279708713544, 32.539818691357269 ], [ 118.60327971, 32.53981869 ], [ 118.603284821031266, 32.539813173346083 ], [ 118.603279708713544, 32.539818691357269 ] ] ], [ [ [ 118.603500148224143, 32.539580757315122 ], [ 118.60377453, 32.5392846 ], [ 118.603786201153596, 32.539097326357336 ], [ 118.603774525109003, 32.539284600444702 ], [ 118.603500148224143, 32.539580757315122 ] ] ], [ [ [ 118.603787765382052, 32.538916587599317 ], [ 118.60378257, 32.53878573 ], [ 118.60373963, 32.53833586 ], [ 118.603728754012721, 32.538241661470131 ], [ 118.603787765382052, 32.538916587599317 ] ] ], [ [ [ 118.603710459681437, 32.538030319077237 ], [ 118.60370469, 32.53788499 ], [ 118.60367872, 32.53765906 ], [ 118.603674140929513, 32.537619752638307 ], [ 118.603710459681437, 32.538030319077237 ] ] ], [ [ [ 118.603619963180762, 32.537016798405446 ], [ 118.60361781, 32.53698926 ], [ 118.60360084, 32.53676333 ], [ 118.60358387, 32.53653939 ], [ 118.6035659, 32.53631346 ], [ 118.603536377499424, 32.53603886888844 ], [ 118.603619963180762, 32.537016798405446 ] ] ], [ [ [ 118.602586460649349, 32.533634466714979 ], [ 118.6023947, 32.53319377 ], [ 118.602228783650091, 32.532825397285762 ], [ 118.602394695195002, 32.533193766150802 ], [ 118.602586460649349, 32.533634466714979 ] ] ], [ [ [ 118.601419712375488, 32.530997309042007 ], [ 118.60126636, 32.53066084 ], [ 118.60108446, 32.53023801 ], [ 118.600982778315029, 32.530012797584924 ], [ 118.601266356506997, 32.530660842865998 ], [ 118.601419712375488, 32.530997309042007 ] ] ], [ [ [ 118.600602287322033, 32.529152451892124 ], [ 118.60051976, 32.52897052 ], [ 118.600397830610419, 32.528607651816621 ], [ 118.600519760167998, 32.528970524738099 ], [ 118.600602287322033, 32.529152451892124 ] ] ], [ [ [ 118.600391600056227, 32.528585091441606 ], [ 118.60027691, 32.5281698 ], [ 118.600259478739403, 32.528095027036265 ], [ 118.600276908422998, 32.5281698015365 ], [ 118.600391600056227, 32.528585091441606 ] ] ], [ [ [ 118.600084901698807, 32.527442947822806 ], [ 118.60004306, 32.52729109 ], [ 118.59995035721046, 32.526958183757799 ], [ 118.600043058235002, 32.527291090885299 ], [ 118.600084901698807, 32.527442947822806 ] ] ], [ [ [ 118.599836157806976, 32.526547376346549 ], [ 118.59979921, 32.52641438 ], [ 118.599772137635895, 32.525409796373204 ], [ 118.599799207857998, 32.526414379522699 ], [ 118.599836157806976, 32.526547376346549 ] ] ], [ [ [ 118.599791330695822, 32.52509669917535 ], [ 118.60029424, 32.52450068 ], [ 118.60072813, 32.52424359 ], [ 118.6008851788676, 32.524147995351861 ], [ 118.600294239958998, 32.5245006763014 ], [ 118.599791330695822, 32.52509669917535 ] ] ], [ [ [ 118.601064375133461, 32.524043626562317 ], [ 118.60138794, 32.52385944 ], [ 118.6018308, 32.52360533 ], [ 118.602144500343073, 32.523420540235122 ], [ 118.601064375133461, 32.524043626562317 ] ] ], [ [ [ 118.603631164484327, 32.523304754820032 ], [ 118.60391293, 32.52330148 ], [ 118.604094711850635, 32.523298247484853 ], [ 118.603912926541, 32.523301478471403 ], [ 118.603631164484327, 32.523304754820032 ] ] ], [ [ [ 118.604658435922374, 32.52329127114438 ], [ 118.60497139, 32.52328995 ], [ 118.605268014682835, 32.523284187850926 ], [ 118.604971388392997, 32.523289945859403 ], [ 118.604658435922374, 32.52329127114438 ] ] ], [ [ [ 118.607636581126329, 32.523070779810816 ], [ 118.60784468, 32.52302033 ], [ 118.608127901401673, 32.522953180744175 ], [ 118.607844675009005, 32.523020328505197 ], [ 118.607636581126329, 32.523070779810816 ] ] ], [ [ [ 118.608603116981087, 32.522840623238963 ], [ 118.60938961, 32.52265638 ], [ 118.609736784292565, 32.522401356024808 ], [ 118.609389610863005, 32.522656375124697 ], [ 118.608603116981087, 32.522840623238963 ] ] ], [ [ [ 118.61034160161357, 32.521180171359809 ], [ 118.61038699, 32.52105603 ], [ 118.610405651132737, 32.521014105937269 ], [ 118.610386989876005, 32.521056029390799 ], [ 118.61034160161357, 32.521180171359809 ] ] ], [ [ [ 118.610730480585048, 32.520266398935505 ], [ 118.61086471, 32.51996892 ], [ 118.61114254, 32.51933486 ], [ 118.611241961289565, 32.519103607654763 ], [ 118.610730480585048, 32.520266398935505 ] ] ], [ [ [ 118.61155757748972, 32.518387183796889 ], [ 118.61160225, 32.51827774 ], [ 118.611640317521676, 32.518187477982444 ], [ 118.611602247191001, 32.518277742002397 ], [ 118.61155757748972, 32.518387183796889 ] ] ], [ [ [ 118.611887659370439, 32.517220168819676 ], [ 118.61201005, 32.51663979 ], [ 118.612046205513565, 32.516455615576781 ], [ 118.612010047666004, 32.516639790987 ], [ 118.611887659370439, 32.517220168819676 ] ] ], [ [ [ 118.612130087707882, 32.516053010242302 ], [ 118.61214899, 32.51597083 ], [ 118.612213972566479, 32.51559998681951 ], [ 118.612148988149997, 32.5159708304597 ], [ 118.612130087707882, 32.516053010242302 ] ] ], [ [ [ 118.61223472005733, 32.515489966391691 ], [ 118.61232292, 32.51508189 ], [ 118.612385508612547, 32.514762270139059 ], [ 118.612322917148006, 32.515081889560797 ], [ 118.61223472005733, 32.515489966391691 ] ] ], [ [ [ 118.612320826718204, 32.514483185329297 ], [ 118.61218412, 32.51423519 ], [ 118.612083640955959, 32.514047072079975 ], [ 118.612184116904999, 32.514235191965497 ], [ 118.612320826718204, 32.514483185329297 ] ] ], [ [ [ 118.611839847131407, 32.51359844941274 ], [ 118.61174058, 32.51341873 ], [ 118.611652197569612, 32.513257626106395 ], [ 118.611740575767001, 32.513418729254198 ], [ 118.611839847131407, 32.51359844941274 ] ] ], [ [ [ 118.611433861311482, 32.512859560614771 ], [ 118.61140292, 32.51280313 ], [ 118.611344014679048, 32.512697276266842 ], [ 118.611402918519005, 32.512803131362602 ], [ 118.611433861311482, 32.512859560614771 ] ] ], [ [ [ 118.61098735857999, 32.512040432687449 ], [ 118.61096036, 32.51198965 ], [ 118.61072559, 32.51157892 ], [ 118.6106127, 32.51137305 ], [ 118.61039591, 32.5109673 ], [ 118.61027403, 32.51074144 ], [ 118.610192607791305, 32.510674959133517 ], [ 118.61098735857999, 32.512040432687449 ] ] ], [ [ [ 118.609161767068727, 32.509824819173353 ], [ 118.60893814, 32.50964163 ], [ 118.60874729, 32.50948779 ], [ 118.608464225003374, 32.509254433797516 ], [ 118.608747290297003, 32.509487794051502 ], [ 118.609161767068727, 32.509824819173353 ] ] ], [ [ [ 118.608270707905788, 32.509094563461851 ], [ 118.60817374, 32.50901428 ], [ 118.608129763547424, 32.508977911754833 ], [ 118.608173736924002, 32.509014278806099 ], [ 118.608270707905788, 32.509094563461851 ] ] ], [ [ [ 118.607696175542813, 32.508621576840227 ], [ 118.60760117, 32.50854375 ], [ 118.607548646684123, 32.508502795163885 ], [ 118.607601167026004, 32.5085437490525 ], [ 118.607696175542813, 32.508621576840227 ] ] ], [ [ [ 118.606422172843835, 32.507581829090718 ], [ 118.60625612, 32.5074458 ], [ 118.60606524, 32.50728994 ], [ 118.60589236, 32.50710308 ], [ 118.605841767766236, 32.507049118837095 ], [ 118.606422172843835, 32.507581829090718 ] ] ], [ [ [ 118.605503231093763, 32.506696600250521 ], [ 118.6052328, 32.50640259 ], [ 118.60495255929365, 32.50611329429519 ], [ 118.605232796934999, 32.506402593880203 ], [ 118.605503231093763, 32.506696600250521 ] ] ], [ [ [ 118.60381944664509, 32.504919539460268 ], [ 118.60372171, 32.50482069 ], [ 118.6033929, 32.50446692 ], [ 118.603309644377106, 32.504382721282525 ], [ 118.603721714130998, 32.504820694865302 ], [ 118.60381944664509, 32.504919539460268 ] ] ], [ [ [ 118.603034837831999, 32.504091839205884 ], [ 118.60295014, 32.50400022 ], [ 118.602847139128727, 32.504009425161421 ], [ 118.602950140226994, 32.504000222369903 ], [ 118.603034837831999, 32.504091839205884 ] ] ], [ [ [ 118.602231504019528, 32.504057615331696 ], [ 118.60215147, 32.50406355 ], [ 118.60162167, 32.50410475 ], [ 118.601319771238181, 32.504125987158091 ], [ 118.601621665300996, 32.504104754514898 ], [ 118.602231504019528, 32.504057615331696 ] ] ], [ [ [ 118.599484030359747, 32.50426951183082 ], [ 118.59924438, 32.50428752 ], [ 118.598526545493939, 32.504344501301539 ], [ 118.599244383748996, 32.504287523667301 ], [ 118.599484030359747, 32.50426951183082 ] ] ], [ [ [ 118.59727706451234, 32.504438168163816 ], [ 118.59685781, 32.50447305 ], [ 118.596420202379292, 32.504508632353428 ], [ 118.596857814878007, 32.5044730545372 ], [ 118.59727706451234, 32.504438168163816 ] ] ], [ [ [ 118.59589717224523, 32.504546733181733 ], [ 118.59552993, 32.50457524 ], [ 118.595122023476407, 32.504605359907771 ], [ 118.595529927488002, 32.504575244303801 ], [ 118.59589717224523, 32.504546733181733 ] ] ], [ [ [ 118.59474696353476, 32.504633967178364 ], [ 118.59447095, 32.50465534 ], [ 118.594391681840847, 32.504662053403322 ], [ 118.594470951576994, 32.504655341218303 ], [ 118.59474696353476, 32.504633967178364 ] ] ], [ [ [ 118.593855515849938, 32.504703576476757 ], [ 118.59368193, 32.50471638 ], [ 118.592506655600772, 32.504810028025439 ], [ 118.593681931215002, 32.504716381406602 ], [ 118.593855515849938, 32.504703576476757 ] ] ], [ [ [ 118.591035560005054, 32.504920863122805 ], [ 118.59076557, 32.50494329 ], [ 118.590658235215074, 32.504952457298586 ], [ 118.590765570824999, 32.504943292788703 ], [ 118.591035560005054, 32.504920863122805 ] ] ], [ [ [ 118.590190541639615, 32.504988175233187 ], [ 118.59003641, 32.50499921 ], [ 118.5893333, 32.50431627 ], [ 118.58881011917093, 32.503816115263938 ], [ 118.590036410270997, 32.504999212183101 ], [ 118.590190541639615, 32.504988175233187 ] ] ], [ [ [ 118.588786673727697, 32.50379277787269 ], [ 118.58846612, 32.5034723 ], [ 118.588289519790422, 32.50330636102467 ], [ 118.588466119082995, 32.503472303963399 ], [ 118.588786673727697, 32.50379277787269 ] ] ], [ [ [ 118.587503332571202, 32.502538461587882 ], [ 118.58740685, 32.5024473 ], [ 118.587359709521024, 32.502285079395833 ], [ 118.587406847595005, 32.502447301024702 ], [ 118.587503332571202, 32.502538461587882 ] ] ], [ [ [ 118.587321519929333, 32.50199191899388 ], [ 118.58732887, 32.5018944 ], [ 118.587331577023704, 32.501827489696552 ], [ 118.587328868975007, 32.501894397488698 ], [ 118.587321519929333, 32.50199191899388 ] ] ], [ [ [ 118.587383276863903, 32.500713924255805 ], [ 118.58739002, 32.50054669 ], [ 118.587401437798675, 32.500395783195529 ], [ 118.587390015441002, 32.500546688500698 ], [ 118.587383276863903, 32.500713924255805 ] ] ], [ [ [ 118.587411238595323, 32.50011208395496 ], [ 118.58741609, 32.49986983 ], [ 118.587422408650241, 32.499785946391292 ], [ 118.587416087194001, 32.499869832601398 ], [ 118.587411238595323, 32.50011208395496 ] ] ], [ [ [ 118.587439296516678, 32.499491135382705 ], [ 118.58745917, 32.49918998 ], [ 118.58746819, 32.49896503 ], [ 118.587468209999741, 32.498741072850251 ], [ 118.587439296516678, 32.499491135382705 ] ] ], [ [ [ 118.587497405437674, 32.498251698279837 ], [ 118.58751129, 32.49806422 ], [ 118.58751651217311, 32.497934563052297 ], [ 118.587511287869006, 32.498064219530399 ], [ 118.587497405437674, 32.498251698279837 ] ] ], [ [ [ 118.587522291629568, 32.497785248315516 ], [ 118.58752834, 32.49761731 ], [ 118.587539458352893, 32.497338796492699 ], [ 118.587528335070999, 32.4976173131016 ], [ 118.587522291629568, 32.497785248315516 ] ] ], [ [ [ 118.587576653302463, 32.496584958628347 ], [ 118.58758046, 32.49649055 ], [ 118.587587200736635, 32.496406028943255 ], [ 118.587580457339001, 32.496490549760203 ], [ 118.587576653302463, 32.496584958628347 ] ] ], [ [ [ 118.587598494677451, 32.496154538747156 ], [ 118.58759851, 32.49603964 ], [ 118.587609945463541, 32.495887827838629 ], [ 118.587598505206003, 32.496039643330199 ], [ 118.587598494677451, 32.496154538747156 ] ] ], [ [ [ 118.587629530038569, 32.495445082533081 ], [ 118.58765061, 32.49513883 ], [ 118.587658618257379, 32.494808831424542 ], [ 118.587650606566996, 32.495138832869998 ], [ 118.587629530038569, 32.495445082533081 ] ] ], [ [ [ 118.587672415033808, 32.494555437844873 ], [ 118.58767568, 32.49446397 ], [ 118.587682117553015, 32.494304137406054 ], [ 118.5876756774, 32.4944639710559 ], [ 118.587672415033808, 32.494555437844873 ] ] ], [ [ [ 118.587713355755312, 32.493723908403737 ], [ 118.58774583, 32.49311425 ], [ 118.587739441842288, 32.492891631951409 ], [ 118.587745826076002, 32.493114249736699 ], [ 118.587713355755312, 32.493723908403737 ] ] ], [ [ [ 118.587731258971516, 32.492660625278965 ], [ 118.58771989, 32.49235039 ], [ 118.587715908625057, 32.492250319757353 ], [ 118.587719886805999, 32.4923503923251 ], [ 118.587731258971516, 32.492660625278965 ] ] ], [ [ [ 118.587695911581648, 32.491749961760441 ], [ 118.58768496, 32.49145156 ], [ 118.58767292494511, 32.491292207089579 ], [ 118.587684956638995, 32.4914515581019 ], [ 118.587695911581648, 32.491749961760441 ] ] ], [ [ [ 118.587663529285209, 32.491114365631717 ], [ 118.58765901, 32.49077668 ], [ 118.58765003, 32.49054672 ], [ 118.587646344774271, 32.490454097446687 ], [ 118.587663529285209, 32.491114365631717 ] ] ], [ [ [ 118.587625426055396, 32.489999871950886 ], [ 118.58761508, 32.48986985 ], [ 118.587611255478578, 32.489764084511201 ], [ 118.587615076315004, 32.489869845178802 ], [ 118.587625426055396, 32.489999871950886 ] ] ], [ [ [ 118.58759383166813, 32.489315276117026 ], [ 118.58758915, 32.48897101 ], [ 118.58691314, 32.48626236 ], [ 118.586889584080268, 32.485261128099111 ], [ 118.586913139160004, 32.486262357427997 ], [ 118.58759383166813, 32.489315276117026 ] ] ], [ [ [ 118.588201615142765, 32.48134115987542 ], [ 118.58821407, 32.48130654 ], [ 118.588223382256288, 32.481279817977054 ], [ 118.588214067764, 32.481306544955999 ], [ 118.588201615142765, 32.48134115987542 ] ] ], [ [ [ 118.58920926002736, 32.480479762537932 ], [ 118.58997569, 32.47998005 ], [ 118.59039281, 32.47970414 ], [ 118.59080892, 32.47942423 ], [ 118.591154477433804, 32.47920155639887 ], [ 118.590808916659995, 32.479424225889503 ], [ 118.58920926002736, 32.480479762537932 ] ] ], [ [ [ 118.591706284671602, 32.478872113665204 ], [ 118.59193715, 32.47884639 ], [ 118.592378519919706, 32.47880912847512 ], [ 118.591937151861998, 32.478846385401098 ], [ 118.591706284671602, 32.478872113665204 ] ] ], [ [ [ 118.593492693288539, 32.478713616759336 ], [ 118.59377732, 32.47868739 ], [ 118.594165235619442, 32.478654922498755 ], [ 118.593777319246996, 32.478687387960299 ], [ 118.593492693288539, 32.478713616759336 ] ] ], [ [ [ 118.595797651863592, 32.478546761403614 ], [ 118.59592029, 32.4785392 ], [ 118.596422217780017, 32.478506922051622 ], [ 118.595920286620995, 32.478539198122903 ], [ 118.595797651863592, 32.478546761403614 ] ] ], [ [ [ 118.596456983959925, 32.478504717824599 ], [ 118.59671921, 32.47848908 ], [ 118.59724815, 32.47845698 ], [ 118.59751711, 32.47843993 ], [ 118.597948475586193, 32.478411341070959 ], [ 118.596456983959925, 32.478504717824599 ] ] ], [ [ [ 118.598386538767272, 32.478384765762712 ], [ 118.59989459, 32.47829132 ], [ 118.60043344, 32.47825615 ], [ 118.600911851044387, 32.478228374678608 ], [ 118.598386538767272, 32.478384765762712 ] ] ], [ [ [ 118.600984380748102, 32.478223938176335 ], [ 118.60149209, 32.47819078 ], [ 118.601649599336852, 32.478181929252209 ], [ 118.601492088165998, 32.478190775416898 ], [ 118.600984380748102, 32.478223938176335 ] ] ], [ [ [ 118.602089907240185, 32.478153439034458 ], [ 118.60228179, 32.47814047 ], [ 118.60255068, 32.47812636 ], [ 118.602730082108721, 32.478115933578117 ], [ 118.602089907240185, 32.478153439034458 ] ] ], [ [ [ 118.603043528827897, 32.477673247434311 ], [ 118.60306253, 32.47742425 ], [ 118.60315857, 32.47652437 ], [ 118.603174204482087, 32.476316673120749 ], [ 118.603062527462001, 32.477424254347198 ], [ 118.603043528827897, 32.477673247434311 ] ] ], [ [ [ 118.603262959922986, 32.475350566348453 ], [ 118.60327964, 32.47517654 ], [ 118.60330140366807, 32.474988676151078 ], [ 118.603279636533998, 32.475176541572303 ], [ 118.603262959922986, 32.475350566348453 ] ] ], [ [ [ 118.603361188379765, 32.474352402826341 ], [ 118.60339269, 32.47405068 ], [ 118.603458432641148, 32.473374443529345 ], [ 118.60339268832, 32.474050680143797 ], [ 118.603361188379765, 32.474352402826341 ] ] ], [ [ [ 118.603482109145958, 32.473132155192026 ], [ 118.603513749964733, 32.472817830350323 ], [ 118.603513745566005, 32.472817830588902 ], [ 118.603482109145958, 32.473132155192026 ] ] ], [ [ [ 118.603558296191579, 32.472815414283339 ], [ 118.6040345, 32.47278959 ], [ 118.60433814835018, 32.472771932283464 ], [ 118.604034500267005, 32.472789586260902 ], [ 118.603558296191579, 32.472815414283339 ] ] ], [ [ [ 118.605349334439154, 32.472713909247481 ], [ 118.60563167, 32.47269777 ], [ 118.60616936, 32.47266947 ], [ 118.60669004, 32.47264117 ], [ 118.60722871, 32.47260785 ], [ 118.6076009778714, 32.472590012971381 ], [ 118.607228706662994, 32.472607848432297 ], [ 118.606690043490005, 32.472641169775201 ], [ 118.605631665418002, 32.472697768860201 ], [ 118.605349334439154, 32.472713909247481 ] ] ], [ [ [ 118.607890488309806, 32.472580446438805 ], [ 118.60822604, 32.47257522 ], [ 118.608495859259151, 32.472573040005983 ], [ 118.608226043789003, 32.472575218268801 ], [ 118.607890488309806, 32.472580446438805 ] ] ], [ [ [ 118.609699130286046, 32.472587871450926 ], [ 118.60982288, 32.47259112 ], [ 118.61008368, 32.47259493 ], [ 118.61062125, 32.47260153 ], [ 118.610685520782397, 32.47260195643895 ], [ 118.609699130286046, 32.472587871450926 ] ] ], [ [ [ 118.611070138098967, 32.472607851345607 ], [ 118.61115981, 32.47261012 ], [ 118.611285774610295, 32.472611020497631 ], [ 118.611159810634007, 32.472610117749603 ], [ 118.611070138098967, 32.472607851345607 ] ] ], [ [ [ 118.611962782376523, 32.47261620413984 ], [ 118.61221891, 32.47262028 ], [ 118.61257156402425, 32.47261971852209 ], [ 118.612218906981994, 32.472620278838001 ], [ 118.611962782376523, 32.47261620413984 ] ] ], [ [ [ 118.612891571629604, 32.472626040345666 ], [ 118.6130082, 32.47262863 ], [ 118.613494538259204, 32.472634087441627 ], [ 118.613008200362998, 32.4726286260682 ], [ 118.612891571629604, 32.472626040345666 ] ] ], [ [ [ 118.613910320893254, 32.47263939700516 ], [ 118.61434494, 32.47264647 ], [ 118.61461368, 32.47265023 ], [ 118.614789246093579, 32.472648715916492 ], [ 118.613910320893254, 32.47263939700516 ] ] ], [ [ [ 118.615869915260561, 32.472658534921877 ], [ 118.61620206, 32.47266575 ], [ 118.61660165, 32.47253939 ], [ 118.61682642, 32.47240919 ], [ 118.617156047219893, 32.472211671574534 ], [ 118.616601645577006, 32.4725393858388 ], [ 118.615869915260561, 32.472658534921877 ] ] ], [ [ [ 118.617331424185295, 32.472103980314692 ], [ 118.61746875, 32.47201662 ], [ 118.61771061844054, 32.471872235884668 ], [ 118.617468749957993, 32.472016617803703 ], [ 118.617331424185295, 32.472103980314692 ] ] ], [ [ [ 118.618905508951457, 32.471166148291907 ], [ 118.61899609, 32.4711132 ], [ 118.61921385, 32.47097799 ], [ 118.61964736, 32.47072257 ], [ 118.62034652018616, 32.470514072942073 ], [ 118.618905508951457, 32.471166148291907 ] ] ], [ [ [ 118.622418868884992, 32.470026588370651 ], [ 118.62258074, 32.46999039 ], [ 118.62287327877651, 32.46992459939591 ], [ 118.622580740231996, 32.469990387276198 ], [ 118.622418868884992, 32.470026588370651 ] ] ], [ [ [ 118.623043417036513, 32.469893458578156 ], [ 118.62350949, 32.47008327 ], [ 118.62398683, 32.47028766 ], [ 118.624416142561628, 32.470465188101514 ], [ 118.623509494043006, 32.470083268685698 ], [ 118.623043417036513, 32.469893458578156 ] ] ], [ [ [ 118.624842701573201, 32.470648231631444 ], [ 118.62517613, 32.47078611 ], [ 118.625612535026036, 32.470971131833373 ], [ 118.625176125864002, 32.470786105286798 ], [ 118.624842701573201, 32.470648231631444 ] ] ], [ [ [ 118.626217829882052, 32.471226374952288 ], [ 118.62678074, 32.47155493 ], [ 118.62693127231195, 32.47168612474298 ], [ 118.626780739623996, 32.471554925919399 ], [ 118.626217829882052, 32.471226374952288 ] ] ], [ [ [ 118.627235369456429, 32.471959266114283 ], [ 118.62732788, 32.47204913 ], [ 118.627602641689606, 32.472294510291142 ], [ 118.627327883231999, 32.472049126513802 ], [ 118.627235369456429, 32.471959266114283 ] ] ], [ [ [ 118.628038357750896, 32.472699317411397 ], [ 118.62804874, 32.47270906 ], [ 118.628084765233851, 32.472740735893048 ], [ 118.628048737843997, 32.472709057910699 ], [ 118.628038357750896, 32.472699317411397 ] ] ], [ [ [ 118.628942966648566, 32.473414352401093 ], [ 118.62921986, 32.47349034 ], [ 118.629513929790832, 32.473441980978947 ], [ 118.629219864956994, 32.473490337493203 ], [ 118.628942966648566, 32.473414352401093 ] ] ], [ [ [ 118.630011187212716, 32.473364275534813 ], [ 118.63026124, 32.47332692 ], [ 118.6307904, 32.47324219 ], [ 118.63141091240135, 32.473141656367105 ], [ 118.630011187212716, 32.473364275534813 ] ] ], [ [ [ 118.632585702061306, 32.472954882696534 ], [ 118.63288199, 32.47291022 ], [ 118.63298033309151, 32.472893977693801 ], [ 118.632881989328993, 32.472910219079999 ], [ 118.632585702061306, 32.472954882696534 ] ] ], [ [ [ 118.633747780458762, 32.472770304007156 ], [ 118.63392424, 32.4727427 ], [ 118.634634564685953, 32.472626983748583 ], [ 118.633924238698, 32.4727426980361 ], [ 118.633747780458762, 32.472770304007156 ] ] ], [ [ [ 118.635109595339657, 32.472551359172968 ], [ 118.63548655, 32.47249437 ], [ 118.635730417030146, 32.472454817890949 ], [ 118.635486552380002, 32.472494366676003 ], [ 118.635109595339657, 32.472551359172968 ] ] ], [ [ [ 118.636538142669224, 32.472471937068299 ], [ 118.63654468, 32.47247273 ], [ 118.63679722, 32.47250333 ], [ 118.636883362012355, 32.472513136946667 ], [ 118.636538142669224, 32.472471937068299 ] ] ], [ [ [ 118.63771415845973, 32.472611916411985 ], [ 118.6378553, 32.47262964 ], [ 118.638158470227708, 32.472666556612268 ], [ 118.637855296870001, 32.472629635616698 ], [ 118.63771415845973, 32.472611916411985 ] ] ], [ [ [ 118.63842328725859, 32.472891492761789 ], [ 118.63860186, 32.47332532 ], [ 118.63868868, 32.47353415 ], [ 118.63887929, 32.47396177 ], [ 118.63905293, 32.47438742 ], [ 118.639093931899936, 32.47448444818086 ], [ 118.638879291563995, 32.473961769654998 ], [ 118.63842328725859, 32.472891492761789 ] ] ], [ [ [ 118.639340836436588, 32.475063138506087 ], [ 118.63940919, 32.4752307 ], [ 118.639801030482957, 32.47614588808932 ], [ 118.639409189378995, 32.475230695659199 ], [ 118.639340836436588, 32.475063138506087 ] ] ], [ [ [ 118.639920608977832, 32.476434486787902 ], [ 118.63999097, 32.47659851 ], [ 118.640057476422498, 32.476652816193806 ], [ 118.639990973151001, 32.476598511470002 ], [ 118.639920608977832, 32.476434486787902 ] ] ], [ [ [ 118.640534790084644, 32.477043670372325 ], [ 118.64056385, 32.47706749 ], [ 118.64075447, 32.47722315 ], [ 118.64094509, 32.4773798 ], [ 118.640969307739809, 32.477399523282088 ], [ 118.640754471942998, 32.477223146313897 ], [ 118.640534790084644, 32.477043670372325 ] ] ], [ [ [ 118.641987057511756, 32.478236917297785 ], [ 118.64209081, 32.47832273 ], [ 118.642238066485532, 32.478447433981025 ], [ 118.642090809067, 32.4783227262457 ], [ 118.641987057511756, 32.478236917297785 ] ] ], [ [ [ 118.643055536383883, 32.478726185557335 ], [ 118.64312376, 32.47872491 ], [ 118.643254704916458, 32.478724199229191 ], [ 118.643123762886006, 32.478724909266198 ], [ 118.643055536383883, 32.478726185557335 ] ] ], [ [ [ 118.644743795256673, 32.478775530359471 ], [ 118.64551101, 32.47888477 ], [ 118.645611312038781, 32.478909852678903 ], [ 118.645511013386994, 32.4788847701385 ], [ 118.644743795256673, 32.478775530359471 ] ] ], [ [ [ 118.64753387777526, 32.479226150027785 ], [ 118.6477315, 32.47897085 ], [ 118.64793016, 32.47820163 ], [ 118.648189970753023, 32.477991342849378 ], [ 118.647930158036999, 32.478201626036899 ], [ 118.64753387777526, 32.479226150027785 ] ] ], [ [ [ 118.648568202417493, 32.478050745210581 ], [ 118.64880037, 32.47810909 ], [ 118.653577390440006, 32.476442009215184 ], [ 118.648800370049997, 32.478109086521897 ], [ 118.648568202417493, 32.478050745210581 ] ] ], [ [ [ 118.666914024928857, 32.472217245314617 ], [ 118.66774861, 32.47200453 ], [ 118.668164011929889, 32.471989131015093 ], [ 118.667748609757993, 32.472004527861898 ], [ 118.666914024928857, 32.472217245314617 ] ] ], [ [ [ 118.66911639101447, 32.472141245550432 ], [ 118.67005841, 32.47230805 ], [ 118.672992639609177, 32.47331986471864 ], [ 118.670058414417994, 32.472308047358297 ], [ 118.66911639101447, 32.472141245550432 ] ] ], [ [ [ 118.684458081430435, 32.47544702711653 ], [ 118.68575295, 32.47498236 ], [ 118.686152150062199, 32.474574719657596 ], [ 118.685752945881006, 32.474982358003501 ], [ 118.684458081430435, 32.47544702711653 ] ] ], [ [ [ 118.686352373476367, 32.473472433647977 ], [ 118.68712464, 32.46922089 ], [ 118.68743718, 32.46723466 ], [ 118.687392440716948, 32.466810914465768 ], [ 118.687437176474006, 32.467234660045897 ], [ 118.686352373476367, 32.473472433647977 ] ] ], [ [ [ 118.687235038905413, 32.465800837734108 ], [ 118.68715892, 32.46545543 ], [ 118.686506522871227, 32.464201034526084 ], [ 118.687158916548995, 32.465455430552197 ], [ 118.687235038905413, 32.465800837734108 ] ] ], [ [ [ 118.685877196697504, 32.462485819032139 ], [ 118.68570927, 32.46180956 ], [ 118.685625015003183, 32.461465840810789 ], [ 118.685709267842995, 32.461809559425703 ], [ 118.685877196697504, 32.462485819032139 ] ] ], [ [ [ 118.685484126721903, 32.46038231629506 ], [ 118.68557074, 32.4598911 ], [ 118.686194209984038, 32.457824962392635 ], [ 118.685570736551, 32.459891095845698 ], [ 118.685484126721903, 32.46038231629506 ] ] ], [ [ [ 118.684217446184647, 32.447832929464731 ], [ 118.68173348, 32.43195469 ], [ 118.68185537, 32.43032665 ], [ 118.682647629351067, 32.427424151598416 ], [ 118.681855366584998, 32.4303266497189 ], [ 118.681733476329995, 32.431954691734198 ], [ 118.684217446184647, 32.447832929464731 ] ] ], [ [ [ 118.683842905904598, 32.42201698622921 ], [ 118.68384295, 32.42156395 ], [ 118.68372132, 32.42034829 ], [ 118.681805381327351, 32.412382284174534 ], [ 118.683721318918003, 32.4203482896068 ], [ 118.683842905904598, 32.42201698622921 ] ] ], [ [ [ 118.681184920638032, 32.409712889297033 ], [ 118.68058826, 32.40711518 ], [ 118.68017925, 32.40595203 ], [ 118.679747791530588, 32.405257380561096 ], [ 118.680179247800993, 32.405952029656603 ], [ 118.680588255328999, 32.407115182358602 ], [ 118.681184920638032, 32.409712889297033 ] ] ], [ [ [ 118.674246788676427, 32.397210624128149 ], [ 118.674242080061859, 32.397203800089642 ], [ 118.674242080103994, 32.397203800153797 ], [ 118.674246788676427, 32.397210624128149 ] ] ], [ [ [ 118.674240092609423, 32.397200774464793 ], [ 118.67352178, 32.39610724 ], [ 118.673383170312349, 32.395217562004845 ], [ 118.673521779680996, 32.396107241148499 ], [ 118.674240092609423, 32.397200774464793 ] ] ], [ [ [ 118.674719199257609, 32.391720303548986 ], [ 118.67478939, 32.39158712 ], [ 118.675128798008444, 32.391347545879569 ], [ 118.674789389902998, 32.391587119042498 ], [ 118.674719199257609, 32.391720303548986 ] ] ], [ [ [ 118.681857963097301, 32.387265210151973 ], [ 118.68261082, 32.38667684 ], [ 118.684656270765885, 32.381325628417123 ], [ 118.682610815564999, 32.386676838047599 ], [ 118.681857963097301, 32.387265210151973 ] ] ], [ [ [ 118.685290427540096, 32.380170937756354 ], [ 118.68565702, 32.37986269 ], [ 118.685887941498819, 32.37982631731019 ], [ 118.685657018445994, 32.379862687046497 ], [ 118.685290427540096, 32.380170937756354 ] ] ], [ [ [ 118.686398449829767, 32.379846730969831 ], [ 118.68668188, 32.37989787 ], [ 118.6868209730046, 32.379943042384788 ], [ 118.686681884053996, 32.379897868406097 ], [ 118.686398449829767, 32.379846730969831 ] ] ], [ [ [ 118.687166503933497, 32.38019094608962 ], [ 118.68733349, 32.3803767 ], [ 118.68781042, 32.38133382 ], [ 118.688112289963016, 32.381931088381933 ], [ 118.687166503933497, 32.38019094608962 ] ] ], [ [ [ 118.688442150571817, 32.383248950952016 ], [ 118.68853073, 32.38369745 ], [ 118.688589138084438, 32.383950713214837 ], [ 118.688530731453, 32.383697450728 ], [ 118.688442150571817, 32.383248950952016 ] ] ], [ [ [ 118.689937708865514, 32.385580929140779 ], [ 118.69099655, 32.38595611 ], [ 118.69189078, 32.3859566 ], [ 118.69189696377579, 32.38595513085982 ], [ 118.690996554204006, 32.385956105963899 ], [ 118.689937708865514, 32.385580929140779 ] ] ], [ [ [ 118.693641237863247, 32.385222709926239 ], [ 118.69367038, 32.38519069 ], [ 118.69500696, 32.38369759 ], [ 118.69654326, 32.38164323 ], [ 118.69675195, 32.38082294 ], [ 118.69664821, 32.38010213 ], [ 118.696414941563773, 32.37965316138321 ], [ 118.696751948073995, 32.380822937760797 ], [ 118.696543259821993, 32.381643229027397 ], [ 118.695006959661001, 32.383697585027797 ], [ 118.693641237863247, 32.385222709926239 ] ] ], [ [ [ 118.694872884415744, 32.378548859938938 ], [ 118.69466011, 32.37845939 ], [ 118.69440808786554, 32.378369843638971 ], [ 118.694660109018997, 32.378459390714397 ], [ 118.694872884415744, 32.378548859938938 ] ] ], [ [ [ 118.692768832392716, 32.377872959356964 ], [ 118.69217699, 32.37772351 ], [ 118.69183869, 32.37738009 ], [ 118.69176157332042, 32.376829067201164 ], [ 118.691838685606001, 32.3773800929335 ], [ 118.692176987721993, 32.377723511963502 ], [ 118.692768832392716, 32.377872959356964 ] ] ], [ [ [ 118.692230145434266, 32.375992117912986 ], [ 118.69241969, 32.37580419 ], [ 118.692735516318308, 32.375699218869556 ], [ 118.692419690471993, 32.3758041860521 ], [ 118.692230145434266, 32.375992117912986 ] ] ], [ [ [ 118.693139861985429, 32.375655198375036 ], [ 118.69358344, 32.37563627 ], [ 118.69426913, 32.37556615 ], [ 118.694719012265779, 32.375514660631552 ], [ 118.693139861985429, 32.375655198375036 ] ] ], [ [ [ 118.695814239546564, 32.375425136510067 ], [ 118.69631826, 32.37539486 ], [ 118.69717768, 32.37522351 ], [ 118.697302415181142, 32.375133356536089 ], [ 118.695814239546564, 32.375425136510067 ] ] ], [ [ [ 118.698494163293404, 32.370590136798178 ], [ 118.69847974, 32.37049966 ], [ 118.69847973973738, 32.370499659654897 ], [ 118.698494163293404, 32.370590136798178 ] ] ], [ [ [ 118.69841908048835, 32.370419947665646 ], [ 118.69816735, 32.37008915 ], [ 118.69786293, 32.36981563 ], [ 118.697501419875849, 32.369763159812003 ], [ 118.697862926734999, 32.369815633074602 ], [ 118.69841908048835, 32.370419947665646 ] ] ], [ [ [ 118.697179383771811, 32.369746348074031 ], [ 118.69680389, 32.36974629 ], [ 118.696591851976805, 32.369767653666493 ], [ 118.696803885180998, 32.369746292311198 ], [ 118.697179383771811, 32.369746348074031 ] ] ], [ [ [ 118.69546565225545, 32.370032210120179 ], [ 118.69518988, 32.37012385 ], [ 118.69361882, 32.37087638 ], [ 118.693222016338638, 32.371007903727893 ], [ 118.693618816276995, 32.370876383724898 ], [ 118.69546565225545, 32.370032210120179 ] ] ], [ [ [ 118.692565903716826, 32.371115367690052 ], [ 118.69190815, 32.37094322 ], [ 118.690892240043283, 32.37010596003568 ], [ 118.691908148658996, 32.3709432210145 ], [ 118.692565903716826, 32.371115367690052 ] ] ], [ [ [ 118.697030644725459, 32.361070669447379 ], [ 118.69703831, 32.36057117 ], [ 118.696921514458722, 32.360269990936999 ], [ 118.697038306485993, 32.360571169938503 ], [ 118.697030644725459, 32.361070669447379 ] ] ], [ [ [ 118.696838721506097, 32.360056493883739 ], [ 118.69683872, 32.36005649 ], [ 118.695672641323654, 32.359702765163249 ], [ 118.696838721506097, 32.360056493883739 ] ] ], [ [ [ 118.692848191145927, 32.3591908404591 ], [ 118.69090923, 32.35909922 ], [ 118.690718830547326, 32.359021120880939 ], [ 118.690909230602998, 32.359099221065897 ], [ 118.692848191145927, 32.3591908404591 ] ] ], [ [ [ 118.689754332093131, 32.358534195476835 ], [ 118.68930354, 32.35817398 ], [ 118.6886869, 32.35700907 ], [ 118.688497177696817, 32.356720513971986 ], [ 118.689303539414993, 32.358173982726299 ], [ 118.689754332093131, 32.358534195476835 ] ] ], [ [ [ 118.688023193743973, 32.353391223647158 ], [ 118.68824417, 32.3530719 ], [ 118.689181092261336, 32.352367923263202 ], [ 118.688244167730005, 32.353071895158699 ], [ 118.688023193743973, 32.353391223647158 ] ] ], [ [ [ 118.689199290186735, 32.352354249986853 ], [ 118.689925389903834, 32.352303130149394 ], [ 118.689199292094003, 32.352354248553802 ], [ 118.689199290186735, 32.352354249986853 ] ] ], [ [ [ 118.690673759766668, 32.35227152609621 ], [ 118.69268936, 32.35221734 ], [ 118.693176173353578, 32.352141871294648 ], [ 118.692689360871, 32.352217338672901 ], [ 118.690673759766668, 32.35227152609621 ] ] ], [ [ [ 118.694114419473834, 32.351976026046941 ], [ 118.69465959, 32.35185711 ], [ 118.694659588057846, 32.35185710806126 ], [ 118.694114419473834, 32.351976026046941 ] ] ], [ [ [ 118.694198929908993, 32.351397259084635 ], [ 118.69205489, 32.34918542 ], [ 118.69157792, 32.34822823 ], [ 118.69140436, 32.34720053 ], [ 118.69161306, 32.34596718 ], [ 118.6918877495294, 32.345510869652138 ], [ 118.691613057352995, 32.345967183969996 ], [ 118.691404355385998, 32.347200529989301 ], [ 118.691577916300005, 32.348228231822198 ], [ 118.692054886711006, 32.349185424846297 ], [ 118.694198929908993, 32.351397259084635 ] ] ], [ [ [ 118.692396543159589, 32.344719298753986 ], [ 118.69339277, 32.34391523 ], [ 118.69485102, 32.34334785 ], [ 118.698028810754167, 32.342754375962478 ], [ 118.694851018107997, 32.343347845052797 ], [ 118.693392765875998, 32.343915225861601 ], [ 118.692396543159589, 32.344719298753986 ] ] ], [ [ [ 118.700118253800213, 32.342247905139061 ], [ 118.70142321, 32.34170669 ], [ 118.70269015, 32.34050885 ], [ 118.702913268767034, 32.339078323571165 ], [ 118.702690145084006, 32.340508845179002 ], [ 118.701423205332006, 32.341706687825003 ], [ 118.700118253800213, 32.342247905139061 ] ] ], [ [ [ 118.701321610358391, 32.333806512708989 ], [ 118.70073721, 32.33304564 ], [ 118.699727814065682, 32.332203470277378 ], [ 118.700737208039996, 32.333045644346598 ], [ 118.701321610358391, 32.333806512708989 ] ] ], [ [ [ 118.698664146994091, 32.331468887028706 ], [ 118.69801925, 32.33107674 ], [ 118.69610082, 32.33083575 ], [ 118.69339298, 32.33087014 ], [ 118.69103058, 32.33128009 ], [ 118.688235586005831, 32.332184586549033 ], [ 118.691030578615994, 32.331280092575902 ], [ 118.693392979977006, 32.330870140741098 ], [ 118.696100823224995, 32.3308357534615 ], [ 118.698019253088006, 32.331076743766801 ], [ 118.698664146994091, 32.331468887028706 ] ] ], [ [ [ 118.687471678299843, 32.332375239978532 ], [ 118.68476331, 32.33234104 ], [ 118.683775467544507, 32.33225275551046 ], [ 118.684763309540998, 32.332341043436401 ], [ 118.687471678299843, 32.332375239978532 ] ] ], [ [ [ 118.680879366425856, 32.331304563475271 ], [ 118.67921639, 32.33008115 ], [ 118.67843522, 32.32867658 ], [ 118.678308889757886, 32.327313560328399 ], [ 118.67843521604, 32.328676582535401 ], [ 118.679216385171003, 32.330081150188498 ], [ 118.680879366425856, 32.331304563475271 ] ] ], [ [ [ 118.678295660374332, 32.327170819298836 ], [ 118.678425047640019, 32.326928461738717 ], [ 118.678295660120995, 32.327170816565399 ], [ 118.678295660374332, 32.327170819298836 ] ] ], [ [ [ 118.679374746704909, 32.325803590572633 ], [ 118.67990233, 32.3254238 ], [ 118.680872923973908, 32.325055763883732 ], [ 118.679902329205007, 32.325423795067302 ], [ 118.679374746704909, 32.325803590572633 ] ] ], [ [ [ 118.687582465419595, 32.324517319574809 ], [ 118.68819193, 32.32453485 ], [ 118.688555917037476, 32.324434090845422 ], [ 118.688191928313998, 32.324534849450799 ], [ 118.687582465419595, 32.324517319574809 ] ] ], [ [ [ 118.690388814620746, 32.323729011841152 ], [ 118.69069197, 32.32354353 ], [ 118.69134376, 32.3226864 ], [ 118.6917511, 32.32111268 ], [ 118.691725896816493, 32.320874273487242 ], [ 118.691343756473998, 32.322686403415297 ], [ 118.690388814620746, 32.323729011841152 ] ] ], [ [ [ 118.691135432894825, 32.319845683261349 ], [ 118.69048376, 32.31953678 ], [ 118.690362026857017, 32.319511588078242 ], [ 118.690483760736996, 32.319536780945903 ], [ 118.691135432894825, 32.319845683261349 ] ] ], [ [ [ 118.689072009453227, 32.319383368255359 ], [ 118.68849678, 32.31940019 ], [ 118.685980369442277, 32.319753167862906 ], [ 118.688496783594005, 32.3194001941525 ], [ 118.689072009453227, 32.319383368255359 ] ] ], [ [ [ 118.681630552497822, 32.320213045783518 ], [ 118.68060529, 32.32020537 ], [ 118.67639453, 32.31962121 ], [ 118.675429645919664, 32.319331476396762 ], [ 118.676394525028996, 32.319621209656098 ], [ 118.680605293891006, 32.320205373835798 ], [ 118.681630552497822, 32.320213045783518 ] ] ], [ [ [ 118.670912898894215, 32.317359477995055 ], [ 118.6696498, 32.31630094 ], [ 118.667991332452786, 32.314237335096195 ], [ 118.669649799184995, 32.316300944853502 ], [ 118.670912898894215, 32.317359477995055 ] ] ], [ [ [ 118.666741603788182, 32.312945413518328 ], [ 118.6667416, 32.31294541 ], [ 118.666366148347535, 32.312689460177403 ], [ 118.666741603788182, 32.312945413518328 ] ] ], [ [ [ 118.661937946090205, 32.310509065950782 ], [ 118.65761915, 32.30888763 ], [ 118.656096264353152, 32.308106637819556 ], [ 118.657619149395998, 32.308887634687999 ], [ 118.661937946090205, 32.310509065950782 ] ] ], [ [ [ 118.652845875956984, 32.305056744439476 ], [ 118.65234201, 32.30389027 ], [ 118.652217245499429, 32.302544195395136 ], [ 118.652342005657999, 32.303890272753797 ], [ 118.652845875956984, 32.305056744439476 ] ] ], [ [ [ 118.652251238072267, 32.30215798838497 ], [ 118.65244603, 32.30125396 ], [ 118.653096749279769, 32.300090701287516 ], [ 118.652446026980002, 32.301253959691998 ], [ 118.652251238072267, 32.30215798838497 ] ] ], [ [ [ 118.653312025541766, 32.299859041529515 ], [ 118.65395599, 32.29916607 ], [ 118.654584552803229, 32.298744730432908 ], [ 118.653955991857998, 32.299166066467599 ], [ 118.653312025541766, 32.299859041529515 ] ] ], [ [ [ 118.658536732484464, 32.297934125464074 ], [ 118.65905101, 32.29796743 ], [ 118.659347480974262, 32.298020387283877 ], [ 118.659051010924003, 32.2979674284339 ], [ 118.658536732484464, 32.297934125464074 ] ] ], [ [ [ 118.660680035152907, 32.298473565518698 ], [ 118.66089987, 32.29858394 ], [ 118.661191697670091, 32.298612309595946 ], [ 118.660899868848006, 32.298583937977703 ], [ 118.660680035152907, 32.298473565518698 ] ] ], [ [ [ 118.662202049834107, 32.298549500027264 ], [ 118.66220205, 32.2985495 ], [ 118.662213609954563, 32.29854214693475 ], [ 118.662202049834107, 32.298549500027264 ] ] ], [ [ [ 118.664383942137334, 32.295764411814666 ], [ 118.66464991, 32.29521164 ], [ 118.66512796, 32.29397866 ], [ 118.665252851021435, 32.293315469819461 ], [ 118.665127957343998, 32.293978655345001 ], [ 118.664383942137334, 32.295764411814666 ] ] ], [ [ [ 118.665405583744985, 32.291316335437273 ], [ 118.66540565, 32.29062393 ], [ 118.665487349685108, 32.289896814603111 ], [ 118.665405647490005, 32.290623930554403 ], [ 118.665405583744985, 32.291316335437273 ] ] ], [ [ [ 118.665648338161006, 32.288108191489371 ], [ 118.66564837, 32.28778129 ], [ 118.665434117459526, 32.287326475537661 ], [ 118.665648368253997, 32.2877812927116 ], [ 118.665648338161006, 32.288108191489371 ] ] ], [ [ [ 118.664438368488291, 32.285627842276952 ], [ 118.66441532, 32.28559152 ], [ 118.664415319636618, 32.285591519602775 ], [ 118.664438368488291, 32.285627842276952 ] ] ], [ [ [ 118.660960255485534, 32.280705134637287 ], [ 118.66052741, 32.27999153 ], [ 118.660282013512429, 32.279555481608242 ], [ 118.660527406889997, 32.279991525434902 ], [ 118.660960255485534, 32.280705134637287 ] ] ], [ [ [ 118.656843164530727, 32.273327179225667 ], [ 118.65545837, 32.27074942 ], [ 118.655041187973907, 32.270124444722889 ], [ 118.655458365227005, 32.270749419352398 ], [ 118.656843164530727, 32.273327179225667 ] ] ], [ [ [ 118.654381276359487, 32.2689005737221 ], [ 118.65413844, 32.26830168 ], [ 118.65431219, 32.26696525 ], [ 118.654680946887524, 32.266119049588127 ], [ 118.654312186976, 32.266965249086297 ], [ 118.654138437756998, 32.268301682920502 ], [ 118.654381276359487, 32.2689005737221 ] ] ], [ [ [ 118.65683214515758, 32.263342112830607 ], [ 118.65925993, 32.26129845 ], [ 118.659849370337454, 32.260946047188845 ], [ 118.659259926602999, 32.261298447835003 ], [ 118.65683214515758, 32.263342112830607 ] ] ], [ [ [ 118.662082781427017, 32.259826076562447 ], [ 118.66487573, 32.25917558 ], [ 118.66672463, 32.25893701 ], [ 118.668121446393798, 32.258736702486964 ], [ 118.664875728607001, 32.259175577225797 ], [ 118.662082781427017, 32.259826076562447 ] ] ], [ [ [ 118.669576793886606, 32.258264672148393 ], [ 118.66997147, 32.2580127 ], [ 118.67058816, 32.25729245 ], [ 118.67076084, 32.25657405 ], [ 118.67069205, 32.25599213 ], [ 118.67035285, 32.25544372 ], [ 118.669771202306137, 32.254861782307295 ], [ 118.670692045448007, 32.2559921272669 ], [ 118.670760838470997, 32.256574050394498 ], [ 118.670588156966005, 32.257292447888297 ], [ 118.669576793886606, 32.258264672148393 ] ] ], [ [ [ 118.669528801420171, 32.254231789161551 ], [ 118.66952884, 32.25383515 ], [ 118.669655339447885, 32.253497226625171 ], [ 118.669528837922996, 32.253835148841397 ], [ 118.669528801420171, 32.254231789161551 ] ] ], [ [ [ 118.662177777771376, 32.237753938111439 ], [ 118.66195024, 32.23738396 ], [ 118.6605614, 32.23582739 ], [ 118.660494742129941, 32.235758503475132 ], [ 118.662177777771376, 32.237753938111439 ] ] ], [ [ [ 118.643716908357149, 32.218019165674121 ], [ 118.64154304, 32.2151363 ], [ 118.64069574, 32.21418058 ], [ 118.63960491, 32.21283119 ], [ 118.639513414771187, 32.21272516672915 ], [ 118.643716908357149, 32.218019165674121 ] ] ], [ [ [ 118.6363277671162, 32.211279520516229 ], [ 118.63216228, 32.2099623 ], [ 118.62936792, 32.20823702 ], [ 118.628493586095956, 32.207507329058444 ], [ 118.629367920701995, 32.2082370218085 ], [ 118.632162281275001, 32.209962302860198 ], [ 118.6363277671162, 32.211279520516229 ] ] ], [ [ [ 118.626012062401927, 32.205554023146355 ], [ 118.62515846, 32.20501811 ], [ 118.624413238989604, 32.204761928158348 ], [ 118.625158458716996, 32.205018113997397 ], [ 118.626012062401927, 32.205554023146355 ] ] ], [ [ [ 118.620676861480632, 32.205070540141577 ], [ 118.62012504, 32.20527205 ], [ 118.617066127887497, 32.206759825131215 ], [ 118.620125035384007, 32.205272054910303 ], [ 118.620676861480632, 32.205070540141577 ] ] ], [ [ [ 118.615760828537674, 32.207308686345264 ], [ 118.61462285, 32.20769487 ], [ 118.614280571669198, 32.207738101412829 ], [ 118.614622853062002, 32.2076948711467 ], [ 118.615760828537674, 32.207308686345264 ] ] ], [ [ [ 118.613203011866773, 32.207806687221847 ], [ 118.61117698, 32.20753072 ], [ 118.608937251022013, 32.206515898939998 ], [ 118.611176979302996, 32.207530723645 ], [ 118.613203011866773, 32.207806687221847 ] ] ], [ [ [ 118.608638956080696, 32.206373949491038 ], [ 118.60680333, 32.20546843 ], [ 118.606485537609132, 32.205322849846645 ], [ 118.606803330480005, 32.205468433566502 ], [ 118.608638956080696, 32.206373949491038 ] ] ], [ [ [ 118.60542045932236, 32.204756546365445 ], [ 118.60511139, 32.20457226 ], [ 118.60342728, 32.20402302 ], [ 118.59723927, 32.20256388 ], [ 118.596938190045165, 32.202508287885919 ], [ 118.603427279621997, 32.204023024200801 ], [ 118.60542045932236, 32.204756546365445 ] ] ], [ [ [ 118.592362951849466, 32.201229199114906 ], [ 118.59221547, 32.20114815 ], [ 118.591132132225084, 32.200127478031433 ], [ 118.592215469815997, 32.2011481504938 ], [ 118.592362951849466, 32.201229199114906 ] ] ], [ [ [ 118.590577659895118, 32.199611818552519 ], [ 118.589846240081016, 32.198946670073667 ], [ 118.589846240583995, 32.198946671468903 ], [ 118.590577659895118, 32.199611818552519 ] ] ], [ [ [ 118.58982993563491, 32.198901442981494 ], [ 118.58937725, 32.19757041 ], [ 118.589139465761647, 32.197331163338525 ], [ 118.589377245004002, 32.197570409449099 ], [ 118.58982993563491, 32.198901442981494 ] ] ], [ [ [ 118.589047181523583, 32.197238311532956 ], [ 118.58904718, 32.19723831 ], [ 118.588925693637222, 32.197224275474341 ], [ 118.589047181523583, 32.197238311532956 ] ] ], [ [ [ 118.587562239811703, 32.197711793669761 ], [ 118.5874246, 32.19781808 ], [ 118.587424597213911, 32.197818084182522 ], [ 118.587562239811703, 32.197711793669761 ] ] ], [ [ [ 118.587292541465544, 32.198016328112296 ], [ 118.58693034, 32.19856007 ], [ 118.586930339215527, 32.198560073282934 ], [ 118.587292541465544, 32.198016328112296 ] ] ], [ [ [ 118.586329500257975, 32.202514605033421 ], [ 118.58599257, 32.20266441 ], [ 118.585749204394602, 32.202664602250898 ], [ 118.585992568345006, 32.202664411301697 ], [ 118.586329500257975, 32.202514605033421 ] ] ], [ [ [ 118.576922369223155, 32.200898460082762 ], [ 118.57584739, 32.20091788 ], [ 118.575138163377247, 32.201118320274915 ], [ 118.575847389569006, 32.200917884145603 ], [ 118.576922369223155, 32.200898460082762 ] ] ], [ [ [ 118.573312965994205, 32.201847979220908 ], [ 118.57295819, 32.20201869 ], [ 118.572958187953475, 32.202018692227249 ], [ 118.573312965994205, 32.201847979220908 ] ] ], [ [ [ 118.570951785583802, 32.204608949647358 ], [ 118.56990316, 32.2048272 ], [ 118.568736006904501, 32.204611701683667 ], [ 118.569903163931997, 32.2048272031005 ], [ 118.570951785583802, 32.204608949647358 ] ] ], [ [ [ 118.562933753692036, 32.202693906430618 ], [ 118.56185813, 32.20217226 ], [ 118.558934679548614, 32.200505737388518 ], [ 118.561858133486993, 32.202172263902 ], [ 118.562933753692036, 32.202693906430618 ] ] ], [ [ [ 118.557057947416013, 32.199331598403248 ], [ 118.55666874, 32.19910519 ], [ 118.556518423845858, 32.199081352077656 ], [ 118.556668739128, 32.199105190342799 ], [ 118.557057947416013, 32.199331598403248 ] ] ], [ [ [ 118.55547264345978, 32.198965623298989 ], [ 118.55504545, 32.19894055 ], [ 118.55355328, 32.1992711 ], [ 118.548843250463591, 32.20111898682002 ], [ 118.553553279664001, 32.199271102287 ], [ 118.55547264345978, 32.198965623298989 ] ] ], [ [ [ 118.547005327352764, 32.201731785655326 ], [ 118.54584716, 32.20175119 ], [ 118.54494392, 32.20139232 ], [ 118.54425021, 32.20073081 ], [ 118.544032728470725, 32.199875799384564 ], [ 118.544250209520996, 32.200730810114699 ], [ 118.544943918399994, 32.201392320924903 ], [ 118.545847158024003, 32.2017511898745 ], [ 118.546619064178998, 32.201833731531302 ], [ 118.547005327352764, 32.201731785655326 ] ] ], [ [ [ 118.544062693362235, 32.199161017807334 ], [ 118.54408496, 32.1988322 ], [ 118.54403288, 32.198253 ], [ 118.543703077721162, 32.197676237923254 ], [ 118.544032876513, 32.198253003797703 ], [ 118.544062693362235, 32.199161017807334 ] ] ], [ [ [ 118.543696136863048, 32.197669912606209 ], [ 118.54306948, 32.19709883 ], [ 118.538662104281727, 32.195811912676682 ], [ 118.543069481870006, 32.197098833077099 ], [ 118.543696136863048, 32.197669912606209 ] ] ], [ [ [ 118.534907656914299, 32.19472201045069 ], [ 118.53449481, 32.19460828 ], [ 118.534148855869972, 32.194636247621922 ], [ 118.534494809671003, 32.194608281911101 ], [ 118.534907656914299, 32.19472201045069 ] ] ], [ [ [ 118.53311468013284, 32.194800009973946 ], [ 118.53311468, 32.19480001 ], [ 118.533093882710418, 32.194810133490087 ], [ 118.53311468013284, 32.194800009973946 ] ] ], [ [ [ 118.527580905629833, 32.197827853012178 ], [ 118.52723918, 32.19795381 ], [ 118.526966735101894, 32.197943501314072 ], [ 118.527239184232002, 32.197953813121799 ], [ 118.527580905629833, 32.197827853012178 ] ] ], [ [ [ 118.526126967048711, 32.197754542972113 ], [ 118.52584172, 32.19762414 ], [ 118.52542542, 32.19710098 ], [ 118.52467907, 32.19622089 ], [ 118.52355051, 32.19454065 ], [ 118.522886667054991, 32.193699125381997 ], [ 118.524679065946998, 32.196220890816697 ], [ 118.525841720464001, 32.197624144993398 ], [ 118.526126967048711, 32.197754542972113 ] ] ], [ [ [ 118.522725873099859, 32.193495293929551 ], [ 118.52184901, 32.19280683 ], [ 118.52068618, 32.19195255 ], [ 118.519876556562593, 32.191435359578271 ], [ 118.522725873099859, 32.193495293929551 ] ] ], [ [ [ 118.51868522865928, 32.190827962272209 ], [ 118.51849081, 32.19074134 ], [ 118.518229884258517, 32.190664680895992 ], [ 118.518490814900005, 32.190741342649197 ], [ 118.51868522865928, 32.190827962272209 ] ] ], [ [ [ 118.514085470187084, 32.190872021646378 ], [ 118.51313508, 32.19119534 ], [ 118.51211941, 32.19185753 ], [ 118.509196557660403, 32.19391448974465 ], [ 118.513135084075998, 32.191195343402597 ], [ 118.514085470187084, 32.190872021646378 ] ] ], [ [ [ 118.507687243863558, 32.194806721266453 ], [ 118.50548806, 32.19605885 ], [ 118.504518854849564, 32.196326420007303 ], [ 118.505488064914005, 32.196058849123801 ], [ 118.507687243863558, 32.194806721266453 ] ] ], [ [ [ 118.504110137458596, 32.196013169734044 ], [ 118.50396048, 32.19589431 ], [ 118.503891921265804, 32.195838733886234 ], [ 118.503960478812004, 32.195894312680998 ], [ 118.504110137458596, 32.196013169734044 ] ] ], [ [ [ 118.50322597051003, 32.195299666159251 ], [ 118.50319673, 32.19527596 ], [ 118.50310142, 32.19484361 ], [ 118.503068929869741, 32.194704639663257 ], [ 118.50322597051003, 32.195299666159251 ] ] ], [ [ [ 118.502949570803551, 32.194228022985605 ], [ 118.50293687, 32.19417802 ], [ 118.50284056, 32.19373667 ], [ 118.502812947966575, 32.19361962313009 ], [ 118.502936870683996, 32.194178024165303 ], [ 118.502949570803551, 32.194228022985605 ] ] ], [ [ [ 118.502501285139815, 32.192258037278108 ], [ 118.50243322, 32.1919662 ], [ 118.50238105, 32.19174501 ], [ 118.502341212076601, 32.191561806540882 ], [ 118.502501285139815, 32.192258037278108 ] ] ], [ [ [ 118.502197287260273, 32.190961532822989 ], [ 118.50211219, 32.19029999 ], [ 118.502170279934475, 32.190071282514978 ], [ 118.502112187275003, 32.1902999903824 ], [ 118.502197287260273, 32.190961532822989 ] ] ], [ [ [ 118.502391826994014, 32.189240276461113 ], [ 118.50257205, 32.18854009 ], [ 118.502644220419896, 32.188257223029197 ], [ 118.502572046259004, 32.188540087466897 ], [ 118.502391826994014, 32.189240276461113 ] ] ], [ [ [ 118.502768070815833, 32.18779757605229 ], [ 118.50292748, 32.18722194 ], [ 118.50304094, 32.18678421 ], [ 118.503117172009311, 32.186484068072019 ], [ 118.502768070815833, 32.18779757605229 ] ] ], [ [ [ 118.503153389650151, 32.186341471377411 ], [ 118.50315339, 32.18634147 ], [ 118.502984660318432, 32.186152273492382 ], [ 118.503153389650151, 32.186341471377411 ] ] ], [ [ [ 118.502606318187063, 32.185730303181572 ], [ 118.50219797, 32.18527547 ], [ 118.501817378712801, 32.184860610005387 ], [ 118.502197967582006, 32.185275470694002 ], [ 118.502606318187063, 32.185730303181572 ] ] ], [ [ [ 118.499328616512656, 32.183448892624284 ], [ 118.49896117, 32.18327551 ], [ 118.49685141, 32.18239206 ], [ 118.494903334658503, 32.181951266899432 ], [ 118.496851409797003, 32.182392061866103 ], [ 118.499328616512656, 32.183448892624284 ] ] ], [ [ [ 118.490262209759351, 32.178293548616786 ], [ 118.49040208, 32.17606583 ], [ 118.490587535586144, 32.175408938085162 ], [ 118.490402079467003, 32.176065831032702 ], [ 118.490262209759351, 32.178293548616786 ] ] ], [ [ [ 118.49090511895983, 32.174284043684303 ], [ 118.49035874, 32.16724624 ], [ 118.491952374446953, 32.164964100164596 ], [ 118.490358735487007, 32.167246237502297 ], [ 118.49090511895983, 32.174284043684303 ] ] ], [ [ [ 118.492264537205088, 32.164318476363469 ], [ 118.49240868, 32.16399682 ], [ 118.49279718, 32.16341989 ], [ 118.492825007212332, 32.163378048189848 ], [ 118.492264537205088, 32.164318476363469 ] ] ], [ [ [ 118.500452270334065, 32.14456088244529 ], [ 118.5004523, 32.14425428 ], [ 118.500527176865887, 32.143917445829004 ], [ 118.500452298707003, 32.144254278806201 ], [ 118.500452270334065, 32.14456088244529 ] ] ], [ [ [ 118.501095818578037, 32.142775920728226 ], [ 118.50109582, 32.14277592 ], [ 118.501136856421724, 32.14273491666264 ], [ 118.501095818578037, 32.142775920728226 ] ] ], [ [ [ 118.501735388297476, 32.14213155782334 ], [ 118.50178141, 32.14208584 ], [ 118.50194704, 32.1419143 ], [ 118.501998283110311, 32.141859654586241 ], [ 118.501735388297476, 32.14213155782334 ] ] ], [ [ [ 118.502241960223586, 32.141608562324109 ], [ 118.50228532, 32.14156524 ], [ 118.502293151409162, 32.141529422154932 ], [ 118.502285319769001, 32.1415652378423 ], [ 118.502241960223586, 32.141608562324109 ] ] ], [ [ [ 118.502280066887906, 32.140381371640196 ], [ 118.5022764, 32.14034999 ], [ 118.502272577880277, 32.140317144391446 ], [ 118.502276398809997, 32.1403499852997 ], [ 118.502280066887906, 32.140381371640196 ] ] ], [ [ [ 118.502245632704643, 32.140036887461591 ], [ 118.50224231, 32.13997381 ], [ 118.50133092, 32.14022815 ], [ 118.50118150495183, 32.140292258268651 ], [ 118.502245632704643, 32.140036887461591 ] ] ], [ [ [ 118.497436647483283, 32.142461311500909 ], [ 118.49631302, 32.14325572 ], [ 118.495187670605972, 32.143765416697626 ], [ 118.496313023343006, 32.143255724051897 ], [ 118.497436647483283, 32.142461311500909 ] ] ], [ [ [ 118.492621031210334, 32.140970029486972 ], [ 118.49248514, 32.14048684 ], [ 118.49253741, 32.13968385 ], [ 118.493209010249998, 32.138294558918851 ], [ 118.492537407963994, 32.139683851576301 ], [ 118.492485138779998, 32.140486844680098 ], [ 118.492621031210334, 32.140970029486972 ] ] ], [ [ [ 118.493537855016029, 32.137740889119421 ], [ 118.49380436, 32.1372772 ], [ 118.49375323, 32.13657791 ], [ 118.4935184, 32.13611412 ], [ 118.49292824, 32.13567327 ], [ 118.492714103322342, 32.135607438703296 ], [ 118.493518396685005, 32.136114122460903 ], [ 118.493753229728, 32.136577914301903 ], [ 118.493804355795007, 32.137277199377202 ], [ 118.493537855016029, 32.137740889119421 ] ] ], [ [ [ 118.489450392889495, 32.134413290478577 ], [ 118.489429320157569, 32.134379550252277 ], [ 118.489429320235999, 32.134379550777403 ], [ 118.489450392889495, 32.134413290478577 ] ] ], [ [ [ 118.489424757091427, 32.134349000557343 ], [ 118.489325, 32.13368111 ], [ 118.48942945, 32.13300829 ], [ 118.4910096, 32.13013647 ], [ 118.49178164, 32.12837744 ], [ 118.492461821371137, 32.127287868575401 ], [ 118.491781635872002, 32.128377438363401 ], [ 118.491009596200996, 32.130136465562899 ], [ 118.489429447671995, 32.133008290293297 ], [ 118.489324996850002, 32.133681106457999 ], [ 118.489424757091427, 32.134349000557343 ] ] ], [ [ [ 118.492942568771738, 32.126689720704839 ], [ 118.49336173, 32.12622876 ], [ 118.494906473058592, 32.125000045938719 ], [ 118.49336172596, 32.126228758056598 ], [ 118.492942568771738, 32.126689720704839 ] ] ], [ [ [ 118.495010654210546, 32.124861711625243 ], [ 118.49547165, 32.12424959 ], [ 118.495511072424591, 32.123933104491748 ], [ 118.495471647244003, 32.124249590887999 ], [ 118.495010654210546, 32.124861711625243 ] ] ], [ [ [ 118.495315171772063, 32.123085894113814 ], [ 118.49531517, 32.12308589 ], [ 118.494756804355205, 32.122658208451099 ], [ 118.495315171772063, 32.123085894113814 ] ] ], [ [ [ 118.494672951160823, 32.122593980889135 ], [ 118.49467295, 32.12259398 ], [ 118.494549215176164, 32.122570327965917 ], [ 118.494672951160823, 32.122593980889135 ] ] ], [ [ [ 118.490105318478868, 32.123606313651848 ], [ 118.4892647, 32.12365499 ], [ 118.48734661, 32.12334421 ], [ 118.48419501, 32.12274975 ], [ 118.482963227873626, 32.122355116428714 ], [ 118.48419500963, 32.122749752908298 ], [ 118.487346605854995, 32.123344211953601 ], [ 118.489264700763997, 32.123654990912897 ], [ 118.490105318478868, 32.123606313651848 ] ] ], [ [ [ 118.479403761526655, 32.120236890039152 ], [ 118.47874338, 32.1196572 ], [ 118.47768459, 32.11921606 ], [ 118.477505626804856, 32.119168814189841 ], [ 118.478743376753002, 32.119657203608597 ], [ 118.479403761526655, 32.120236890039152 ] ] ], [ [ [ 118.476258341121337, 32.119012906607686 ], [ 118.47530508, 32.11906222 ], [ 118.472401862838083, 32.119539633612767 ], [ 118.475305078345002, 32.119062224932897 ], [ 118.476258341121337, 32.119012906607686 ] ] ], [ [ [ 118.470618471034456, 32.119245345638831 ], [ 118.4705132, 32.11921583 ], [ 118.469696313568988, 32.118869857949363 ], [ 118.470513198827007, 32.119215830137797 ], [ 118.470618471034456, 32.119245345638831 ] ] ], [ [ [ 118.468863568554511, 32.118517168740887 ], [ 118.468839480960625, 32.118496187003025 ], [ 118.468863568448995, 32.118517168696201 ], [ 118.468863568554511, 32.118517168740887 ] ] ], [ [ [ 118.467768008647781, 32.117148835255833 ], [ 118.46763954, 32.11683451 ], [ 118.467616168123115, 32.116579717308667 ], [ 118.467639539912994, 32.116834514062496 ], [ 118.467768008647781, 32.117148835255833 ] ] ], [ [ [ 118.468300189297338, 32.112605452017974 ], [ 118.46830019, 32.11260545 ], [ 118.46829656350792, 32.112522138586996 ], [ 118.468300189297338, 32.112605452017974 ] ] ], [ [ [ 118.467948041773312, 32.111295486152144 ], [ 118.46770933, 32.11094952 ], [ 118.467539975441412, 32.110823363279174 ], [ 118.467709327080001, 32.110949520870399 ], [ 118.467948041773312, 32.111295486152144 ] ] ], [ [ [ 118.466970193852035, 32.110557365471038 ], [ 118.46657252, 32.11045636 ], [ 118.46538253, 32.11025015 ], [ 118.464993305919577, 32.110029125334272 ], [ 118.465382533408004, 32.1102501544635 ], [ 118.466970193852035, 32.110557365471038 ] ] ], [ [ [ 118.464835738175452, 32.109939647940429 ], [ 118.464592422083413, 32.109664989796492 ], [ 118.464835735641003, 32.109939646501203 ], [ 118.464835738175452, 32.109939647940429 ] ] ], [ [ [ 118.462965002731295, 32.10802561024699 ], [ 118.4624571, 32.10758496 ], [ 118.46138543190439, 32.106539364636674 ], [ 118.462457103131001, 32.107584964877198 ], [ 118.462965002731295, 32.10802561024699 ] ] ], [ [ [ 118.458967931230021, 32.103230523663079 ], [ 118.45894923, 32.10319818 ], [ 118.458506868808541, 32.102836009515805 ], [ 118.458949230000997, 32.103198180257003 ], [ 118.458967931230021, 32.103230523663079 ] ] ], [ [ [ 118.458414374733252, 32.102798421110215 ], [ 118.45799428, 32.1026277 ], [ 118.45749873, 32.10260348 ], [ 118.457263287527269, 32.102674592786599 ], [ 118.457994276758996, 32.102627701011798 ], [ 118.458414374733252, 32.102798421110215 ] ] ], [ [ [ 118.456729652686121, 32.102901588263009 ], [ 118.45633607, 32.10317177 ], [ 118.45568506, 32.10332624 ], [ 118.45478232, 32.10332609 ], [ 118.453505358339399, 32.10305186366103 ], [ 118.454782315607005, 32.103326092299703 ], [ 118.455685062184997, 32.103326240781499 ], [ 118.456336074392993, 32.103171773289802 ], [ 118.456729652686121, 32.102901588263009 ] ] ], [ [ [ 118.450786956084656, 32.101395519008406 ], [ 118.4498932, 32.10058833 ], [ 118.449339829174534, 32.099787472705309 ], [ 118.449893196239998, 32.100588328698301 ], [ 118.450786956084656, 32.101395519008406 ] ] ], [ [ [ 118.448738878503761, 32.099152258258769 ], [ 118.44866988, 32.09909734 ], [ 118.448669879009898, 32.099097339740943 ], [ 118.448738878503761, 32.099152258258769 ] ] ], [ [ [ 118.446274544101598, 32.099347393264658 ], [ 118.44585609, 32.09963547 ], [ 118.445436173952245, 32.099740451826321 ], [ 118.445856089440994, 32.099635474814299 ], [ 118.446274544101598, 32.099347393264658 ] ] ], [ [ [ 118.444683978261722, 32.099793178881782 ], [ 118.44448442, 32.09977969 ], [ 118.443787629939692, 32.09933643335949 ], [ 118.444484418784, 32.099779692126397 ], [ 118.444683978261722, 32.099793178881782 ] ] ], [ [ [ 118.442166878582157, 32.096178118868032 ], [ 118.44216575, 32.09617734 ], [ 118.441976335370825, 32.096140656248465 ], [ 118.442165752440005, 32.0961773416916 ], [ 118.442166878582157, 32.096178118868032 ] ] ], [ [ [ 118.436199918975603, 32.094308811219719 ], [ 118.43565434, 32.09393003 ], [ 118.435004581642829, 32.093354562515124 ], [ 118.435654337776, 32.093930031654097 ], [ 118.436199918975603, 32.094308811219719 ] ] ], [ [ [ 118.434614950966605, 32.092990973134718 ], [ 118.43410003, 32.09246014 ], [ 118.43360508, 32.09115606 ], [ 118.43327541, 32.09074145 ], [ 118.43275432, 32.09045256 ], [ 118.43254438138689, 32.090418562717353 ], [ 118.433275405179003, 32.090741448988901 ], [ 118.433605075654995, 32.091156064937003 ], [ 118.434100027426993, 32.092460141403997 ], [ 118.434614950966605, 32.092990973134718 ] ] ], [ [ [ 118.43111651061534, 32.090773072433457 ], [ 118.43095654, 32.09088589 ], [ 118.430393158868185, 32.091744695999076 ], [ 118.430956544219995, 32.090885888193696 ], [ 118.43111651061534, 32.090773072433457 ] ] ], [ [ [ 118.43019667578865, 32.091983433345007 ], [ 118.429975442333372, 32.092220717497355 ], [ 118.429975443917002, 32.092220717005098 ], [ 118.43019667578865, 32.091983433345007 ] ] ], [ [ [ 118.429812258454135, 32.092271441293384 ], [ 118.42943736, 32.09238797 ], [ 118.429196947237756, 32.092372755371315 ], [ 118.429437364958005, 32.092387972542198 ], [ 118.429812258454135, 32.092271441293384 ] ] ], [ [ [ 118.428440338566915, 32.091539305850901 ], [ 118.42839545, 32.09131127 ], [ 118.428421947918693, 32.090396993710108 ], [ 118.428395447797001, 32.091311270397298 ], [ 118.428440338566915, 32.091539305850901 ] ] ], [ [ [ 118.428433979228558, 32.089653850043362 ], [ 118.4284217, 32.08921886 ], [ 118.42827345, 32.08884758 ], [ 118.428065079094438, 32.088557229696008 ], [ 118.428421695854993, 32.089218864662698 ], [ 118.428433979228558, 32.089653850043362 ] ] ], [ [ [ 118.428053618543274, 32.088553382389428 ], [ 118.42763127, 32.0884116 ], [ 118.42694945997367, 32.08829285234237 ], [ 118.427631274711999, 32.088411604054798 ], [ 118.428053618543274, 32.088553382389428 ] ] ], [ [ [ 118.420481742486089, 32.088144948233492 ], [ 118.42035496215415, 32.088151779883916 ], [ 118.420354963752004, 32.0881517800021 ], [ 118.420481742486089, 32.088144948233492 ] ] ], [ [ [ 118.420271316008439, 32.088145593221093 ], [ 118.4195047, 32.08808889 ], [ 118.417923393842955, 32.087857326822316 ], [ 118.419504701603003, 32.088088892642702 ], [ 118.420271316008439, 32.088145593221093 ] ] ], [ [ [ 118.415906135373731, 32.087548575980307 ], [ 118.41542319, 32.08746701 ], [ 118.415160264548661, 32.087448621846796 ], [ 118.415423186745002, 32.087467011171903 ], [ 118.415906135373731, 32.087548575980307 ] ] ], [ [ [ 118.413649552729026, 32.087511064513777 ], [ 118.41308736, 32.08767424 ], [ 118.41217629, 32.08821272 ], [ 118.41067356, 32.08977407 ], [ 118.41025713, 32.08987884 ], [ 118.40995285, 32.08973363 ], [ 118.40962257, 32.08929735 ], [ 118.40729603, 32.0834199 ], [ 118.40688773, 32.08298362 ], [ 118.40628829, 32.08259028 ], [ 118.40568084, 32.08238399 ], [ 118.405193357594896, 32.082320652869988 ], [ 118.406288286839001, 32.082590281726702 ], [ 118.407296028893995, 32.083419902842003 ], [ 118.409622567, 32.089297352324699 ], [ 118.409952845888995, 32.089733634504 ], [ 118.410257132200996, 32.089878844466902 ], [ 118.410673560609993, 32.089774074364499 ], [ 118.412176293491996, 32.088212718000499 ], [ 118.413649552729026, 32.087511064513777 ] ] ], [ [ [ 118.403804191434673, 32.082190168742883 ], [ 118.40349633, 32.0821672 ], [ 118.403433564735167, 32.082172103593969 ], [ 118.403496327273004, 32.082167200748898 ], [ 118.403804191434673, 32.082190168742883 ] ] ], [ [ [ 118.402554348240358, 32.08230121976225 ], [ 118.39997433, 32.08264455 ], [ 118.399426112078871, 32.082361421806887 ], [ 118.399974332011993, 32.082644551286997 ], [ 118.402554348240358, 32.08230121976225 ] ] ], [ [ [ 118.3992430696822, 32.081997327336069 ], [ 118.39919009, 32.08155322 ], [ 118.399425493836191, 32.080583406683559 ], [ 118.399190087996999, 32.081553224895899 ], [ 118.3992430696822, 32.081997327336069 ] ] ], [ [ [ 118.399751384862284, 32.079122477472119 ], [ 118.39976158, 32.07901474 ], [ 118.39978266, 32.07828459 ], [ 118.39971869, 32.07768145 ], [ 118.39956066, 32.07723733 ], [ 118.39918953, 32.07689922 ], [ 118.39873536, 32.07671914 ], [ 118.39816414, 32.07666609 ], [ 118.397985627081255, 32.076713870667547 ], [ 118.398735359984002, 32.076719141562897 ], [ 118.399560658349998, 32.077237334930302 ], [ 118.399782658305, 32.078284588264196 ], [ 118.399751384862284, 32.079122477472119 ] ] ], [ [ [ 118.394848653006676, 32.079465809041231 ], [ 118.39453185, 32.07963882 ], [ 118.39360930711868, 32.079638173244462 ], [ 118.394531847522003, 32.079638823411599 ], [ 118.394848653006676, 32.079465809041231 ] ] ], [ [ [ 118.39133350589438, 32.074654720785674 ], [ 118.391441, 32.07445123 ], [ 118.391448832262114, 32.074270444097806 ], [ 118.391440996379998, 32.0744512288545 ], [ 118.39133350589438, 32.074654720785674 ] ] ], [ [ [ 118.391279700136039, 32.073294609241778 ], [ 118.39127011, 32.07323701 ], [ 118.391021444167677, 32.072597447184705 ], [ 118.391270106495995, 32.073237005925002 ], [ 118.391279700136039, 32.073294609241778 ] ] ], [ [ [ 118.390530064054786, 32.071222107872956 ], [ 118.39041933, 32.07088372 ], [ 118.390403452022568, 32.070464580294917 ], [ 118.390419325191004, 32.070883716021399 ], [ 118.390530064054786, 32.071222107872956 ] ] ], [ [ [ 118.390344068733768, 32.070141388190393 ], [ 118.39025544, 32.06972651 ], [ 118.390191148276728, 32.069157774968772 ], [ 118.390255438256006, 32.069726509512698 ], [ 118.390344068733768, 32.070141388190393 ] ] ], [ [ [ 118.389892500852781, 32.067482012089073 ], [ 118.38984868, 32.0673231 ], [ 118.38937479, 32.06646006 ], [ 118.388047485394623, 32.06484418873562 ], [ 118.389374787704, 32.066460062429499 ], [ 118.389892500852781, 32.067482012089073 ] ] ], [ [ [ 118.387801130300687, 32.064539200372245 ], [ 118.38696232, 32.06402243 ], [ 118.38679338510336, 32.063987588156046 ], [ 118.386962318043999, 32.064022430526698 ], [ 118.387801130300687, 32.064539200372245 ] ] ], [ [ [ 118.38462935910745, 32.063887877684941 ], [ 118.3845639, 32.06389354 ], [ 118.384491265249054, 32.063932741534749 ], [ 118.384563901548006, 32.063893540451801 ], [ 118.38462935910745, 32.063887877684941 ] ] ], [ [ [ 118.383815546926641, 32.064505717906883 ], [ 118.38357413, 32.06476127 ], [ 118.38333552540405, 32.064868006435944 ], [ 118.383574133276994, 32.0647612698586 ], [ 118.383815546926641, 32.064505717906883 ] ] ], [ [ [ 118.383146325683768, 32.064939639879185 ], [ 118.38280139, 32.06501077 ], [ 118.382568686638194, 32.064981278219683 ], [ 118.382801386302006, 32.065010772251497 ], [ 118.383146325683768, 32.064939639879185 ] ] ], [ [ [ 118.381772415511989, 32.064702448441821 ], [ 118.37990983, 32.06327227 ], [ 118.379738151638819, 32.063058854391784 ], [ 118.379909827917999, 32.063272272566699 ], [ 118.381772415511989, 32.064702448441821 ] ] ], [ [ [ 118.379625915236943, 32.062852814851034 ], [ 118.37954508, 32.06262139 ], [ 118.379551552035139, 32.062032563244507 ], [ 118.379545077399001, 32.062621389556703 ], [ 118.379625915236943, 32.062852814851034 ] ] ], [ [ [ 118.37965863171209, 32.060159237257693 ], [ 118.3796063, 32.05997376 ], [ 118.379606297044518, 32.059973758855833 ], [ 118.379606296972, 32.059973758990203 ], [ 118.37965863171209, 32.060159237257693 ] ] ] ] } },
{ "type": "Feature", "properties": { "gml_id": "layer_city_boundary_pg.99", "Name": "宣城市", "layer": "市", "code": "341800000000", "grade": 2 }, "geometry": { "type": "MultiPolygon", "coordinates": [ [ [ [ 118.715948567856842, 31.324713459874662 ], [ 118.71594857, 31.32471346 ], [ 118.715912042459038, 31.324544222869669 ], [ 118.715948566994996, 31.324713459554001 ], [ 118.715948567856842, 31.324713459874662 ] ] ], [ [ [ 118.715861774846843, 31.323603113376453 ], [ 118.71586179, 31.323489 ], [ 118.71584485, 31.32303818 ], [ 118.71583588, 31.32281428 ], [ 118.71583592, 31.32236244 ], [ 118.715824713131411, 31.322074128668593 ], [ 118.715835878042995, 31.3228142757367 ], [ 118.715861774846843, 31.323603113376453 ] ] ], [ [ [ 118.715792104729815, 31.320900064695497 ], [ 118.71579212, 31.32078507 ], [ 118.71577518, 31.32033426 ], [ 118.71577522, 31.31988442 ], [ 118.71576625, 31.31965852 ], [ 118.715757634805527, 31.319442506244286 ], [ 118.715775217108003, 31.319884423238801 ], [ 118.715775176730006, 31.320334256353298 ], [ 118.715792104729815, 31.320900064695497 ] ] ], [ [ [ 118.715727503776279, 31.318208571718671 ], [ 118.71571448, 31.31785524 ], [ 118.7157145, 31.31763033 ], [ 118.71570553, 31.31740442 ], [ 118.71570555, 31.31717851 ], [ 118.71569658, 31.3169546 ], [ 118.7156966, 31.31672868 ], [ 118.715690721958779, 31.316581303024314 ], [ 118.715696578779998, 31.316954599456899 ], [ 118.715705547428996, 31.317178506079799 ], [ 118.715705527151997, 31.317404421563499 ], [ 118.715714495623999, 31.317630327552699 ], [ 118.715714475436997, 31.3178552435222 ], [ 118.715727503776279, 31.318208571718671 ] ] ], [ [ [ 118.715627004877888, 31.314838798977377 ], [ 118.71561888, 31.31473052 ], [ 118.71560092, 31.31450462 ], [ 118.715590309343852, 31.314363922449214 ], [ 118.715600918898005, 31.314504622316701 ], [ 118.715627004877888, 31.314838798977377 ] ] ], [ [ [ 118.715562733838837, 31.313896610421033 ], [ 118.71554008, 31.31360603 ], [ 118.71553211, 31.31338112 ], [ 118.71552314, 31.31315522 ], [ 118.71550618, 31.31292932 ], [ 118.71550353622429, 31.312896361125762 ], [ 118.715540076113996, 31.313606026709699 ], [ 118.715562733838837, 31.313896610421033 ] ] ], [ [ [ 118.715461271076194, 31.312354819811247 ], [ 118.71545333, 31.31202872 ], [ 118.71543637, 31.31180282 ], [ 118.715428795189908, 31.311708813907462 ], [ 118.715461271076194, 31.312354819811247 ] ] ], [ [ [ 118.715384825339783, 31.311019206284289 ], [ 118.71537553, 31.31090223 ], [ 118.7153496, 31.31045543 ], [ 118.7153469357186, 31.310421918799129 ], [ 118.715375526529996, 31.310902229642299 ], [ 118.715384825339783, 31.311019206284289 ] ] ], [ [ [ 118.715316466127675, 31.309912969567765 ], [ 118.7152718, 31.30932894 ], [ 118.715267244908887, 31.309214224829045 ], [ 118.715271799167994, 31.309328942262901 ], [ 118.715316466127675, 31.309912969567765 ] ] ], [ [ [ 118.715226689951493, 31.308524884576016 ], [ 118.71520199, 31.30820245 ], [ 118.715196899437998, 31.30807424955908 ], [ 118.715201988947001, 31.308202449557999 ], [ 118.715226689951493, 31.308524884576016 ] ] ], [ [ [ 118.715179391391345, 31.307679057119191 ], [ 118.71515014, 31.30730385 ], [ 118.71514117, 31.30707895 ], [ 118.71512421, 31.30685305 ], [ 118.715118072015116, 31.306775850144422 ], [ 118.715150135577005, 31.307303851179402 ], [ 118.715179391391345, 31.307679057119191 ] ] ], [ [ [ 118.715089163821517, 31.306295092169893 ], [ 118.71507136, 31.30595246 ], [ 118.715046298705175, 31.305618658968879 ], [ 118.715071357282994, 31.305952457842999 ], [ 118.715089163821517, 31.306295092169893 ] ] ], [ [ [ 118.715006588401025, 31.304927786383058 ], [ 118.71500255, 31.30482597 ], [ 118.714983363285057, 31.304584384582768 ], [ 118.715002546272004, 31.304825968613098 ], [ 118.715006588401025, 31.304927786383058 ] ] ], [ [ [ 118.714929392006496, 31.303772491272934 ], [ 118.71491578, 31.30347559 ], [ 118.714906999181565, 31.303365634205701 ], [ 118.714915778519995, 31.3034755875575 ], [ 118.714929392006496, 31.303772491272934 ] ] ], [ [ [ 118.714884363350734, 31.302957743804821 ], [ 118.7148719, 31.3028009 ], [ 118.71484597, 31.30239309 ], [ 118.71482901, 31.30216719 ], [ 118.71482004, 31.30194229 ], [ 118.714812081304913, 31.301837226778172 ], [ 118.714829007264001, 31.3021671923022 ], [ 118.714871895336998, 31.302800898203198 ], [ 118.714884363350734, 31.302957743804821 ] ] ], [ [ [ 118.714767992432783, 31.301195945953115 ], [ 118.7147592, 31.30104371 ], [ 118.71474224, 31.30081981 ], [ 118.714739272709025, 31.300782489211603 ], [ 118.714767992432783, 31.301195945953115 ] ] ], [ [ [ 118.714717787932074, 31.300507784238693 ], [ 118.71469836, 31.30014313 ], [ 118.714684114069229, 31.299963953312695 ], [ 118.714698357027004, 31.300143127992001 ], [ 118.714717787932074, 31.300507784238693 ] ] ], [ [ [ 118.714641489255953, 31.299342180096613 ], [ 118.71463752, 31.29924255 ], [ 118.71462056, 31.29901666 ], [ 118.714611828525605, 31.298904943635574 ], [ 118.714641489255953, 31.299342180096613 ] ] ], [ [ [ 118.714581559304932, 31.298466987297385 ], [ 118.71457668, 31.29834397 ], [ 118.71455972, 31.29811808 ], [ 118.714549599697932, 31.297990792971355 ], [ 118.714581559304932, 31.298466987297385 ] ] ], [ [ [ 118.714516341886991, 31.29756232091724 ], [ 118.71450685, 31.2974434 ], [ 118.714492749382117, 31.297194021570064 ], [ 118.714506846798002, 31.297443402663099 ], [ 118.714516341886991, 31.29756232091724 ] ] ], [ [ [ 118.714395849656412, 31.296879414717157 ], [ 118.71401253, 31.2970571 ], [ 118.713899646187016, 31.297108300183755 ], [ 118.714012526014002, 31.297057103706099 ], [ 118.714395849656412, 31.296879414717157 ] ] ], [ [ [ 118.713331872741151, 31.2973689891225 ], [ 118.71284903, 31.29758821 ], [ 118.71238864, 31.29780066 ], [ 118.71192825, 31.29801312 ], [ 118.71145989, 31.29822559 ], [ 118.711356596582988, 31.298273486356695 ], [ 118.711928252546002, 31.298013119720402 ], [ 118.712849029536002, 31.2975882135501 ], [ 118.713331872741151, 31.2973689891225 ] ] ], [ [ [ 118.709904209829247, 31.298941248780096 ], [ 118.70980219, 31.29898731 ], [ 118.709619681131116, 31.299092956665628 ], [ 118.709802187891, 31.298987312849 ], [ 118.709904209829247, 31.298941248780096 ] ] ], [ [ [ 118.708873856127852, 31.299522905426382 ], [ 118.70871673, 31.29961443 ], [ 118.70827338, 31.2998639 ], [ 118.708205219419952, 31.299903451286578 ], [ 118.708716733176999, 31.299614433117501 ], [ 118.708873856127852, 31.299522905426382 ] ] ], [ [ [ 118.7076259187197, 31.300238818987161 ], [ 118.70740565, 31.30036583 ], [ 118.70718897, 31.30049307 ], [ 118.706788512810888, 31.30072123886189 ], [ 118.7076259187197, 31.300238818987161 ] ] ], [ [ [ 118.706726978043491, 31.30075625983303 ], [ 118.70652896, 31.3008688 ], [ 118.70609462, 31.30111828 ], [ 118.7059838407135, 31.301182832224317 ], [ 118.706726978043491, 31.30075625983303 ] ] ], [ [ [ 118.705539535398032, 31.30143423160062 ], [ 118.70543464, 31.30149303 ], [ 118.705316392480427, 31.301565696579978 ], [ 118.705434637964999, 31.3014930328969 ], [ 118.705539535398032, 31.30143423160062 ] ] ], [ [ [ 118.705022282938799, 31.301735244609254 ], [ 118.70478365, 31.30186878 ], [ 118.704578181161963, 31.30198776477495 ], [ 118.704783650435004, 31.301868781258399 ], [ 118.705022282938799, 31.301735244609254 ] ] ], [ [ [ 118.703544022677477, 31.302559964380965 ], [ 118.70354162, 31.30256125 ], [ 118.70310832, 31.30279977 ], [ 118.7028737, 31.30292106 ], [ 118.702636872757367, 31.303047439453717 ], [ 118.703108317741993, 31.3027997734537 ], [ 118.703544022677477, 31.302559964380965 ] ] ], [ [ [ 118.702373342747734, 31.303189557874859 ], [ 118.70221378, 31.30327887 ], [ 118.702128728992676, 31.303323836248566 ], [ 118.702213777240999, 31.303278874283201 ], [ 118.702373342747734, 31.303189557874859 ] ] ], [ [ [ 118.701656592472503, 31.303578834804899 ], [ 118.70154488, 31.30363971 ], [ 118.70132824, 31.30375798 ], [ 118.701128454071139, 31.303862130976551 ], [ 118.701656592472503, 31.303578834804899 ] ] ], [ [ [ 118.700767800925789, 31.304057290988268 ], [ 118.70065138, 31.30411884 ], [ 118.6999915, 31.30448169 ], [ 118.699732894175554, 31.304619137793797 ], [ 118.699991499689006, 31.304481691568402 ], [ 118.700767800925789, 31.304057290988268 ] ] ], [ [ [ 118.699054499904634, 31.30486989869593 ], [ 118.69896727, 31.30488009 ], [ 118.698888729613344, 31.304877589623327 ], [ 118.698967274674999, 31.3048800911298 ], [ 118.699054499904634, 31.30486989869593 ] ] ], [ [ [ 118.698496047820612, 31.304864730851026 ], [ 118.69765564, 31.30483513 ], [ 118.69686608, 31.30481038 ], [ 118.69634504, 31.30479121 ], [ 118.69622798465015, 31.30471396035534 ], [ 118.698496047820612, 31.304864730851026 ] ] ], [ [ [ 118.69606858898095, 31.304606892371115 ], [ 118.69591986, 31.304504 ], [ 118.695603301768074, 31.304273862331897 ], [ 118.695919855767997, 31.304504002970098 ], [ 118.69606858898095, 31.304606892371115 ] ] ], [ [ [ 118.695457197513122, 31.304168683106589 ], [ 118.69525115, 31.30402226 ], [ 118.695191123112465, 31.303925278320335 ], [ 118.695251146803997, 31.304022263098801 ], [ 118.695457197513122, 31.304168683106589 ] ] ], [ [ [ 118.695063370166579, 31.303676027365913 ], [ 118.69492083, 31.30333506 ], [ 118.6948570074603, 31.303156279401481 ], [ 118.694920828633997, 31.303335063968799 ], [ 118.695063370166579, 31.303676027365913 ] ] ], [ [ [ 118.694776939327184, 31.302863934815434 ], [ 118.694652430079543, 31.302303900357728 ], [ 118.694652426836996, 31.302303901291801 ], [ 118.694776939327184, 31.302863934815434 ] ] ], [ [ [ 118.694827180635002, 31.302253560247816 ], [ 118.69636228, 31.30181135 ], [ 118.69775178, 31.30134135 ], [ 118.698507810890462, 31.301056417668018 ], [ 118.694827180635002, 31.302253560247816 ] ] ], [ [ [ 118.705557774061091, 31.296813214810008 ], [ 118.70755287, 31.29539561 ], [ 118.709533020322127, 31.29405060974327 ], [ 118.707552871492993, 31.295395605778001 ], [ 118.705557774061091, 31.296813214810008 ] ] ], [ [ [ 118.716126521196998, 31.288633825813392 ], [ 118.71903936, 31.28620226 ], [ 118.719877843674283, 31.28553050924215 ], [ 118.719039361461, 31.2862022555274 ], [ 118.716126521196998, 31.288633825813392 ] ] ], [ [ [ 118.726571845114293, 31.283538799431611 ], [ 118.7271837, 31.28361967 ], [ 118.72893736, 31.28353258 ], [ 118.730001141891478, 31.283449696575733 ], [ 118.726571845114293, 31.283538799431611 ] ] ], [ [ [ 118.744798403645504, 31.282025597318938 ], [ 118.74581617, 31.28191224 ], [ 118.746561085524974, 31.281869000347509 ], [ 118.745816165110995, 31.2819122395512 ], [ 118.744798403645504, 31.282025597318938 ] ] ], [ [ [ 118.750607815304605, 31.281579897189825 ], [ 118.75133781, 31.28146013 ], [ 118.75391661, 31.28072515 ], [ 118.7562266, 31.27972542 ], [ 118.75896116, 31.27746463 ], [ 118.7608441222213, 31.275425863236773 ], [ 118.758961156371001, 31.2774646262848 ], [ 118.756226597370002, 31.279725418901101 ], [ 118.753916608837002, 31.2807251490581 ], [ 118.750607815304605, 31.281579897189825 ] ] ], [ [ [ 118.764466723746736, 31.271193260883301 ], [ 118.7653772, 31.27031467 ], [ 118.766789871455742, 31.269514156659351 ], [ 118.765377195596997, 31.270314667137001 ], [ 118.764466723746736, 31.271193260883301 ] ] ], [ [ [ 118.771387931015354, 31.266116639807841 ], [ 118.77342661, 31.26374555 ], [ 118.77484143, 31.26158794 ], [ 118.775544771815063, 31.259436389659925 ], [ 118.774841425901997, 31.2615879433929 ], [ 118.773426606640001, 31.263745549526501 ], [ 118.771387931015354, 31.266116639807841 ] ] ], [ [ [ 118.775367065117564, 31.254705524973016 ], [ 118.7750064, 31.2529149 ], [ 118.774517014724807, 31.251033832354473 ], [ 118.775006396665006, 31.252914904127401 ], [ 118.775367065117564, 31.254705524973016 ] ] ], [ [ [ 118.773927856088477, 31.247417822969908 ], [ 118.773929649979792, 31.247291271425794 ], [ 118.773929649731997, 31.247291272676598 ], [ 118.773927856088477, 31.247417822969908 ] ] ], [ [ [ 118.774790764777876, 31.24453875772366 ], [ 118.77553592, 31.2429789 ], [ 118.77627391, 31.24191818 ], [ 118.78085244670217, 31.237495533810954 ], [ 118.776273905566995, 31.24191817925 ], [ 118.775535915960006, 31.242978897000199 ], [ 118.774790764777876, 31.24453875772366 ] ] ], [ [ [ 118.782681656241081, 31.236164051439864 ], [ 118.78400899, 31.2352726 ], [ 118.785094316274694, 31.234900391988166 ], [ 118.784008986844995, 31.2352725977712 ], [ 118.782681656241081, 31.236164051439864 ] ] ], [ [ [ 118.788088570242465, 31.233562851839878 ], [ 118.78855821, 31.23323683 ], [ 118.78945274, 31.23240451 ], [ 118.790008416629775, 31.231704582531915 ], [ 118.789452741299002, 31.232404507207299 ], [ 118.788088570242465, 31.233562851839878 ] ] ], [ [ [ 118.790208061445995, 31.231538019765381 ], [ 118.790360521987296, 31.231513282387841 ], [ 118.790208063871006, 31.231538017742199 ], [ 118.790208061445995, 31.231538019765381 ] ] ], [ [ [ 118.792241281412217, 31.231531729330335 ], [ 118.79333337, 31.23156275 ], [ 118.793975216626819, 31.231570283741672 ], [ 118.793333372831995, 31.231562745143801 ], [ 118.792241281412217, 31.231531729330335 ] ] ], [ [ [ 118.7969097660568, 31.231308540990955 ], [ 118.79690977, 31.23130854 ], [ 118.797029661445634, 31.231211595534823 ], [ 118.7969097660568, 31.231308540990955 ] ] ], [ [ [ 118.797075079193661, 31.231174870652012 ], [ 118.79707508, 31.23117487 ], [ 118.797111760634223, 31.231090843505417 ], [ 118.797075079193661, 31.231174870652012 ] ] ], [ [ [ 118.797279909452513, 31.230703488862694 ], [ 118.79755303, 31.23035603 ], [ 118.797666743210854, 31.230309335293363 ], [ 118.797553026413993, 31.230356029555399 ], [ 118.797279909452513, 31.230703488862694 ] ] ], [ [ [ 118.798122135831818, 31.230207032730934 ], [ 118.79826435, 31.23020727 ], [ 118.799281032254399, 31.230567324244742 ], [ 118.798264350715996, 31.2302072667093 ], [ 118.798122135831818, 31.230207032730934 ] ] ], [ [ [ 118.800342035698876, 31.23112501938634 ], [ 118.80156342, 31.23182406 ], [ 118.80204128, 31.23244859 ], [ 118.80227571, 31.23271787 ], [ 118.80289184, 31.23337363 ], [ 118.803361680469976, 31.234082834834069 ], [ 118.802891842625996, 31.233373625386001 ], [ 118.801563420698997, 31.231824057599699 ], [ 118.800342035698876, 31.23112501938634 ] ] ], [ [ [ 118.803921247878904, 31.23588421394923 ], [ 118.8040208, 31.23605536 ], [ 118.8042292, 31.23619066 ], [ 118.804517000879954, 31.236251736847546 ], [ 118.803921247878904, 31.23588421394923 ] ] ], [ [ [ 118.804750990888067, 31.236264143008952 ], [ 118.80501875, 31.23626401 ], [ 118.80596462, 31.23626168 ], [ 118.806714653943445, 31.236346362852913 ], [ 118.804750990888067, 31.236264143008952 ] ] ], [ [ [ 118.806720118162403, 31.236346979792526 ], [ 118.80746661, 31.2363813 ], [ 118.80887874170827, 31.23657269398781 ], [ 118.807466610464999, 31.2363812961276 ], [ 118.806720118162403, 31.236346979792526 ] ] ], [ [ [ 118.811136338582372, 31.23705112328744 ], [ 118.81172019, 31.23721063 ], [ 118.812092242871429, 31.237334584876088 ], [ 118.811720190881005, 31.237210625738399 ], [ 118.811136338582372, 31.23705112328744 ] ] ], [ [ [ 118.812984351326335, 31.237718755337177 ], [ 118.81303987, 31.23774681 ], [ 118.81369119, 31.23805887 ], [ 118.81407297, 31.23814654 ], [ 118.814402662080383, 31.238118159154951 ], [ 118.813691189715996, 31.238058868719801 ], [ 118.812984351326335, 31.237718755337177 ] ] ], [ [ [ 118.815098323229236, 31.237529402888249 ], [ 118.81514928, 31.23744985 ], [ 118.815238459515143, 31.23721744862447 ], [ 118.815149278228006, 31.2374498492531 ], [ 118.815098323229236, 31.237529402888249 ] ] ], [ [ [ 118.81577805447867, 31.236116076725477 ], [ 118.81580477, 31.2360667 ], [ 118.815818461540971, 31.236046421844911 ], [ 118.815804769924, 31.2360666997617 ], [ 118.81577805447867, 31.236116076725477 ] ] ], [ [ [ 118.816400221995892, 31.235383883187211 ], [ 118.81686108, 31.23498117 ], [ 118.817440221951117, 31.234435260719831 ], [ 118.816861077840997, 31.234981166781498 ], [ 118.816400221995892, 31.235383883187211 ] ] ], [ [ [ 118.81802191610673, 31.233836336214004 ], [ 118.81851571, 31.23325506 ], [ 118.818785760657519, 31.232902535761106 ], [ 118.818515706716994, 31.233255055953901 ], [ 118.81802191610673, 31.233836336214004 ] ] ], [ [ [ 118.820892673159946, 31.231916338638666 ], [ 118.8216244, 31.23169462 ], [ 118.822430158369158, 31.231627371642816 ], [ 118.821624400656006, 31.231694618560901 ], [ 118.820892673159946, 31.231916338638666 ] ] ], [ [ [ 118.8233028876449, 31.2318388725995 ], [ 118.82338511, 31.23186486 ], [ 118.82363162, 31.23189831 ], [ 118.82443031, 31.23188882 ], [ 118.825324457570048, 31.231730744920021 ], [ 118.824430310528001, 31.231888816364599 ], [ 118.8233028876449, 31.2318388725995 ] ] ], [ [ [ 118.826720178408578, 31.231709622384763 ], [ 118.82789258, 31.23215021 ], [ 118.82941094133345, 31.233195380639984 ], [ 118.827892583752003, 31.2321502092699 ], [ 118.826720178408578, 31.231709622384763 ] ] ], [ [ [ 118.830878389274517, 31.234198611102606 ], [ 118.83102587, 31.23431201 ], [ 118.831153936950642, 31.234488435637957 ], [ 118.831025874044997, 31.234312009764501 ], [ 118.830878389274517, 31.234198611102606 ] ] ], [ [ [ 118.831208229999774, 31.23456323246198 ], [ 118.8311651, 31.23498496 ], [ 118.83100074, 31.23524853 ], [ 118.83092155, 31.23551826 ], [ 118.830921547803385, 31.235551195963421 ], [ 118.831165103740005, 31.234984960054199 ], [ 118.831208229999774, 31.23456323246198 ] ] ], [ [ [ 118.830925749296654, 31.235676800178389 ], [ 118.8310087, 31.23584628 ], [ 118.8312612, 31.23609963 ], [ 118.83223390200304, 31.236771714405496 ], [ 118.831261204756998, 31.236099628812699 ], [ 118.830925749296654, 31.235676800178389 ] ] ], [ [ [ 118.835365411623016, 31.238502708057922 ], [ 118.83546163, 31.23853425 ], [ 118.8358434, 31.23854994 ], [ 118.8361560408202, 31.238491529658699 ], [ 118.835365411623016, 31.238502708057922 ] ] ], [ [ [ 118.83616417928593, 31.238488143055129 ], [ 118.83669415, 31.23826761 ], [ 118.836963105748183, 31.23817826755683 ], [ 118.836694149370999, 31.238267606456802 ], [ 118.83616417928593, 31.238488143055129 ] ] ], [ [ [ 118.837460519747296, 31.238072063194714 ], [ 118.83788356, 31.23807184 ], [ 118.838336194004697, 31.238280732604814 ], [ 118.837883559372997, 31.2380718396033 ], [ 118.837460519747296, 31.238072063194714 ] ] ], [ [ [ 118.840244129594055, 31.239450419831481 ], [ 118.84329998, 31.24043531 ], [ 118.844094416672689, 31.240802783743607 ], [ 118.843299977466003, 31.240435305025699 ], [ 118.840244129594055, 31.239450419831481 ] ] ], [ [ [ 118.844729294932321, 31.241257586660332 ], [ 118.84496605, 31.2414397 ], [ 118.845184448676676, 31.241545928622408 ], [ 118.844966054368996, 31.2414396976848 ], [ 118.844729294932321, 31.241257586660332 ] ] ], [ [ [ 118.845730857542932, 31.241731054206355 ], [ 118.84603402, 31.24179834 ], [ 118.84650289, 31.24178313 ], [ 118.847387462313065, 31.241604403986571 ], [ 118.846502894740993, 31.241783127033202 ], [ 118.845730857542932, 31.241731054206355 ] ] ], [ [ [ 118.849777048261657, 31.241825947005321 ], [ 118.85406216, 31.24249585 ], [ 118.856068687835588, 31.242851848743669 ], [ 118.854062158971004, 31.242495846221399 ], [ 118.849777048261657, 31.241825947005321 ] ] ], [ [ [ 118.863688414097865, 31.244284722506137 ], [ 118.86393097, 31.24433068 ], [ 118.864386082336779, 31.244399592648691 ], [ 118.863930971580999, 31.244330679312899 ], [ 118.863688414097865, 31.244284722506137 ] ] ], [ [ [ 118.866564720955211, 31.243069882036046 ], [ 118.86697709, 31.24260711 ], [ 118.867190361133964, 31.242519506492648 ], [ 118.866977087353007, 31.242607110595099 ], [ 118.866564720955211, 31.243069882036046 ] ] ], [ [ [ 118.867532792887829, 31.242378849604048 ], [ 118.86857406, 31.24223608 ], [ 118.868976407550704, 31.242180074865818 ], [ 118.868574061611994, 31.242236077899701 ], [ 118.867532792887829, 31.242378849604048 ] ] ], [ [ [ 118.871657784647752, 31.241810567312957 ], [ 118.87193286, 31.2417728 ], [ 118.872061078233941, 31.241754706194357 ], [ 118.871932864504004, 31.2417727983117 ], [ 118.871657784647752, 31.241810567312957 ] ] ], [ [ [ 118.872466686227483, 31.241698517432638 ], [ 118.87375574, 31.24152266 ], [ 118.87426724, 31.24144916 ], [ 118.87478874, 31.24137966 ], [ 118.8758207, 31.24123562 ], [ 118.87634116, 31.24116409 ], [ 118.876594382326431, 31.241128734243425 ], [ 118.874267240725004, 31.2414491569196 ], [ 118.873755739046999, 31.241522655350501 ], [ 118.872466686227483, 31.241698517432638 ] ] ], [ [ [ 118.877852789417986, 31.240956986477084 ], [ 118.87793851, 31.24094547 ], [ 118.87819872, 31.24092368 ], [ 118.878562782044909, 31.240891847874366 ], [ 118.877852789417986, 31.240956986477084 ] ] ], [ [ [ 118.879589035599096, 31.240801133594164 ], [ 118.8800221, 31.24076408 ], [ 118.88028229, 31.24074027 ], [ 118.880558179345314, 31.240717531122609 ], [ 118.880282286224997, 31.240740266947501 ], [ 118.879589035599096, 31.240801133594164 ] ] ], [ [ [ 118.881105741338871, 31.240670390677227 ], [ 118.88132299, 31.240651 ], [ 118.88159217, 31.24063018 ], [ 118.881756880660959, 31.240615438090959 ], [ 118.881322994073997, 31.240650997342101 ], [ 118.881105741338871, 31.240670390677227 ] ] ], [ [ [ 118.883016895193109, 31.240503955838783 ], [ 118.88341527, 31.24047134 ], [ 118.883555478268804, 31.24045956345401 ], [ 118.883415267353996, 31.2404713377029 ], [ 118.883016895193109, 31.240503955838783 ] ] ], [ [ [ 118.883938664753231, 31.240426765010533 ], [ 118.8842047, 31.2404038 ], [ 118.884291652858337, 31.240396492924756 ], [ 118.884204695056994, 31.240403798245499 ], [ 118.883938664753231, 31.240426765010533 ] ] ], [ [ [ 118.884700344535261, 31.240360924559781 ], [ 118.88497709, 31.24033623 ], [ 118.885259840812395, 31.240310730337693 ], [ 118.884977085388996, 31.2403362253363 ], [ 118.884700344535261, 31.240360924559781 ] ] ], [ [ [ 118.885656759443833, 31.240275859030287 ], [ 118.88576646, 31.24026664 ], [ 118.885986060865065, 31.240248207211838 ], [ 118.885766455245999, 31.240266637155599 ], [ 118.885656759443833, 31.240275859030287 ] ] ], [ [ [ 118.887981279630154, 31.240282698869638 ], [ 118.88819739, 31.24029164 ], [ 118.888426463736735, 31.240302103210023 ], [ 118.888197386293001, 31.240291636954801 ], [ 118.887981279630154, 31.240282698869638 ] ] ], [ [ [ 118.889399790916784, 31.240343212038361 ], [ 118.88976783, 31.24035913 ], [ 118.889869673608487, 31.240363198970904 ], [ 118.889767831214002, 31.240359129422799 ], [ 118.889399790916784, 31.240343212038361 ] ] ], [ [ [ 118.891198145898414, 31.240419745546131 ], [ 118.89186824, 31.24044763 ], [ 118.892154412234504, 31.240459037727714 ], [ 118.891868236993005, 31.240447626674001 ], [ 118.891198145898414, 31.240419745546131 ] ] ], [ [ [ 118.892582341626266, 31.240476796591359 ], [ 118.89285735, 31.2404888 ], [ 118.893264729458224, 31.240552479891878 ], [ 118.892857352239005, 31.240488796080299 ], [ 118.892582341626266, 31.240476796591359 ] ] ], [ [ [ 118.893478820290355, 31.240585262329642 ], [ 118.89388941, 31.24064688 ], [ 118.89415042, 31.24068789 ], [ 118.89441042, 31.2407269 ], [ 118.89492241, 31.24080691 ], [ 118.8954344, 31.24088691 ], [ 118.895512650972449, 31.240898900406883 ], [ 118.894410418974005, 31.2407268987502 ], [ 118.893889410135998, 31.240646875963101 ], [ 118.893478820290355, 31.240585262329642 ] ] ], [ [ [ 118.89589609545655, 31.240957777816313 ], [ 118.89698826, 31.24112584 ], [ 118.897438466223932, 31.241193207160954 ], [ 118.896988259831005, 31.2411258366491 ], [ 118.89589609545655, 31.240957777816313 ] ] ], [ [ [ 118.898573648521463, 31.241369732714322 ], [ 118.89894091, 31.2414246 ], [ 118.899424071474456, 31.241654723309317 ], [ 118.898940913355005, 31.241424597417399 ], [ 118.898573648521463, 31.241369732714322 ] ] ], [ [ [ 118.900585310932073, 31.242208982530663 ], [ 118.90123119, 31.24251977 ], [ 118.90169201, 31.24273957 ], [ 118.90215182, 31.24295837 ], [ 118.902498378738699, 31.243123268044481 ], [ 118.900585310932073, 31.242208982530663 ] ] ], [ [ [ 118.903166517930089, 31.243445076029751 ], [ 118.9032973, 31.24350682 ], [ 118.903639442256591, 31.243672099954289 ], [ 118.903297304667007, 31.243506816197701 ], [ 118.903166517930089, 31.243445076029751 ] ] ], [ [ [ 118.903876140215971, 31.243785380531396 ], [ 118.90420884, 31.24394334 ], [ 118.90444272, 31.24405221 ], [ 118.905038831277395, 31.244336479281589 ], [ 118.904442717462004, 31.244052208546002 ], [ 118.903876140215971, 31.243785380531396 ] ] ], [ [ [ 118.905631174988002, 31.244621101784087 ], [ 118.90604878, 31.24482026 ], [ 118.906413405222111, 31.244993728644936 ], [ 118.906048777853997, 31.244820256092002 ], [ 118.905631174988002, 31.244621101784087 ] ] ], [ [ [ 118.908707856620026, 31.245913277466794 ], [ 118.90877389, 31.24593446 ], [ 118.908904787816596, 31.245978035101995 ], [ 118.908773889561999, 31.245934459585499 ], [ 118.908707856620026, 31.245913277466794 ] ] ], [ [ [ 118.909041783448828, 31.246023691782845 ], [ 118.90950232, 31.24617795 ], [ 118.909653390056292, 31.246226168989296 ], [ 118.909502323273003, 31.246177947026599 ], [ 118.909041783448828, 31.246023691782845 ] ] ], [ [ [ 118.909944356543591, 31.246320152846323 ], [ 118.91024072, 31.24641641 ], [ 118.910673405321518, 31.246479100774458 ], [ 118.910240721399006, 31.2464164067482 ], [ 118.909944356543591, 31.246320152846323 ] ] ], [ [ [ 118.912490973461388, 31.246460779159275 ], [ 118.91282646, 31.24645668 ], [ 118.913198089895317, 31.246450791362214 ], [ 118.912826456907993, 31.246456675987101 ], [ 118.912490973461388, 31.246460779159275 ] ] ], [ [ [ 118.913543647518594, 31.246445700505348 ], [ 118.9138155, 31.24644195 ], [ 118.915029706869106, 31.246364402997365 ], [ 118.913815500194005, 31.2464419475018 ], [ 118.913543647518594, 31.246445700505348 ] ] ], [ [ [ 118.915676144510812, 31.246278435676594 ], [ 118.91577748, 31.24611351 ], [ 118.915931213414396, 31.245779182925773 ], [ 118.915777476352005, 31.246113505613401 ], [ 118.915676144510812, 31.246278435676594 ] ] ], [ [ [ 118.915992787946777, 31.245649511686761 ], [ 118.91607221, 31.24549053 ], [ 118.91628001, 31.24507354 ], [ 118.91657473, 31.24444856 ], [ 118.91666964, 31.24423957 ], [ 118.91687844, 31.24382556 ], [ 118.916885217005657, 31.243810649880906 ], [ 118.916669641015005, 31.2442395663507 ], [ 118.916280009586004, 31.245073536834401 ], [ 118.915992787946777, 31.245649511686761 ] ] ], [ [ [ 118.917518504267406, 31.243224526833625 ], [ 118.91772051, 31.24311711 ], [ 118.917947677574332, 31.242999201439751 ], [ 118.917720508152001, 31.243117106956099 ], [ 118.917518504267406, 31.243224526833625 ] ] ], [ [ [ 118.918414845948718, 31.242754167748362 ], [ 118.91861446, 31.24264846 ], [ 118.91906591, 31.24241412 ], [ 118.919172873158175, 31.242357643528308 ], [ 118.918614456232007, 31.242648458730301 ], [ 118.918414845948718, 31.242754167748362 ] ] ], [ [ [ 118.919554352496064, 31.242158556389882 ], [ 118.91974307, 31.24206059 ], [ 118.919890436473224, 31.241980451286697 ], [ 118.919743068377002, 31.242060587865801 ], [ 118.919554352496064, 31.242158556389882 ] ] ], [ [ [ 118.920665189882712, 31.241894072857555 ], [ 118.92079269, 31.24188856 ], [ 118.92132196, 31.24187099 ], [ 118.921375791509249, 31.241868864745893 ], [ 118.920792685275998, 31.241888557954798 ], [ 118.920665189882712, 31.241894072857555 ] ] ], [ [ [ 118.921774417868221, 31.241853843820756 ], [ 118.92184223, 31.24185142 ], [ 118.92210286, 31.24184013 ], [ 118.922158867750227, 31.241838346382124 ], [ 118.922102864183003, 31.241840128598401 ], [ 118.921774417868221, 31.241853843820756 ] ] ], [ [ [ 118.922622889822691, 31.241820917457662 ], [ 118.9226321, 31.24182053 ], [ 118.922686896376021, 31.241818364384645 ], [ 118.922632103468999, 31.241820529689001 ], [ 118.922622889822691, 31.241820917457662 ] ] ], [ [ [ 118.923553620410217, 31.241784520557786 ], [ 118.92367356, 31.24177932 ], [ 118.923808563265013, 31.241776046063332 ], [ 118.923673564732994, 31.241779316261201 ], [ 118.923553620410217, 31.241784520557786 ] ] ], [ [ [ 118.9251009537724, 31.241925944817702 ], [ 118.92531401, 31.2419572 ], [ 118.925405414908752, 31.241969703609222 ], [ 118.925314007189002, 31.241957198740799 ], [ 118.9251009537724, 31.241925944817702 ] ] ], [ [ [ 118.926006243479179, 31.242054622444524 ], [ 118.92609474, 31.24206814 ], [ 118.92661588, 31.24214142 ], [ 118.926857350159636, 31.242178508710769 ], [ 118.926615876461, 31.242141415347401 ], [ 118.926006243479179, 31.242054622444524 ] ] ], [ [ [ 118.928256738132916, 31.242382133598529 ], [ 118.92842078, 31.24240582 ], [ 118.928629709957207, 31.242435177970879 ], [ 118.928420780522003, 31.242405817670001 ], [ 118.928256738132916, 31.242382133598529 ] ] ], [ [ [ 118.929560603991405, 31.242547979705375 ], [ 118.92980929, 31.24253576 ], [ 118.930053977750731, 31.242500662386501 ], [ 118.929809294728003, 31.242535757495599 ], [ 118.929560603991405, 31.242547979705375 ] ] ], [ [ [ 118.930077284070634, 31.242497417325495 ], [ 118.93058189, 31.24243166 ], [ 118.93188345, 31.24225974 ], [ 118.93214395, 31.24222435 ], [ 118.93266394, 31.24215756 ], [ 118.93293343, 31.24203818 ], [ 118.932982492499107, 31.242014891315659 ], [ 118.930077284070634, 31.242497417325495 ] ] ], [ [ [ 118.933509567303147, 31.241755277576637 ], [ 118.93430474, 31.24136525 ], [ 118.93475584, 31.2411416 ], [ 118.935012622633309, 31.241012571110076 ], [ 118.933509567303147, 31.241755277576637 ] ] ], [ [ [ 118.935947219608934, 31.240551854547341 ], [ 118.93703014, 31.24001919 ], [ 118.937497188311255, 31.239785087562108 ], [ 118.937030138287, 31.240019188161899 ], [ 118.935947219608934, 31.240551854547341 ] ] ], [ [ [ 118.938111427791071, 31.239474216176745 ], [ 118.93825351, 31.23940028 ], [ 118.93847902, 31.23928692 ], [ 118.938729602717316, 31.239160392423642 ], [ 118.938111427791071, 31.239474216176745 ] ] ], [ [ [ 118.939184754810569, 31.238930852652413 ], [ 118.93960753, 31.23871809 ], [ 118.94005851, 31.23849035 ], [ 118.940155780355084, 31.238439715407424 ], [ 118.939184754810569, 31.238930852652413 ] ] ], [ [ [ 118.940430804063624, 31.238302601472213 ], [ 118.94051847, 31.23826058 ], [ 118.941148528911654, 31.23794130477329 ], [ 118.940518470696006, 31.2382605773963 ], [ 118.940430804063624, 31.238302601472213 ] ] ], [ [ [ 118.941841264005376, 31.237813072404595 ], [ 118.94241104, 31.23778612 ], [ 118.94267041, 31.23777561 ], [ 118.943230578659225, 31.23774925996895 ], [ 118.942411039294996, 31.2377861189726 ], [ 118.941841264005376, 31.237813072404595 ] ] ], [ [ [ 118.945231625136117, 31.238480802767384 ], [ 118.94536069, 31.23854778 ], [ 118.945473000157577, 31.238609497902541 ], [ 118.945360689013995, 31.238547778241699 ], [ 118.945231625136117, 31.238480802767384 ] ] ], [ [ [ 118.947664779407233, 31.239764026772928 ], [ 118.94781723, 31.23984296 ], [ 118.947902170759988, 31.239889849717194 ], [ 118.947817229113994, 31.2398429573804 ], [ 118.947664779407233, 31.239764026772928 ] ] ], [ [ [ 118.948319211367917, 31.239997249800496 ], [ 118.94835579, 31.24000171 ], [ 118.94860712, 31.24002115 ], [ 118.948965837382161, 31.240042656724004 ], [ 118.948319211367917, 31.239997249800496 ] ] ], [ [ [ 118.949434733566349, 31.240074899893418 ], [ 118.94965729, 31.24008979 ], [ 118.949878996832567, 31.240104614746617 ], [ 118.949657293827997, 31.2400897877889 ], [ 118.949434733566349, 31.240074899893418 ] ] ], [ [ [ 118.950620985546976, 31.240154230028796 ], [ 118.95069845, 31.24015941 ], [ 118.95122799, 31.24019219 ], [ 118.951446191823806, 31.240188730468407 ], [ 118.950620985546976, 31.240154230028796 ] ] ], [ [ [ 118.952682893443992, 31.240102752820412 ], [ 118.95297211, 31.2400782 ], [ 118.95350161, 31.24003897 ], [ 118.953670213459461, 31.240024970458162 ], [ 118.952972110321994, 31.240078196470801 ], [ 118.952682893443992, 31.240102752820412 ] ] ], [ [ [ 118.954949571743626, 31.239923368408636 ], [ 118.95532436, 31.23989368 ], [ 118.955452515364613, 31.239883028291821 ], [ 118.955324360573002, 31.2398936753725 ], [ 118.954949571743626, 31.239923368408636 ] ] ], [ [ [ 118.955856408036141, 31.239850513411831 ], [ 118.95662654, 31.23978955 ], [ 118.95715597, 31.23974826 ], [ 118.957169558830643, 31.239747129947371 ], [ 118.956626539311998, 31.239789546767099 ], [ 118.955856408036141, 31.239850513411831 ] ] ], [ [ [ 118.957778414791719, 31.239697896746748 ], [ 118.95843115, 31.23964613 ], [ 118.959220661291411, 31.239676073209154 ], [ 118.958431147363001, 31.239646127720899 ], [ 118.957778414791719, 31.239697896746748 ] ] ], [ [ [ 118.95923424373774, 31.239676585003306 ], [ 118.95975012, 31.23969577 ], [ 118.96027152, 31.23971743 ], [ 118.960681526790879, 31.239732911914412 ], [ 118.959750124223007, 31.239695768794899 ], [ 118.95923424373774, 31.239676585003306 ] ] ], [ [ [ 118.960877439590675, 31.239739766987991 ], [ 118.96132126, 31.23975371 ], [ 118.96144450247759, 31.239760014459726 ], [ 118.96132125938, 31.239753705611601 ], [ 118.960877439590675, 31.239739766987991 ] ] ], [ [ [ 118.961943960185067, 31.239780676015105 ], [ 118.96210281, 31.23978666 ], [ 118.962313747947576, 31.239794470597875 ], [ 118.962102810480999, 31.2397866579206 ], [ 118.961943960185067, 31.239780676015105 ] ] ], [ [ [ 118.962843306382837, 31.239813820353056 ], [ 118.96348244, 31.23983801 ], [ 118.96358487410059, 31.239816879866328 ], [ 118.963482443372001, 31.239838007690501 ], [ 118.962843306382837, 31.239813820353056 ] ] ], [ [ [ 118.96522223561405, 31.239465759167523 ], [ 118.96527074, 31.23945541 ], [ 118.965381416736335, 31.239431156452412 ], [ 118.965270740758001, 31.239455409249199 ], [ 118.96522223561405, 31.239465759167523 ] ] ], [ [ [ 118.965939323421082, 31.239310101492901 ], [ 118.96628547, 31.23923677 ], [ 118.966587249525404, 31.239172359188405 ], [ 118.966285465549007, 31.239236766591102 ], [ 118.965939323421082, 31.239310101492901 ] ] ], [ [ [ 118.968161370168588, 31.238833379601115 ], [ 118.96836866, 31.23878927 ], [ 118.968596573418225, 31.238779913618721 ], [ 118.968368656265994, 31.2387892671392 ], [ 118.968161370168588, 31.238833379601115 ] ] ], [ [ [ 118.969056627297434, 31.238762248431321 ], [ 118.96915006, 31.23875912 ], [ 118.969757439269173, 31.238733212916273 ], [ 118.969150061427001, 31.238759117216802 ], [ 118.969056627297434, 31.238762248431321 ] ] ], [ [ [ 118.970008648207624, 31.238723642874447 ], [ 118.97020055, 31.23871721 ], [ 118.97046965, 31.23870646 ], [ 118.9707208, 31.23869576 ], [ 118.97124204, 31.2386783 ], [ 118.971267120048068, 31.238677297133609 ], [ 118.970720801230996, 31.238695758396499 ], [ 118.970008648207624, 31.238723642874447 ] ] ], [ [ [ 118.971933806549373, 31.238650315953748 ], [ 118.97239612, 31.238759 ], [ 118.97395869, 31.23958116 ], [ 118.974462987750229, 31.239842294846422 ], [ 118.971933806549373, 31.238650315953748 ] ] ], [ [ [ 118.975594628175884, 31.24043512212867 ], [ 118.9759806, 31.24063485 ], [ 118.976291965764688, 31.240629865471945 ], [ 118.975980601966, 31.240634846921299 ], [ 118.975594628175884, 31.24043512212867 ] ] ], [ [ [ 118.976566610190815, 31.240565052069179 ], [ 118.97685756, 31.24047437 ], [ 118.976985105852677, 31.240433624146092 ], [ 118.976857558608998, 31.240474368031698 ], [ 118.976566610190815, 31.240565052069179 ] ] ], [ [ [ 118.977283012659925, 31.240337710096419 ], [ 118.97734387, 31.24031802 ], [ 118.977473280463229, 31.24027786264617 ], [ 118.977343871200006, 31.240318018888001 ], [ 118.977283012659925, 31.240337710096419 ] ] ], [ [ [ 118.978001067594207, 31.240113784793493 ], [ 118.97809027, 31.24008594 ], [ 118.978232625771071, 31.240040461092754 ], [ 118.978090272901994, 31.240085937950699 ], [ 118.978001067594207, 31.240113784793493 ] ] ], [ [ [ 118.978396466461504, 31.239988568503829 ], [ 118.9788277, 31.23985388 ], [ 118.979001853270645, 31.239681730030849 ], [ 118.978827697255994, 31.239853875650599 ], [ 118.978396466461504, 31.239988568503829 ] ] ], [ [ [ 118.979302786713788, 31.239025662273157 ], [ 118.97941772, 31.23870966 ], [ 118.979534382103779, 31.238370891349717 ], [ 118.979417716626003, 31.238709655786401 ], [ 118.979302786713788, 31.239025662273157 ] ] ], [ [ [ 118.979894659959896, 31.237344219516462 ], [ 118.98002572, 31.23698265 ], [ 118.98017324, 31.23655041 ], [ 118.98032972, 31.23612114 ], [ 118.98037381817322, 31.235991323779128 ], [ 118.980173235397999, 31.236550405720099 ], [ 118.980025719544997, 31.2369826451684 ], [ 118.979894659959896, 31.237344219516462 ] ] ], [ [ [ 118.980582627849429, 31.235380223123052 ], [ 118.98062475, 31.23525766 ], [ 118.980809785380444, 31.234743906595245 ], [ 118.980624748924001, 31.235257658376099 ], [ 118.980582627849429, 31.235380223123052 ] ] ], [ [ [ 118.980971271769064, 31.234281494738667 ], [ 118.98100649, 31.23417902 ], [ 118.981065630342727, 31.234014600109667 ], [ 118.981006488700004, 31.2341790192228 ], [ 118.980971271769064, 31.234281494738667 ] ] ], [ [ [ 118.98131330827097, 31.233319343724734 ], [ 118.98133639878489, 31.233252463519502 ], [ 118.981336397519001, 31.2332524637422 ], [ 118.98131330827097, 31.233319343724734 ] ] ], [ [ [ 118.983469486227577, 31.232887226353306 ], [ 118.98364518, 31.23285675 ], [ 118.984003848285241, 31.23279719563406 ], [ 118.983645175014004, 31.2328567466813 ], [ 118.983469486227577, 31.232887226353306 ] ] ], [ [ [ 118.984932763294168, 31.232640336889045 ], [ 118.98519861, 31.2325962 ], [ 118.985756824427526, 31.232498684750801 ], [ 118.985198608587993, 31.2325961953083 ], [ 118.984932763294168, 31.232640336889045 ] ] ], [ [ [ 118.98599475512377, 31.232458583250217 ], [ 118.98622293, 31.23242019 ], [ 118.986561699478969, 31.23244414996315 ], [ 118.986222925842995, 31.2324201850059 ], [ 118.98599475512377, 31.232458583250217 ] ] ], [ [ [ 118.986563637727485, 31.232444442093509 ], [ 118.98682175, 31.23248335 ], [ 118.987318360955598, 31.232554534071252 ], [ 118.986821753707005, 31.2324833450071 ], [ 118.986563637727485, 31.232444442093509 ] ] ], [ [ [ 118.987364084562955, 31.232561070363531 ], [ 118.98836713, 31.23270456 ], [ 118.98854540891665, 31.232731426951524 ], [ 118.988367130306003, 31.232704558699801 ], [ 118.987364084562955, 31.232561070363531 ] ] ], [ [ [ 118.989156376651692, 31.232817789956695 ], [ 118.98930471, 31.23283865 ], [ 118.98941815510922, 31.232877644267024 ], [ 118.989304710911, 31.232838648113201 ], [ 118.989156376651692, 31.232817789956695 ] ] ], [ [ [ 118.989649572863399, 31.232955780008762 ], [ 118.98978993, 31.2330021 ], [ 118.990072127743886, 31.233097539506815 ], [ 118.989789930846001, 31.233002096820002 ], [ 118.989649572863399, 31.232955780008762 ] ] ], [ [ [ 118.990436363458684, 31.233220069701904 ], [ 118.99100547, 31.23341221 ], [ 118.991311514999069, 31.233513098426311 ], [ 118.991005466532997, 31.2334122060014 ], [ 118.990436363458684, 31.233220069701904 ] ] ], [ [ [ 118.99235266570183, 31.233866120796218 ], [ 118.99247207, 31.23390651 ], [ 118.99271518, 31.23398673 ], [ 118.99321036, 31.23415214 ], [ 118.99345346, 31.23423236 ], [ 118.993629064094449, 31.234291749447763 ], [ 118.993453460715003, 31.234232359167301 ], [ 118.993210355586996, 31.234152138421202 ], [ 118.992715178189002, 31.233986726296799 ], [ 118.992472072707997, 31.233906505234 ], [ 118.99235266570183, 31.233866120796218 ] ] ], [ [ [ 118.99374839095384, 31.234332106609727 ], [ 118.99418278, 31.23447902 ], [ 118.994761836125562, 31.234673877658267 ], [ 118.994182775086998, 31.234479018222 ], [ 118.99374839095384, 31.234332106609727 ] ] ], [ [ [ 118.995778556998488, 31.235014482646392 ], [ 118.99614475, 31.23513484 ], [ 118.99638785, 31.23521806 ], [ 118.996627888083609, 31.235299241075374 ], [ 118.995778556998488, 31.235014482646392 ] ] ], [ [ [ 118.997918753745921, 31.235730474926104 ], [ 118.99809758, 31.23579059 ], [ 118.998273884969507, 31.23588249867435 ], [ 118.998097576232993, 31.2357905871852 ], [ 118.997918753745921, 31.235730474926104 ] ] ], [ [ [ 118.999060327722205, 31.236384504877261 ], [ 118.99970364, 31.23681923 ], [ 118.999998404270329, 31.237015713562052 ], [ 118.999703643467001, 31.2368192303943 ], [ 118.999060327722205, 31.236384504877261 ] ] ], [ [ [ 119.000619088276991, 31.237434078456911 ], [ 119.00095303, 31.23765406 ], [ 119.001277801020109, 31.237873194972515 ], [ 119.000953033871994, 31.237654055339799 ], [ 119.000619088276991, 31.237434078456911 ] ] ], [ [ [ 119.001450011176189, 31.237989814251314 ], [ 119.00160463, 31.23809488 ], [ 119.001767144128735, 31.238211772407642 ], [ 119.001604633073995, 31.238094878799998 ], [ 119.001450011176189, 31.237989814251314 ] ] ], [ [ [ 119.002205493797874, 31.238518034824818 ], [ 119.00241166, 31.23866618 ], [ 119.002748543654562, 31.238900085289945 ], [ 119.002411661390994, 31.238666175217499 ], [ 119.002205493797874, 31.238518034824818 ] ] ], [ [ [ 119.002852276878073, 31.238971913778496 ], [ 119.00302839, 31.23909312 ], [ 119.00330117304641, 31.239287957210795 ], [ 119.003028394647998, 31.239093116512102 ], [ 119.002852276878073, 31.238971913778496 ] ] ], [ [ [ 119.004402177731748, 31.240058593424148 ], [ 119.00465144, 31.24023271 ], [ 119.00505995, 31.24051735 ], [ 119.005131636411193, 31.240568552523733 ], [ 119.004402177731748, 31.240058593424148 ] ] ], [ [ [ 119.005635433603587, 31.240922469139562 ], [ 119.00627452, 31.24137432 ], [ 119.00689127, 31.24180128 ], [ 119.00709055, 31.24194562 ], [ 119.007322432028161, 31.242106623958897 ], [ 119.006891274807998, 31.241801278194799 ], [ 119.006274518105997, 31.2413743161577 ], [ 119.005635433603587, 31.240922469139562 ] ] ], [ [ [ 119.008101674391128, 31.242653649658223 ], [ 119.00810686955397, 31.242657269689197 ], [ 119.008106865718005, 31.242657266949202 ], [ 119.008101674391128, 31.242653649658223 ] ] ], [ [ [ 119.00810735534337, 31.242657616684266 ], [ 119.00830614, 31.24279961 ], [ 119.00879338, 31.24314101 ], [ 119.00889302, 31.24324467 ], [ 119.008930097737405, 31.24327875808018 ], [ 119.00810735534337, 31.242657616684266 ] ] ], [ [ [ 119.009074019441428, 31.243379411495098 ], [ 119.0091222, 31.24340392 ], [ 119.009247745492317, 31.243460517967865 ], [ 119.009122195013006, 31.2434039153603 ], [ 119.009074019441428, 31.243379411495098 ] ] ], [ [ [ 119.009266179638544, 31.243473208030011 ], [ 119.00932148, 31.24351128 ], [ 119.0097649, 31.24363991 ], [ 119.01028506, 31.24365337 ], [ 119.010569179151602, 31.243660157196956 ], [ 119.009266179638544, 31.243473208030011 ] ] ], [ [ [ 119.011455846478455, 31.243680139474588 ], [ 119.01211663, 31.24369697 ], [ 119.01243609343517, 31.243704466227733 ], [ 119.012116632471006, 31.243696966299002 ], [ 119.011455846478455, 31.243680139474588 ] ] ], [ [ [ 119.013022079595217, 31.24371839662474 ], [ 119.01316797, 31.24372189 ], [ 119.013215793538222, 31.24372281604116 ], [ 119.013167966146995, 31.2437218889443 ], [ 119.013022079595217, 31.24371839662474 ] ] ], [ [ [ 119.013688136314826, 31.243734231943922 ], [ 119.01394826, 31.24374162 ], [ 119.014118158872819, 31.243626624594128 ], [ 119.013948257766998, 31.2437416152457 ], [ 119.013688136314826, 31.243734231943922 ] ] ], [ [ [ 119.014833896577642, 31.242939590353121 ], [ 119.01505952, 31.24271787 ], [ 119.015146536168928, 31.242632340604661 ], [ 119.015059516570005, 31.242717867671399 ], [ 119.014833896577642, 31.242939590353121 ] ] ], [ [ [ 119.016013680719993, 31.24176099314235 ], [ 119.0160841, 31.24169139 ], [ 119.01642297, 31.24135058 ], [ 119.016506139746369, 31.241268369424962 ], [ 119.016422970163006, 31.2413505765191 ], [ 119.016013680719993, 31.24176099314235 ] ] ], [ [ [ 119.017594998959311, 31.2401796532628 ], [ 119.017621008355661, 31.240152711703274 ], [ 119.017621007358002, 31.240152711739899 ], [ 119.017594998959311, 31.2401796532628 ] ] ], [ [ [ 119.01808022985341, 31.240156926995883 ], [ 119.01844522, 31.24019037 ], [ 119.018664480621609, 31.240209892860953 ], [ 119.018445220657, 31.2401903662231 ], [ 119.01808022985341, 31.240156926995883 ] ] ], [ [ [ 119.018767308192608, 31.240219774946709 ], [ 119.01896646, 31.24023988 ], [ 119.01948771, 31.2402874 ], [ 119.01974784, 31.24031366 ], [ 119.019933639657779, 31.240330273616422 ], [ 119.019487713752994, 31.240287396048998 ], [ 119.018966463953006, 31.240239878006602 ], [ 119.018767308192608, 31.240219774946709 ] ] ], [ [ [ 119.020378208899643, 31.240372809599631 ], [ 119.02052924, 31.24038745 ], [ 119.02078937, 31.24041172 ], [ 119.02104951, 31.24043699 ], [ 119.02157078, 31.24048553 ], [ 119.02183192, 31.2405118 ], [ 119.02235221, 31.24056135 ], [ 119.02288248, 31.24060888 ], [ 119.02339381, 31.24065947 ], [ 119.023609705393795, 31.240615803590185 ], [ 119.020378208899643, 31.240372809599631 ] ] ], [ [ [ 119.024555786054606, 31.240286352532888 ], [ 119.02474848, 31.24021202 ], [ 119.024990452957326, 31.24011867475981 ], [ 119.024748483718, 31.2402120153927 ], [ 119.024555786054606, 31.240286352532888 ] ] ], [ [ [ 119.028003635644737, 31.238992180100315 ], [ 119.02811697, 31.2389537 ], [ 119.028273757268963, 31.238902074609221 ], [ 119.028116966555004, 31.2389536992521 ], [ 119.028003635644737, 31.238992180100315 ] ] ], [ [ [ 119.029189240075567, 31.238601699449728 ], [ 119.02934123, 31.23855073 ], [ 119.029562527599069, 31.238557591117729 ], [ 119.029341225067, 31.2385507252772 ], [ 119.029189240075567, 31.238601699449728 ] ] ], [ [ [ 119.029911153933526, 31.238581508091098 ], [ 119.03001815, 31.23859398 ], [ 119.03053956, 31.23865263 ], [ 119.030935016068739, 31.23869492403529 ], [ 119.029911153933526, 31.238581508091098 ] ] ], [ [ [ 119.03135406955144, 31.238762770803977 ], [ 119.03152856, 31.23888204 ], [ 119.032305365150791, 31.239381718813508 ], [ 119.031528564425003, 31.238882036348102 ], [ 119.03135406955144, 31.238762770803977 ] ] ], [ [ [ 119.032389206374077, 31.239436697976153 ], [ 119.03257937, 31.23956212 ], [ 119.032737851270753, 31.239665872831157 ], [ 119.032579373708003, 31.2395621152796 ], [ 119.032389206374077, 31.239436697976153 ] ] ], [ [ [ 119.033156435910328, 31.23994092664417 ], [ 119.03362125, 31.24024625 ], [ 119.0338386, 31.24038266 ], [ 119.03421152, 31.24037176 ], [ 119.03438503, 31.24020941 ], [ 119.03475, 31.23988568 ], [ 119.034761685998177, 31.239875090304572 ], [ 119.034385028485005, 31.240209409181301 ], [ 119.034211516458001, 31.2403717553787 ], [ 119.033838599956994, 31.240382655685899 ], [ 119.033156435910328, 31.23994092664417 ] ] ], [ [ [ 119.03515076869175, 31.239532062116552 ], [ 119.03547897, 31.23923223 ], [ 119.03584396, 31.23890951 ], [ 119.036089260992796, 31.238689971657358 ], [ 119.03515076869175, 31.239532062116552 ] ] ], [ [ [ 119.036334930790005, 31.238464960415246 ], [ 119.03656399, 31.2382581 ], [ 119.03688095936549, 31.237984567930567 ], [ 119.036563985932005, 31.238258103206999 ], [ 119.036334930790005, 31.238464960415246 ] ] ], [ [ [ 119.036937967127827, 31.237935372478567 ], [ 119.03693797, 31.23793537 ], [ 119.036944840948749, 31.237929220030257 ], [ 119.036937967127827, 31.237935372478567 ] ] ], [ [ [ 119.038193168224893, 31.237298285737033 ], [ 119.03863933, 31.23714581 ], [ 119.03886817943291, 31.237065382600058 ], [ 119.038639327555998, 31.237145805208801 ], [ 119.038193168224893, 31.237298285737033 ] ] ], [ [ [ 119.038911638294181, 31.237050388175419 ], [ 119.03936837, 31.23689427 ], [ 119.03985507, 31.23672425 ], [ 119.040202781238804, 31.23660684676117 ], [ 119.039855069176994, 31.236724248766599 ], [ 119.038911638294181, 31.237050388175419 ] ] ], [ [ [ 119.04220843483678, 31.235915217102423 ], [ 119.04229471, 31.23588527 ], [ 119.04277249, 31.23571832 ], [ 119.043116434998012, 31.235598689419966 ], [ 119.042772491286996, 31.2357183175464 ], [ 119.04220843483678, 31.235915217102423 ] ] ], [ [ [ 119.044120069574589, 31.23550352922938 ], [ 119.04422183, 31.23551035 ], [ 119.044408836794815, 31.235521806725089 ], [ 119.044221830423993, 31.235510348834701 ], [ 119.044120069574589, 31.23550352922938 ] ] ], [ [ [ 119.044929695422539, 31.235552979714939 ], [ 119.04501186, 31.23555769 ], [ 119.045114715721823, 31.235565625178126 ], [ 119.045011857527001, 31.2355576889302 ], [ 119.044929695422539, 31.235552979714939 ] ] ], [ [ [ 119.045410757303102, 31.235585710422765 ], [ 119.04579393, 31.23560807 ], [ 119.046005024924284, 31.23562222623513 ], [ 119.045793930553003, 31.235608066567298 ], [ 119.045410757303102, 31.235585710422765 ] ] ], [ [ [ 119.046291514914884, 31.235640080377888 ], [ 119.04657503, 31.23565747 ], [ 119.046650018074246, 31.235662606550843 ], [ 119.046575032530995, 31.235657469154201 ], [ 119.046291514914884, 31.235640080377888 ] ] ], [ [ [ 119.047504827612016, 31.235716428342585 ], [ 119.0481463, 31.23575633 ], [ 119.048697769646338, 31.235793048194509 ], [ 119.048146295760006, 31.235756325133099 ], [ 119.047504827612016, 31.235716428342585 ] ] ], [ [ [ 119.049271495978843, 31.235849644912303 ], [ 119.04959693, 31.23595346 ], [ 119.04991327098611, 31.236203327939808 ], [ 119.049596933946006, 31.2359534573236 ], [ 119.049271495978843, 31.235849644912303 ] ] ], [ [ [ 119.050953063403412, 31.237045551417868 ], [ 119.0511244, 31.23718706 ], [ 119.051315322685141, 31.237340121053307 ], [ 119.051124402650998, 31.237187057322299 ], [ 119.050953063403412, 31.237045551417868 ] ] ], [ [ [ 119.051358645089536, 31.23737514486 ], [ 119.05169711, 31.23764881 ], [ 119.051973094935448, 31.237864172870793 ], [ 119.051697106380999, 31.237648806806501 ], [ 119.051358645089536, 31.23737514486 ] ] ], [ [ [ 119.053468069715677, 31.238979230353273 ], [ 119.05350413, 31.238995 ], [ 119.053558772787184, 31.23901865098334 ], [ 119.053504126850996, 31.238994998079601 ], [ 119.053468069715677, 31.238979230353273 ] ] ], [ [ [ 119.055439208095379, 31.239827656472603 ], [ 119.05560476, 31.23990004 ], [ 119.056423526227888, 31.240248385426025 ], [ 119.055604756004001, 31.239900036935101 ], [ 119.055439208095379, 31.239827656472603 ] ] ], [ [ [ 119.057348263462259, 31.240337238394893 ], [ 119.05748007, 31.24032183 ], [ 119.057580601769303, 31.240310100457457 ], [ 119.057480069326999, 31.240321828998798 ], [ 119.057348263462259, 31.240337238394893 ] ] ], [ [ [ 119.058155628052432, 31.240241832483733 ], [ 119.05826161, 31.24022866 ], [ 119.058859980525668, 31.240158872607108 ], [ 119.058261608482994, 31.240228657081101 ], [ 119.058155628052432, 31.240241832483733 ] ] ], [ [ [ 119.059509525780186, 31.240083138040362 ], [ 119.05956424, 31.24007676 ], [ 119.059636467811401, 31.240067912237674 ], [ 119.059564240293, 31.240076759230899 ], [ 119.059509525780186, 31.240083138040362 ] ] ], [ [ [ 119.060371646119762, 31.239979618296086 ], [ 119.06085797, 31.23992295 ], [ 119.06196391822354, 31.239790608283172 ], [ 119.060857972112998, 31.239922946765599 ], [ 119.060371646119762, 31.239979618296086 ] ] ], [ [ [ 119.06272584275554, 31.239674671826624 ], [ 119.06300242, 31.23947419 ], [ 119.06321109, 31.23932898 ], [ 119.063350775444945, 31.239227410934916 ], [ 119.063002415759996, 31.2394741880839 ], [ 119.06272584275554, 31.239674671826624 ] ] ], [ [ [ 119.063751400587336, 31.238937825992185 ], [ 119.06381017, 31.23889539 ], [ 119.063814462636145, 31.23889224736903 ], [ 119.063810174593002, 31.238895386495699 ], [ 119.063751400587336, 31.238937825992185 ] ] ], [ [ [ 119.065542784158723, 31.237653525281168 ], [ 119.06562551, 31.23759369 ], [ 119.06589413, 31.23736747 ], [ 119.06606789, 31.23719434 ], [ 119.066204362126712, 31.237049713917362 ], [ 119.065542784158723, 31.237653525281168 ] ] ], [ [ [ 119.066466211130162, 31.236776190354018 ], [ 119.06657121, 31.23667098 ], [ 119.06673599, 31.23649786 ], [ 119.06706655, 31.23614864 ], [ 119.067137573283318, 31.236073591000789 ], [ 119.066466211130162, 31.236776190354018 ] ] ], [ [ [ 119.067550629292214, 31.235645167156115 ], [ 119.06756989, 31.2356253 ], [ 119.067700860424608, 31.235487717075042 ], [ 119.067569891844002, 31.235625297643701 ], [ 119.067550629292214, 31.235645167156115 ] ] ], [ [ [ 119.068100911042848, 31.235062077315845 ], [ 119.06823005, 31.23492888 ], [ 119.068264086175063, 31.234893125389494 ], [ 119.068230051121006, 31.234928876469699 ], [ 119.068100911042848, 31.235062077315845 ] ] ], [ [ [ 119.070412210720633, 31.234253214255908 ], [ 119.07055711, 31.23421775 ], [ 119.07106051, 31.23409231 ], [ 119.0710702639998, 31.234097910495461 ], [ 119.070412210720633, 31.234253214255908 ] ] ], [ [ [ 119.072175370367049, 31.234730560573151 ], [ 119.07241485, 31.23486667 ], [ 119.0726236, 31.23499042 ], [ 119.072764827572897, 31.235071837939554 ], [ 119.072414849156999, 31.2348666662079 ], [ 119.072175370367049, 31.234730560573151 ] ] ], [ [ [ 119.074829131912765, 31.236273932766355 ], [ 119.07498422781741, 31.236498241733617 ], [ 119.074829134191006, 31.236273934306901 ], [ 119.074829131912765, 31.236273932766355 ] ] ], [ [ [ 119.075131959087898, 31.236709933317094 ], [ 119.07550637, 31.23724395 ], [ 119.07576609, 31.23763258 ], [ 119.075824510101114, 31.237718656568052 ], [ 119.075131959087898, 31.236709933317094 ] ] ], [ [ [ 119.076393800081988, 31.238542732697201 ], [ 119.07643537, 31.23860263 ], [ 119.07657422, 31.23879644 ], [ 119.076724900328713, 31.239013789070885 ], [ 119.076574224625006, 31.2387964394972 ], [ 119.076393800081988, 31.238542732697201 ] ] ], [ [ [ 119.077389771779721, 31.240070915699167 ], [ 119.07747729, 31.24020916 ], [ 119.07772004, 31.24060881 ], [ 119.077899471956911, 31.240900784424468 ], [ 119.077477290019004, 31.2402091561842 ], [ 119.077389771779721, 31.240070915699167 ] ] ], [ [ [ 119.078186476469114, 31.241372938947467 ], [ 119.07832844, 31.24160395 ], [ 119.078328440990816, 31.241603950300259 ], [ 119.078186476469114, 31.241372938947467 ] ] ], [ [ [ 119.078871607329646, 31.241768922073039 ], [ 119.07907482, 31.24183238 ], [ 119.07956943, 31.24198301 ], [ 119.079742769105309, 31.242037737041361 ], [ 119.079569430503, 31.2419830075061 ], [ 119.078871607329646, 31.241768922073039 ] ] ], [ [ [ 119.080056059294066, 31.24213664977712 ], [ 119.08005606, 31.24213665 ], [ 119.08019360166513, 31.242010688290286 ], [ 119.080056059294066, 31.24213664977712 ] ] ], [ [ [ 119.080544798842809, 31.241687590536362 ], [ 119.08077661, 31.24147255 ], [ 119.08084020033354, 31.241411471976498 ], [ 119.080776605829001, 31.2414725510917 ], [ 119.080544798842809, 31.241687590536362 ] ] ], [ [ [ 119.08171258808936, 31.240681879780745 ], [ 119.08183599, 31.2405924 ], [ 119.082036411463818, 31.24050675561077 ], [ 119.081835986106995, 31.240592400575501 ], [ 119.08171258808936, 31.240681879780745 ] ] ], [ [ [ 119.083234124491327, 31.239983511900927 ], [ 119.0832422, 31.23998003 ], [ 119.08347708, 31.23987598 ], [ 119.084148512589891, 31.239583831478146 ], [ 119.083477083917003, 31.2398759754666 ], [ 119.083234124491327, 31.239983511900927 ] ] ], [ [ [ 119.084242967721636, 31.239541446005145 ], [ 119.08440664, 31.23946679 ], [ 119.08487543, 31.23926471 ], [ 119.08492040753886, 31.239244703744582 ], [ 119.084406636663999, 31.239466790325501 ], [ 119.084242967721636, 31.239541446005145 ] ] ], [ [ [ 119.085499252124265, 31.238990947705936 ], [ 119.08581305, 31.23885458 ], [ 119.08604796, 31.23875056 ], [ 119.086495004295003, 31.23855789890791 ], [ 119.086047958167995, 31.238750555918401 ], [ 119.085499252124265, 31.238990947705936 ] ] ], [ [ [ 119.086534963044912, 31.238546090741206 ], [ 119.08680269, 31.23851045 ], [ 119.086953576116883, 31.23849537873819 ], [ 119.086802685711007, 31.238510448333098 ], [ 119.086534963044912, 31.238546090741206 ] ] ], [ [ [ 119.087985929213858, 31.23839832213249 ], [ 119.08837418, 31.23836515 ], [ 119.088823313604692, 31.238321293640837 ], [ 119.088374181858001, 31.238365145011301 ], [ 119.087985929213858, 31.23839832213249 ] ] ], [ [ [ 119.089592306323794, 31.238251793261917 ], [ 119.08967686, 31.23824398 ], [ 119.089941347064865, 31.238218567103864 ], [ 119.089676862607007, 31.238243977427899 ], [ 119.089592306323794, 31.238251793261917 ] ] ], [ [ [ 119.090587667354825, 31.238156481947627 ], [ 119.09097963, 31.23812089 ], [ 119.091357712365166, 31.238084586312546 ], [ 119.090979632271001, 31.238120886075201 ], [ 119.090587667354825, 31.238156481947627 ] ] ], [ [ [ 119.091626467321845, 31.238059920502309 ], [ 119.09202951, 31.23802487 ], [ 119.092283800434913, 31.238000579156054 ], [ 119.092029510653006, 31.238024865604402 ], [ 119.091626467321845, 31.238059920502309 ] ] ], [ [ [ 119.093187520633634, 31.23791501751511 ], [ 119.09332444, 31.23790191 ], [ 119.093398765720565, 31.237895005035877 ], [ 119.093324439718998, 31.237901909182099 ], [ 119.093187520633634, 31.23791501751511 ] ] ], [ [ [ 119.094186977648604, 31.237878140534455 ], [ 119.09447044, 31.23788297 ], [ 119.09499046, 31.23789101 ], [ 119.095644830433002, 31.237902614798763 ], [ 119.094990461804002, 31.2378910060078 ], [ 119.094186977648604, 31.237878140534455 ] ] ], [ [ [ 119.096954531267883, 31.237902144625593 ], [ 119.09724872, 31.23785734 ], [ 119.098194229363102, 31.237608807652272 ], [ 119.097248719633001, 31.237857337709102 ], [ 119.096954531267883, 31.237902144625593 ] ] ], [ [ [ 119.098277107519891, 31.237587120008218 ], [ 119.09875107, 31.23746285 ], [ 119.09902015, 31.23735897 ], [ 119.099180808910035, 31.237290401515736 ], [ 119.098277107519891, 31.237587120008218 ] ] ], [ [ [ 119.099897410667339, 31.23713931384043 ], [ 119.09998339, 31.23763411 ], [ 119.099978809501167, 31.237986465946047 ], [ 119.099983392721001, 31.237634114154499 ], [ 119.099897410667339, 31.23713931384043 ] ] ], [ [ [ 119.09997527611786, 31.238865132528502 ], [ 119.09997524, 31.23921239 ], [ 119.09996622, 31.23943729 ], [ 119.099966213567882, 31.23950994072775 ], [ 119.099975243916006, 31.239212394243498 ], [ 119.09997527611786, 31.238865132528502 ] ] ], [ [ [ 119.099976707602693, 31.240019521279947 ], [ 119.10001815, 31.24035589 ], [ 119.100054933236791, 31.240625412562562 ], [ 119.100018151097998, 31.240355888988599 ], [ 119.099976707602693, 31.240019521279947 ] ] ], [ [ [ 119.100171106916136, 31.241479681588718 ], [ 119.10026106, 31.24214616 ], [ 119.100279073862239, 31.242296931822157 ], [ 119.100261061512001, 31.2421461554849 ], [ 119.100171106916136, 31.241479681588718 ] ] ], [ [ [ 119.100437405933391, 31.24347426596508 ], [ 119.10053096, 31.24416233 ], [ 119.100540072576308, 31.244282423994104 ], [ 119.100530962885998, 31.244162334779599 ], [ 119.100437405933391, 31.24347426596508 ] ] ], [ [ [ 119.100759795868257, 31.24594455169126 ], [ 119.10081685, 31.24640143 ], [ 119.10093881, 31.24729807 ], [ 119.10099979, 31.24774489 ], [ 119.101050553944901, 31.248182233397532 ], [ 119.100999792639001, 31.2477448897078 ], [ 119.100759795868257, 31.24594455169126 ] ] ], [ [ [ 119.101051769986114, 31.248192709880385 ], [ 119.10132068, 31.25020791 ], [ 119.101450941591551, 31.251132432153483 ], [ 119.101320681318001, 31.250207908092101 ], [ 119.101051769986114, 31.248192709880385 ] ] ], [ [ [ 119.101619578933352, 31.252451362981521 ], [ 119.10186766, 31.252728 ], [ 119.10249285, 31.25345093 ], [ 119.102701604166427, 31.253684220606591 ], [ 119.101867658824006, 31.252727996962602 ], [ 119.101619578933352, 31.252451362981521 ] ] ], [ [ [ 119.103527039864574, 31.254635189975801 ], [ 119.10359524, 31.25471385 ], [ 119.103634370571044, 31.254759191733257 ], [ 119.103595237432998, 31.254713846437099 ], [ 119.103527039864574, 31.254635189975801 ] ] ], [ [ [ 119.103855352667395, 31.255011045770644 ], [ 119.10407342, 31.25525483 ], [ 119.104281604948298, 31.25549493668483 ], [ 119.104073423889005, 31.255254830849001 ], [ 119.103855352667395, 31.255011045770644 ] ] ], [ [ [ 119.104416690385037, 31.255653098738872 ], [ 119.10453361, 31.25579682 ], [ 119.105098596080026, 31.256438156554914 ], [ 119.104533611704994, 31.255796815528502 ], [ 119.104416690385037, 31.255653098738872 ] ] ], [ [ [ 119.105791035101447, 31.257234506272844 ], [ 119.10595726, 31.25742085 ], [ 119.106086810674014, 31.257570609354637 ], [ 119.10595726151, 31.257420847013002 ], [ 119.105791035101447, 31.257234506272844 ] ] ], [ [ [ 119.10692587031204, 31.258541119686562 ], [ 119.10705182, 31.25868592 ], [ 119.107185312559764, 31.258840301506996 ], [ 119.107051824644003, 31.258685920873699 ], [ 119.10692587031204, 31.258541119686562 ] ] ], [ [ [ 119.107518662973789, 31.259224760317338 ], [ 119.10767717, 31.25940699 ], [ 119.1079023, 31.25962603 ], [ 119.108056310550722, 31.259715454565882 ], [ 119.107518662973789, 31.259224760317338 ] ] ], [ [ [ 119.108145296077765, 31.259767362394776 ], [ 119.10833658, 31.2598802 ], [ 119.108472131001776, 31.259958902603287 ], [ 119.108336583850004, 31.259880195979999 ], [ 119.108145296077765, 31.259767362394776 ] ] ], [ [ [ 119.108691109416597, 31.2600873195573 ], [ 119.10898802, 31.26026246 ], [ 119.109200516804336, 31.260385848082244 ], [ 119.108988018611996, 31.260262457444799 ], [ 119.108691109416597, 31.2600873195573 ] ] ], [ [ [ 119.109208643818235, 31.260390563820451 ], [ 119.10963847, 31.26063974 ], [ 119.109749698659513, 31.260705046559398 ], [ 119.109638472490005, 31.260639736944999 ], [ 119.109208643818235, 31.260390563820451 ] ] ], [ [ [ 119.10995842279705, 31.260830475483079 ], [ 119.11006478, 31.26089593 ], [ 119.110189914306432, 31.260966007879119 ], [ 119.110064779566002, 31.2608959251627 ], [ 119.10995842279705, 31.260830475483079 ] ] ], [ [ [ 119.110395103820323, 31.261086434515342 ], [ 119.1104991, 31.26115013 ], [ 119.11085116650726, 31.26135109123442 ], [ 119.110499101493005, 31.261150127071101 ], [ 119.110395103820323, 31.261086434515342 ] ] ], [ [ [ 119.111970435069779, 31.262008438159544 ], [ 119.11201829, 31.26203789 ], [ 119.112106381606367, 31.262088008995551 ], [ 119.112018294129001, 31.262037890594801 ], [ 119.111970435069779, 31.262008438159544 ] ] ], [ [ [ 119.113059079985803, 31.262647331111442 ], [ 119.11310321, 31.26267449 ], [ 119.113161184909956, 31.262707329634001 ], [ 119.113103208108001, 31.262674488029901 ], [ 119.113059079985803, 31.262647331111442 ] ] ], [ [ [ 119.113573492845731, 31.262946790522111 ], [ 119.11375478, 31.26305387 ], [ 119.113884782837147, 31.263129363820667 ], [ 119.113754781997997, 31.263053869164601 ], [ 119.113573492845731, 31.262946790522111 ] ] ], [ [ [ 119.114079890785135, 31.263243661351346 ], [ 119.11418917, 31.26330813 ], [ 119.114277731537868, 31.263360615614467 ], [ 119.114189174683005, 31.263308131382999 ], [ 119.114079890785135, 31.263243661351346 ] ] ], [ [ [ 119.114493810955452, 31.263487622532786 ], [ 119.11462257, 31.2635624 ], [ 119.114622574315959, 31.263562399532585 ], [ 119.114493810955452, 31.263487622532786 ] ] ], [ [ [ 119.115195137218222, 31.263499711128599 ], [ 119.11538635, 31.26347712 ], [ 119.115665309742326, 31.263445829696426 ], [ 119.115386348003994, 31.263477118493402 ], [ 119.115195137218222, 31.263499711128599 ] ] ], [ [ [ 119.117123814040198, 31.263283632909637 ], [ 119.11721029, 31.26327392 ], [ 119.117312227473079, 31.263262862528467 ], [ 119.117210294437001, 31.263273918827 ], [ 119.117123814040198, 31.263283632909637 ] ] ], [ [ [ 119.118110124534709, 31.2631749514033 ], [ 119.11825247, 31.263159 ], [ 119.11850376, 31.26312827 ], [ 119.118723892786946, 31.263163890209171 ], [ 119.118110124534709, 31.2631749514033 ] ] ], [ [ [ 119.119250039790487, 31.263251958003647 ], [ 119.11943283, 31.26328316 ], [ 119.119755954431895, 31.263336750795045 ], [ 119.119432827322996, 31.2632831579797 ], [ 119.119250039790487, 31.263251958003647 ] ] ], [ [ [ 119.120740806729799, 31.263501084092422 ], [ 119.12097868, 31.26353971 ], [ 119.121213837973499, 31.263579475983637 ], [ 119.120978682295998, 31.263539705841399 ], [ 119.120740806729799, 31.263501084092422 ] ] ], [ [ [ 119.122628127585315, 31.263814470504474 ], [ 119.12304531, 31.2638829 ], [ 119.123514876003085, 31.26396359121544 ], [ 119.123045306693996, 31.263882896907901 ], [ 119.122628127585315, 31.263814470504474 ] ] ], [ [ [ 119.125243084436249, 31.264251356655929 ], [ 119.12561479, 31.26431281 ], [ 119.125723948738226, 31.264330124805426 ], [ 119.125614791830003, 31.264312807097699 ], [ 119.125243084436249, 31.264251356655929 ] ] ], [ [ [ 119.127252321579505, 31.264970917330182 ], [ 119.12740331, 31.26508775 ], [ 119.12776088768139, 31.2653720577146 ], [ 119.127403313529001, 31.265087746253698 ], [ 119.127252321579505, 31.264970917330182 ] ] ], [ [ [ 119.128700049840432, 31.266118664153474 ], [ 119.12874924, 31.26615806 ], [ 119.128861535156247, 31.266248580651098 ], [ 119.128749239013999, 31.266158058535801 ], [ 119.128700049840432, 31.266118664153474 ] ] ], [ [ [ 119.129393714839594, 31.266668390211617 ], [ 119.12952137, 31.26677184 ], [ 119.12990394, 31.26707823 ], [ 119.130005891907246, 31.267157111004003 ], [ 119.129393714839594, 31.266668390211617 ] ] ], [ [ [ 119.130365955760922, 31.267445796888065 ], [ 119.1304768, 31.26753582 ], [ 119.131194173594054, 31.268106160172266 ], [ 119.130476798670003, 31.267535817142999 ], [ 119.130365955760922, 31.267445796888065 ] ] ], [ [ [ 119.13169591202103, 31.268507637293286 ], [ 119.13183988, 31.26863926 ], [ 119.131884396334229, 31.268780346500634 ], [ 119.131839884748004, 31.268639256015 ], [ 119.13169591202103, 31.268507637293286 ] ] ], [ [ [ 119.132041580233704, 31.269299028544452 ], [ 119.13217032, 31.26972826 ], [ 119.13230851, 31.27016628 ], [ 119.13243868, 31.27060028 ], [ 119.13249976, 31.27082227 ], [ 119.132556420234437, 31.271011166464454 ], [ 119.132438683195005, 31.270600277727599 ], [ 119.132308509385993, 31.270166275152501 ], [ 119.132041580233704, 31.269299028544452 ] ] ], [ [ [ 119.132770747730234, 31.271587905884179 ], [ 119.13294238, 31.2720314 ], [ 119.133038328229034, 31.272255165146191 ], [ 119.132942383558003, 31.272031398271402 ], [ 119.132770747730234, 31.271587905884179 ] ] ], [ [ [ 119.133224679469023, 31.272715020126107 ], [ 119.13328988, 31.27288354 ], [ 119.13346313, 31.27330862 ], [ 119.133571715946658, 31.273574115319018 ], [ 119.133224679469023, 31.272715020126107 ] ] ], [ [ [ 119.133774235833883, 31.274070450040806 ], [ 119.13414913, 31.27501091 ], [ 119.13423626, 31.27522595 ], [ 119.134414847652195, 31.275661647559698 ], [ 119.133774235833883, 31.274070450040806 ] ] ], [ [ [ 119.134653157330177, 31.276265078342437 ], [ 119.13470495, 31.27640615 ], [ 119.13479208, 31.27662119 ], [ 119.134903563285448, 31.276929494125177 ], [ 119.134792082198999, 31.276621190675399 ], [ 119.134653157330177, 31.276265078342437 ] ] ], [ [ [ 119.13505753333942, 31.277353203937864 ], [ 119.13518265, 31.27769733 ], [ 119.13530384, 31.27791642 ], [ 119.136277830359347, 31.278014084127321 ], [ 119.135303844169002, 31.277916417868202 ], [ 119.13505753333942, 31.277353203937864 ] ] ], [ [ [ 119.138785609779092, 31.278264934447041 ], [ 119.13895932, 31.27828192 ], [ 119.139108895078934, 31.278297654469089 ], [ 119.138959317521994, 31.278281918526901 ], [ 119.138785609779092, 31.278264934447041 ] ] ], [ [ [ 119.140431438783239, 31.278430133461129 ], [ 119.14052219, 31.27843836 ], [ 119.140707779588453, 31.27845682028077 ], [ 119.140522191284006, 31.278438358560901 ], [ 119.140431438783239, 31.278430133461129 ] ] ], [ [ [ 119.141155198238806, 31.278502403604541 ], [ 119.14130365, 31.2785186 ], [ 119.14182463, 31.27857043 ], [ 119.14260611, 31.27864669 ], [ 119.14286561, 31.27867511 ], [ 119.14338661, 31.27872696 ], [ 119.14365613, 31.2787504 ], [ 119.144270847892471, 31.278814446965967 ], [ 119.143656128670003, 31.2787503969423 ], [ 119.141155198238806, 31.278502403604541 ] ] ], [ [ [ 119.14481044219113, 31.279349513249787 ], [ 119.14484538, 31.2794971 ], [ 119.14507074, 31.28037811 ], [ 119.14512282, 31.28060011 ], [ 119.14522799, 31.28104011 ], [ 119.145305509314753, 31.28132218564512 ], [ 119.145227991344996, 31.281040108261301 ], [ 119.145070742550999, 31.280378113835098 ], [ 119.14481044219113, 31.279349513249787 ] ] ], [ [ [ 119.145364874920332, 31.281547688513658 ], [ 119.14545335, 31.28192313 ], [ 119.14555752, 31.28236213 ], [ 119.145798847084393, 31.283312224918117 ], [ 119.145364874920332, 31.281547688513658 ] ] ], [ [ [ 119.145877361935362, 31.283629957169804 ], [ 119.14594815, 31.28390516 ], [ 119.145963978023474, 31.283972616732811 ], [ 119.145948152488998, 31.283905162020599 ], [ 119.145877361935362, 31.283629957169804 ] ] ], [ [ [ 119.146164727697567, 31.284770993473945 ], [ 119.1462256, 31.28500819 ], [ 119.14632977, 31.28545019 ], [ 119.14634205851101, 31.285501977043612 ], [ 119.146164727697567, 31.284770993473945 ] ] ], [ [ [ 119.146564610769232, 31.286368830225484 ], [ 119.14671239, 31.28699122 ], [ 119.146775298788086, 31.287092930750944 ], [ 119.146712391657005, 31.286991218910099 ], [ 119.146564610769232, 31.286368830225484 ] ] ], [ [ [ 119.147462368997537, 31.288215524322347 ], [ 119.14774531, 31.28867933 ], [ 119.147805346907774, 31.288772503593371 ], [ 119.147745312801007, 31.2886793279519 ], [ 119.147462368997537, 31.288215524322347 ] ] ], [ [ [ 119.14801123986318, 31.289103790227859 ], [ 119.14811801, 31.28927874 ], [ 119.14824024, 31.28948087 ], [ 119.148290924523508, 31.28956370531008 ], [ 119.148118011666995, 31.289278736670099 ], [ 119.14801123986318, 31.289103790227859 ] ] ], [ [ [ 119.14881084907654, 31.290416520077642 ], [ 119.14884738, 31.29047653 ], [ 119.14909084, 31.2908738 ], [ 119.1493333, 31.29127307 ], [ 119.149375426931869, 31.291342384379959 ], [ 119.149090844575994, 31.290873802393399 ], [ 119.14881084907654, 31.290416520077642 ] ] ], [ [ [ 119.15003395166805, 31.292409383234688 ], [ 119.15007171, 31.2924709 ], [ 119.150125313054232, 31.292558364103797 ], [ 119.150071709846003, 31.292470897236701 ], [ 119.15003395166805, 31.292409383234688 ] ] ], [ [ [ 119.150613987480455, 31.29336062563117 ], [ 119.15067987, 31.29346958 ], [ 119.150789162991572, 31.293648648861133 ], [ 119.150679873396001, 31.293469580363599 ], [ 119.150613987480455, 31.29336062563117 ] ] ], [ [ [ 119.151950727309114, 31.295451081786606 ], [ 119.15206856, 31.29561621 ], [ 119.152117082484239, 31.295686379948613 ], [ 119.152068563780006, 31.2956162144465 ], [ 119.151950727309114, 31.295451081786606 ] ] ], [ [ [ 119.152541910757463, 31.296299646641017 ], [ 119.15260662, 31.29639288 ], [ 119.152742230494482, 31.296592320400215 ], [ 119.152606618788994, 31.296392876794599 ], [ 119.152541910757463, 31.296299646641017 ] ] ], [ [ [ 119.153076971255615, 31.29659321662745 ], [ 119.16087155, 31.29408804 ], [ 119.162242686255183, 31.294046778683704 ], [ 119.160871551944993, 31.294088037750502 ], [ 119.153076971255615, 31.29659321662745 ] ] ], [ [ [ 119.163301805496403, 31.294083276839945 ], [ 119.16367461, 31.29408824 ], [ 119.165291422856924, 31.294470145245871 ], [ 119.163674612476001, 31.2940882389594 ], [ 119.163301805496403, 31.294083276839945 ] ] ], [ [ [ 119.167640096317754, 31.294953275057932 ], [ 119.16813732, 31.29502826 ], [ 119.168524246949247, 31.29512978717668 ], [ 119.168137320010999, 31.295028256676598 ], [ 119.167640096317754, 31.294953275057932 ] ] ], [ [ [ 119.169025085411249, 31.295244083039137 ], [ 119.16926477, 31.29529527 ], [ 119.169377303761266, 31.295313866799653 ], [ 119.169264771434001, 31.295295269527699 ], [ 119.169025085411249, 31.295244083039137 ] ] ], [ [ [ 119.170215776888639, 31.295510718563207 ], [ 119.17046337, 31.2955984 ], [ 119.170642108844305, 31.295709208098703 ], [ 119.170463373670003, 31.295598398870101 ], [ 119.170215776888639, 31.295510718563207 ] ] ], [ [ [ 119.171244747360618, 31.296443170902219 ], [ 119.17135722, 31.2967946 ], [ 119.171470325751216, 31.297784081168775 ], [ 119.171357223057996, 31.296794599058 ], [ 119.171244747360618, 31.296443170902219 ] ] ], [ [ [ 119.172057790060023, 31.299312871840929 ], [ 119.17214671, 31.29942304 ], [ 119.17230908826842, 31.299582573900327 ], [ 119.172146710318003, 31.299423037907601 ], [ 119.172057790060023, 31.299312871840929 ] ] ], [ [ [ 119.174042976304875, 31.301186240521606 ], [ 119.17406574, 31.30120592 ], [ 119.17474216, 31.30173397 ], [ 119.17502876, 31.30193942 ], [ 119.17539353, 31.302181 ], [ 119.175727594825631, 31.302377857429743 ], [ 119.174042976304875, 31.301186240521606 ] ] ] ] } },
{ "type": "Feature", "properties": { "gml_id": "layer_city_boundary_pg.186", "Name": "南京市", "layer": "市", "code": "320100000000", "grade": 2 }, "geometry": { "type": "MultiPolygon", "coordinates": [ [ [ [ 119.22372105, 32.22422294 ], [ 119.23638243, 32.21835293 ], [ 119.230863959591005, 32.212461942115802 ], [ 119.22699334, 32.20967335 ], [ 119.223634501215997, 32.207944753280302 ], [ 119.21610063, 32.2031504 ], [ 119.21499033, 32.20196109 ], [ 119.2144087, 32.20062628 ], [ 119.21286316, 32.1951098 ], [ 119.21203015, 32.19366865 ], [ 119.210953722431, 32.192732263542503 ], [ 119.20943557, 32.19215437 ], [ 119.20421048, 32.19146954 ], [ 119.201520034813001, 32.190695674246101 ], [ 119.194064762682999, 32.187848962344198 ], [ 119.191321519642003, 32.187091401158398 ], [ 119.189733391889007, 32.1868747308013 ], [ 119.1873195, 32.18698366 ], [ 119.185732201052005, 32.187415983913901 ], [ 119.182719749021004, 32.189021932267202 ], [ 119.18099292, 32.1906801 ], [ 119.17983838, 32.19143713 ], [ 119.179186960801999, 32.191616972096803 ], [ 119.176505179461003, 32.1912620131707 ], [ 119.17381437, 32.19040691 ], [ 119.16961217, 32.18955393 ], [ 119.167355246173997, 32.188724563030199 ], [ 119.165202477519998, 32.188705514847001 ], [ 119.15798878, 32.1875119 ], [ 119.15462952, 32.18749671 ], [ 119.15125232, 32.18775664 ], [ 119.149030668768006, 32.188100743653798 ], [ 119.14117276, 32.19115385 ], [ 119.13605911, 32.19383318 ], [ 119.133967393559004, 32.194629160856302 ], [ 119.131258811137002, 32.195291362669501 ], [ 119.12982551, 32.19536039 ], [ 119.128958163839002, 32.195202191522398 ], [ 119.12656965, 32.19417292 ], [ 119.123739720844, 32.193352312106299 ], [ 119.12278444, 32.19326718 ], [ 119.118902689555995, 32.192022743774899 ], [ 119.11757524, 32.19122029 ], [ 119.115838516826997, 32.189489364650697 ], [ 119.11379757, 32.18833938 ], [ 119.112712573360994, 32.1881244421049 ], [ 119.11047263, 32.18818473 ], [ 119.1083711, 32.18736516 ], [ 119.10257989, 32.18563081 ], [ 119.09271519, 32.18347743 ], [ 119.088062194781003, 32.181727653271103 ], [ 119.081409525468999, 32.180379833305501 ], [ 119.07805805, 32.18026378 ], [ 119.074402434841005, 32.180703564673301 ], [ 119.073178751596998, 32.180609594349299 ], [ 119.07233574, 32.18013828 ], [ 119.07201415, 32.17975852 ], [ 119.070981555060996, 32.177959215956903 ], [ 119.073777466964998, 32.176809467043803 ], [ 119.07147648, 32.17253486 ], [ 119.07053848, 32.16355627 ], [ 119.06965263, 32.16330413 ], [ 119.0643562, 32.16321224 ], [ 119.05418868, 32.1639085 ], [ 119.04592355, 32.16274771 ], [ 119.035739081819003, 32.159200514175502 ], [ 119.032891554291993, 32.157670124364302 ], [ 119.02966162, 32.1547157 ], [ 119.02637931, 32.15062048 ], [ 119.027491039779136, 32.147927080533947 ], [ 119.02245568, 32.1439018 ], [ 119.01703796837991, 32.132882848051658 ], [ 119.015580157033, 32.131129672362803 ], [ 119.01518056, 32.13092078 ], [ 119.010709305378995, 32.130484701597801 ], [ 119.005943622852001, 32.128027383710602 ], [ 119.00572742, 32.12782199 ], [ 119.005738459716994, 32.127020804526403 ], [ 119.00487862, 32.12651129 ], [ 119.004908557205084, 32.126052110888288 ], [ 119.00394898, 32.12670212 ], [ 119.003637255902007, 32.125208771089497 ], [ 119.004408597982007, 32.123651145170797 ], [ 119.003599076433005, 32.117961466885603 ], [ 119.004193931231995, 32.117768636511599 ], [ 119.007888608884087, 32.117451510125981 ], [ 119.007798013631003, 32.116611615138801 ], [ 119.00910932, 32.11660172 ], [ 119.009308541230965, 32.117282264643094 ], [ 119.011659211694351, 32.11698128551857 ], [ 119.01185852, 32.11684267 ], [ 119.012068845898995, 32.116151922337302 ], [ 119.01230801, 32.1160322 ], [ 119.015438958077993, 32.117247378251697 ], [ 119.016593069785998, 32.116233877498502 ], [ 119.021298976013995, 32.117923018172696 ], [ 119.02307416, 32.11742606 ], [ 119.023800771349002, 32.117497109033799 ], [ 119.02474177, 32.11691246 ], [ 119.025319915053998, 32.116801897830797 ], [ 119.027170090081, 32.115973848939397 ], [ 119.03184164, 32.11624297 ], [ 119.032830704132024, 32.115953467556551 ], [ 119.033540640642997, 32.115533645145703 ], [ 119.034530865408996, 32.114173974248402 ], [ 119.03488187, 32.11393408 ], [ 119.035331561923996, 32.1139740156869 ], [ 119.03658201, 32.11364399 ], [ 119.039972627653896, 32.113455190430734 ], [ 119.03894253, 32.11248432 ], [ 119.03795227, 32.11246458 ], [ 119.037222337041001, 32.112244218516402 ], [ 119.038502788648998, 32.111994219415799 ], [ 119.037002095833003, 32.110794439762202 ], [ 119.03678178, 32.11019383 ], [ 119.037582441195994, 32.111034140674903 ], [ 119.03858262, 32.11143492 ], [ 119.039532946911208, 32.112154917659836 ], [ 119.03976233990754, 32.111954360080837 ], [ 119.03942234, 32.11115497 ], [ 119.03986318, 32.1107649 ], [ 119.039572038615006, 32.110065410230703 ], [ 119.04030203, 32.11037484 ], [ 119.040572358291001, 32.109825131520402 ], [ 119.04103314, 32.10970509 ], [ 119.04103301, 32.11105536 ], [ 119.042383592369006, 32.109565128251397 ], [ 119.042523214439996, 32.109714858673897 ], [ 119.041773072023005, 32.110824701174202 ], [ 119.041382014926825, 32.111774742288375 ], [ 119.04250302, 32.11229542 ], [ 119.043853557896995, 32.112155527928699 ], [ 119.044334386600994, 32.111655423159597 ], [ 119.044423277771998, 32.110444994859598 ], [ 119.04593979, 32.10740127 ], [ 119.044724911694999, 32.106330536935097 ], [ 119.049812747133004, 32.106084456821499 ], [ 119.050237799504998, 32.1058996258189 ], [ 119.051879318689998, 32.104138268746198 ], [ 119.052226563401007, 32.104133647306803 ], [ 119.055118320546995, 32.105936035550201 ], [ 119.0638002, 32.10979195 ], [ 119.070078201753006, 32.109955706999799 ], [ 119.074307397740995, 32.109186637309598 ], [ 119.074957828852448, 32.108181901772667 ], [ 119.07576561, 32.10216004 ], [ 119.077476358924997, 32.098864119662203 ], [ 119.08091514, 32.09409503 ], [ 119.08427538, 32.09155196 ], [ 119.08465719, 32.09154982 ], [ 119.08584761, 32.09203052 ], [ 119.08906937, 32.0936871 ], [ 119.091456899636995, 32.093899876962098 ], [ 119.092159845763007, 32.093682799989203 ], [ 119.09338385, 32.09289363 ], [ 119.094696077958005, 32.0906812360166 ], [ 119.09467835, 32.08779863 ], [ 119.09302872, 32.07347348 ], [ 119.08735789, 32.06218067 ], [ 119.08114172, 32.05505447 ], [ 119.08226173, 32.04747421 ], [ 119.08392008, 32.0444018 ], [ 119.087193119982587, 32.039458629714581 ], [ 119.086863756089002, 32.0340574857861 ], [ 119.08945938, 32.02983499 ], [ 119.088834089209001, 32.024077770915099 ], [ 119.08899915, 32.02296249 ], [ 119.09089203, 32.0201656 ], [ 119.092429535701001, 32.013073889909599 ], [ 119.09105687, 32.0111055 ], [ 119.088295766445, 32.008083187774801 ], [ 119.08688943, 32.00595902 ], [ 119.08741937, 32.00463258 ], [ 119.08771428, 32.00453949 ], [ 119.095398396383999, 32.004154966878701 ], [ 119.097339403188002, 32.0067138565486 ], [ 119.10203293, 32.0052679 ], [ 119.107007878547421, 32.002287660870159 ], [ 119.107581371660004, 32.001097896112803 ], [ 119.1087623, 32.00010642 ], [ 119.108753255498002, 31.990028087686898 ], [ 119.10921369, 31.98903717 ], [ 119.109960331086995, 31.988390535232998 ], [ 119.110376678815001, 31.988231796383701 ], [ 119.113207178547995, 31.987893916078999 ], [ 119.11617726, 31.98666025 ], [ 119.11620265, 31.98282739 ], [ 119.115664415478477, 31.979392100780867 ], [ 119.113128871131153, 31.979829989804646 ], [ 119.110524417264998, 31.9817394035035 ], [ 119.10946557, 31.98184068 ], [ 119.10844983, 31.98167596 ], [ 119.10708606, 31.9798977 ], [ 119.10627884, 31.97681852 ], [ 119.10557494, 31.97131086 ], [ 119.105410885522005, 31.970904681499199 ], [ 119.104220383048755, 31.969319714058926 ], [ 119.10247571, 31.96762255 ], [ 119.100200910894998, 31.966986573880899 ], [ 119.097491180494004, 31.967408970523 ], [ 119.09477372, 31.96891193 ], [ 119.09123965, 31.97132646 ], [ 119.089668759679995, 31.973051022259298 ], [ 119.08464925, 31.97595796 ], [ 119.077382178736997, 31.976075821317799 ], [ 119.074550987630005, 31.974846678731701 ], [ 119.07187615, 31.97243348 ], [ 119.06951418, 31.97118954 ], [ 119.068298768445999, 31.971459901952201 ], [ 119.06497331, 31.97420244 ], [ 119.05945145295, 31.975273222619499 ], [ 119.05654303, 31.9743325 ], [ 119.047686590633006, 31.970637442346199 ], [ 119.04145126, 31.97043231 ], [ 119.037936065365997, 31.967645550323699 ], [ 119.03650327, 31.96575245 ], [ 119.036138330642999, 31.9655292524243 ], [ 119.033152096257993, 31.9646172249073 ], [ 119.029332679107, 31.964347733348799 ], [ 119.02903661, 31.96416945 ], [ 119.023897431696, 31.959014804831099 ], [ 119.023819096634995, 31.954662019721901 ], [ 119.02398379, 31.95218801 ], [ 119.027665560505, 31.946469948711499 ], [ 119.03215331, 31.94088827 ], [ 119.03477569, 31.93976461 ], [ 119.038230936603995, 31.9392143797401 ], [ 119.040688372909997, 31.9378845487498 ], [ 119.046131450239997, 31.937805028807499 ], [ 119.046583336539001, 31.9379571565246 ], [ 119.04920594, 31.94002351 ], [ 119.049883259775996, 31.941406549542581 ], [ 119.05261825, 31.94103549 ], [ 119.05611702, 31.94112058 ], [ 119.059911786718004, 31.942013925490599 ], [ 119.061769536181004, 31.942142307809402 ], [ 119.062194826652998, 31.942066705508601 ], [ 119.065668476179994, 31.940426847495999 ], [ 119.071424914364002, 31.938550155814202 ], [ 119.076756335713995, 31.938306617888699 ], [ 119.079492106149999, 31.937734686047602 ], [ 119.08166272, 31.93622015 ], [ 119.084414444724999, 31.9331392576977 ], [ 119.086264616291999, 31.933124637721299 ], [ 119.092724092642001, 31.933628795489099 ], [ 119.09604109, 31.93454422 ], [ 119.10016636, 31.93063828 ], [ 119.102970010055998, 31.9248020179189 ], [ 119.104567977612007, 31.9124710244349 ], [ 119.10581889, 31.91027719 ], [ 119.10722493, 31.90864164 ], [ 119.106929950120005, 31.906436984344399 ], [ 119.105722485231993, 31.903454652534499 ], [ 119.10583558, 31.90313164 ], [ 119.106687189699997, 31.902273937370101 ], [ 119.1112367, 31.90085567 ], [ 119.111575579689003, 31.894649594394998 ], [ 119.11140154, 31.89348421 ], [ 119.11101132, 31.89229266 ], [ 119.110402918820995, 31.891299004154298 ], [ 119.10957835, 31.89040023 ], [ 119.10833651, 31.88954922 ], [ 119.10360382, 31.88784925 ], [ 119.10231932, 31.88694951 ], [ 119.100921056597997, 31.883950352925002 ], [ 119.100165918323995, 31.8827108440329 ], [ 119.0982996, 31.88067291 ], [ 119.097838585199, 31.879798619318102 ], [ 119.09738771, 31.87755206 ], [ 119.09745693, 31.87536662 ], [ 119.09729199, 31.87439439 ], [ 119.096024089693003, 31.8714815814639 ], [ 119.0955293, 31.86872596 ], [ 119.09523334, 31.86804379 ], [ 119.094287376612002, 31.867243544032 ], [ 119.091717620669996, 31.8658842518143 ], [ 119.09037994, 31.8645971 ], [ 119.08906039, 31.86281092 ], [ 119.088105717949006, 31.862178974294 ], [ 119.086942097735005, 31.862252263231198 ], [ 119.08127988, 31.86360974 ], [ 119.06995762, 31.86599796 ], [ 119.068021122174997, 31.866545141583099 ], [ 119.066979542621993, 31.866932402643801 ], [ 119.06649321, 31.86732105 ], [ 119.064314179709996, 31.870614394815 ], [ 119.06394074, 31.87093194 ], [ 119.063515410768005, 31.870985503108201 ], [ 119.061214328092007, 31.870069444833799 ], [ 119.056403545215005, 31.8664029689511 ], [ 119.05051726, 31.86296847 ], [ 119.04464731, 31.86179774 ], [ 119.040471287836993, 31.8602633840087 ], [ 119.037988438555999, 31.856289203867401 ], [ 119.03621747, 31.85573922 ], [ 119.03059998, 31.85619303 ], [ 119.02746574, 31.85564697 ], [ 119.023637317372007, 31.852218469530399 ], [ 119.02263876, 31.85030381 ], [ 119.020580767905003, 31.848272073359901 ], [ 119.01505162, 31.84785962 ], [ 119.01104062, 31.84822435 ], [ 119.009382474836002, 31.848519294438201 ], [ 119.005476547119002, 31.847832801972601 ], [ 118.9981323, 31.84775301 ], [ 118.991691028589727, 31.844794971058395 ], [ 118.99030202902, 31.8458374020944 ], [ 118.98706484, 31.84614529 ], [ 118.974496915206004, 31.844395192788401 ], [ 118.973697775022998, 31.8434253024916 ], [ 118.974166439805202, 31.840280361307194 ], [ 118.972664808371377, 31.838314289397644 ], [ 118.971441038121995, 31.837861670668499 ], [ 118.966424789984998, 31.838486690387501 ], [ 118.964324799582002, 31.8366680044848 ], [ 118.96441957, 31.83578259 ], [ 118.965669761095, 31.833056725779301 ], [ 118.96777892, 31.83185676 ], [ 118.967786919164993, 31.831587688802401 ], [ 118.966607006234995, 31.8295715466164 ], [ 118.96526154, 31.82814793 ], [ 118.96614677, 31.82677429 ], [ 118.966754809836004, 31.826396568535198 ], [ 118.973490220505994, 31.824596416435298 ], [ 118.97418387, 31.82407433 ], [ 118.975460549266998, 31.822710409921701 ], [ 118.981231371494005, 31.819892968140401 ], [ 118.98184822, 31.81922701 ], [ 118.982456181985, 31.817601915546 ], [ 118.983210505561004, 31.8171375783493 ], [ 118.984833846387005, 31.814815300962898 ], [ 118.98532907, 31.81461277 ], [ 118.98625768, 31.814787 ], [ 118.98675188, 31.81470049 ], [ 118.98710782, 31.81213097 ], [ 118.98746364, 31.81088268 ], [ 118.989807396979998, 31.807370973648599 ], [ 118.99187401, 31.80531133 ], [ 118.99294124, 31.8036578 ], [ 118.99369649, 31.80336745 ], [ 118.99551102, 31.80338202 ], [ 118.996300149076006, 31.803119575002199 ], [ 118.99955936, 31.8015924 ], [ 119.00110979, 31.80057453 ], [ 119.001266267641, 31.800055972249002 ], [ 119.000832027962005, 31.798149979086599 ], [ 119.000814310135993, 31.795804655384799 ], [ 119.00107541, 31.79524877 ], [ 119.00206483, 31.79494473 ], [ 119.002619875524005, 31.794286946431999 ], [ 119.00163062, 31.79269469 ], [ 119.000076587852007, 31.7894958983908 ], [ 118.997689699692387, 31.785402530018818 ], [ 118.980320703931, 31.786465152677501 ], [ 118.97762936, 31.78532991 ], [ 118.977395220172994, 31.7850085419715 ], [ 118.97686653, 31.78007234 ], [ 118.977786549301996, 31.777270241720899 ], [ 118.9777517, 31.7769593 ], [ 118.976952756963996, 31.774340253632801 ], [ 118.975303931008, 31.769992423540099 ], [ 118.97418392, 31.7689415 ], [ 118.97445301, 31.76868169 ], [ 118.974557705745994, 31.768054305503501 ], [ 118.97530423, 31.76669096 ], [ 118.97895843, 31.76608721 ], [ 118.986014914842997, 31.7675153411572 ], [ 118.99051121, 31.77060213 ], [ 118.993670748560007, 31.769183298648802 ], [ 118.994087206749995, 31.769313045270099 ], [ 118.996517234444994, 31.771987119935201 ], [ 118.999781572516, 31.7797083076095 ], [ 119.001188340216999, 31.7807721970138 ], [ 119.00403501, 31.78063257 ], [ 119.006795172818002, 31.779307095714099 ], [ 119.01135793, 31.77924457 ], [ 119.011925820447033, 31.78040108000345 ], [ 119.01624878, 31.7805186 ], [ 119.020294759543006, 31.7837546863855 ], [ 119.024349154993004, 31.786598037385001 ], [ 119.0275271, 31.78574549 ], [ 119.02961862, 31.78553306 ], [ 119.03290049, 31.78784219 ], [ 119.036286463668006, 31.7899523691766 ], [ 119.04417023, 31.79061794 ], [ 119.050238699193002, 31.790802987987501 ], [ 119.052513813483998, 31.789497655607899 ], [ 119.055831195432006, 31.786887602679499 ], [ 119.060337026819994, 31.783763179315098 ], [ 119.063453772784001, 31.783713870270802 ], [ 119.064279278984444, 31.785669098794841 ], [ 119.071668126877995, 31.7857468757276 ], [ 119.072745109294999, 31.7834125230181 ], [ 119.07170285, 31.77761962 ], [ 119.072084570090993, 31.775923016803802 ], [ 119.072406221452994, 31.775705687819102 ], [ 119.080342858812571, 31.775746829993842 ], [ 119.08419787, 31.77175044 ], [ 119.087350217479994, 31.7645224382068 ], [ 119.088556475941004, 31.757841282092599 ], [ 119.089260358927007, 31.757149068804701 ], [ 119.09131809, 31.75588167 ], [ 119.09596319, 31.75427662 ], [ 119.099966134045005, 31.7531303587078 ], [ 119.103795565823006, 31.7543439870689 ], [ 119.105375525206, 31.753141616230899 ], [ 119.103430925984995, 31.748647103776499 ], [ 119.10510601, 31.74635863 ], [ 119.108987950751001, 31.742042419466699 ], [ 119.11199148, 31.74100848 ], [ 119.11514351, 31.74056008 ], [ 119.11956368, 31.73758705 ], [ 119.12131721, 31.73367951 ], [ 119.12384331, 31.72539453 ], [ 119.12514624, 31.72407297 ], [ 119.125484735447003, 31.7239123762044 ], [ 119.12953873, 31.7245037 ], [ 119.132890180809056, 31.724104359596218 ], [ 119.133263825111001, 31.723917882179201 ], [ 119.136970705474994, 31.719059958461301 ], [ 119.142614669772996, 31.713932518538801 ], [ 119.14817249, 31.70541225 ], [ 119.150826890085909, 31.70607499966604 ], [ 119.15201581, 31.70145275 ], [ 119.152328488766003, 31.701227297136199 ], [ 119.162598610767006, 31.701045198887201 ], [ 119.16373623, 31.69974523 ], [ 119.165436937796002, 31.700148456262401 ], [ 119.165870899119994, 31.700096267877601 ], [ 119.168501850686994, 31.69849108811 ], [ 119.17324931, 31.69831296 ], [ 119.17507236, 31.69758829 ], [ 119.177468614405996, 31.6970606685165 ], [ 119.17954308, 31.69702345 ], [ 119.18112254, 31.69601423 ], [ 119.183517936789997, 31.692299231945199 ], [ 119.185106549960125, 31.688958798198986 ], [ 119.185028716152999, 31.685443428242799 ], [ 119.18489848, 31.68503717 ], [ 119.181460748402003, 31.679970769369501 ], [ 119.18131347, 31.67955648 ], [ 119.18075787, 31.67334514 ], [ 119.18213822, 31.66871639 ], [ 119.18395219, 31.66698653 ], [ 119.185775217721996, 31.664273609593799 ], [ 119.18698192, 31.66173659 ], [ 119.18509841, 31.65786718 ], [ 119.18329286, 31.65564993 ], [ 119.180887996001005, 31.653399561798398 ], [ 119.18079282, 31.65308238 ], [ 119.1820166, 31.65104452 ], [ 119.18490666, 31.65089863 ], [ 119.189151414395994, 31.6497228987228 ], [ 119.193825588896033, 31.649242570113447 ], [ 119.195592996857997, 31.6483393459369 ], [ 119.19947202, 31.64856525 ], [ 119.20026148, 31.64773139 ], [ 119.20133748, 31.64618191 ], [ 119.201450717300006, 31.645765066217599 ], [ 119.200955488312005, 31.639018233878399 ], [ 119.20331668, 31.63690254 ], [ 119.206527998888575, 31.635369830927644 ], [ 119.206892797115998, 31.632869283735999 ], [ 119.20638821, 31.63065662 ], [ 119.20716952, 31.62965762 ], [ 119.21132765, 31.6297507 ], [ 119.214989408368851, 31.631604759102547 ], [ 119.21709898, 31.6321429 ], [ 119.22202847, 31.63204934 ], [ 119.22727908011467, 31.63422017950483 ], [ 119.228329329104, 31.629684800114699 ], [ 119.22883277, 31.62898809 ], [ 119.224918250979002, 31.621225564564199 ], [ 119.2244412, 31.61697725 ], [ 119.223469605453005, 31.613524567493201 ], [ 119.21969351, 31.6046386 ], [ 119.216630668109005, 31.596730932688502 ], [ 119.21531923, 31.59456767 ], [ 119.21460649, 31.592724 ], [ 119.213644316531997, 31.5917619995328 ], [ 119.210997085697997, 31.587350194104999 ], [ 119.210789240379, 31.582452187732699 ], [ 119.212664226027997, 31.578402561026 ], [ 119.212724346334994, 31.5779836520801 ], [ 119.21261227, 31.57712858 ], [ 119.21055483, 31.57234149 ], [ 119.20121575, 31.56505572 ], [ 119.20152873, 31.56020953 ], [ 119.20002726, 31.55881847 ], [ 119.19451556, 31.55530834 ], [ 119.192805426318998, 31.553904712707499 ], [ 119.19238863, 31.55377405 ], [ 119.18379634, 31.55364044 ], [ 119.18340554, 31.55345576 ], [ 119.181573869307002, 31.551533664203401 ], [ 119.18151277, 31.55118559 ], [ 119.18226865, 31.54811122 ], [ 119.181157529372214, 31.54566545934302 ], [ 119.179525173090994, 31.5443736345538 ], [ 119.17578451, 31.53999722 ], [ 119.174872495589, 31.529532678569701 ], [ 119.175372649267999, 31.528825687278498 ], [ 119.17576244, 31.52947533 ], [ 119.176482, 31.52947566 ], [ 119.17634264, 31.53010533 ], [ 119.17650198, 31.53016562 ], [ 119.176411770829219, 31.530305430415201 ], [ 119.176542040426611, 31.530455656598239 ], [ 119.176912841908262, 31.530395347063518 ], [ 119.177411974612994, 31.529835328144301 ], [ 119.17748211210511, 31.529985439438438 ], [ 119.177742680462998, 31.529915925185598 ], [ 119.179562557650996, 31.530235207611799 ], [ 119.18133228, 31.53068535 ], [ 119.183392529062672, 31.531644919070157 ], [ 119.184101996436993, 31.531765158999001 ], [ 119.1871112, 31.53167441 ], [ 119.188072120024003, 31.531905028702599 ], [ 119.18954207, 31.53183452 ], [ 119.19098089, 31.53211389 ], [ 119.193360506791691, 31.531944796317745 ], [ 119.19251095, 31.53115451 ], [ 119.19236075, 31.53018438 ], [ 119.192511077323999, 31.529804666473101 ], [ 119.19292089, 31.52949437 ], [ 119.19323058, 31.52846399 ], [ 119.19392094, 31.52798415 ], [ 119.194191597657976, 31.52645376807693 ], [ 119.193631576602996, 31.525993927174799 ], [ 119.192730955548996, 31.5248646110512 ], [ 119.19298147, 31.52448406 ], [ 119.192931450454921, 31.523654081789768 ], [ 119.19215504, 31.52269594 ], [ 119.18917742, 31.52015032 ], [ 119.18844811, 31.5184923 ], [ 119.18381313, 31.51293101 ], [ 119.181669775613997, 31.511370405677798 ], [ 119.181599917740996, 31.5082257231367 ], [ 119.181443627088001, 31.507793504500398 ], [ 119.17824132, 31.50208854 ], [ 119.16904838, 31.50087864 ], [ 119.16641768, 31.49984985 ], [ 119.16482148, 31.49647537 ], [ 119.16106242, 31.49531856 ], [ 119.147649036168005, 31.495022202166101 ], [ 119.144827719554996, 31.491632893832701 ], [ 119.1432479, 31.4887827 ], [ 119.14318682, 31.48838367 ], [ 119.143517668730993, 31.486148599541899 ], [ 119.14376919, 31.48584907 ], [ 119.14682435, 31.48452151 ], [ 119.150497046563004, 31.482306349091001 ], [ 119.150688475070993, 31.4819627507059 ], [ 119.15051456, 31.4771583 ], [ 119.14724988, 31.46647657 ], [ 119.143638350114614, 31.459783730215023 ], [ 119.135920667514995, 31.453326709505198 ], [ 119.13515661, 31.45038518 ], [ 119.135529592219996, 31.446792526741199 ], [ 119.14212878, 31.44537328 ], [ 119.144454411799998, 31.443950485334501 ], [ 119.14775422, 31.44137074 ], [ 119.15019329, 31.44048723 ], [ 119.15461236, 31.44267671 ], [ 119.158796322133, 31.442972365971698 ], [ 119.15907394, 31.44276393 ], [ 119.159213358269994, 31.441555462042299 ], [ 119.162928398979005, 31.430782870246802 ], [ 119.16387413, 31.42364339 ], [ 119.164247876847995, 31.4027425580699 ], [ 119.163865667173994, 31.395919740459501 ], [ 119.16511563, 31.39349178 ], [ 119.166461140251997, 31.387517038372099 ], [ 119.168796705863002, 31.382831815735798 ], [ 119.169135461685002, 31.382708489032201 ], [ 119.17768502, 31.38362112 ], [ 119.181548328815651, 31.382929340211458 ], [ 119.18448162, 31.38126005 ], [ 119.19506251, 31.37075398 ], [ 119.19770979, 31.36622651 ], [ 119.19924612, 31.35982688 ], [ 119.19953265, 31.35963137 ], [ 119.202813356814005, 31.3587453786811 ], [ 119.205937425193, 31.358816595319201 ], [ 119.20889704, 31.35788467 ], [ 119.211036316551144, 31.355947883242891 ], [ 119.21018712933332, 31.355761941556086 ], [ 119.209976790078002, 31.356112572750799 ], [ 119.20991673, 31.35576162 ], [ 119.20920672, 31.35547185 ], [ 119.2093059, 31.35516207 ], [ 119.20977659, 31.35508167 ], [ 119.209616415930995, 31.354461684503899 ], [ 119.21064594, 31.35402206 ], [ 119.211076590688691, 31.353611708893887 ], [ 119.212793218349674, 31.350854592650617 ], [ 119.21137936, 31.34986632 ], [ 119.207977661106995, 31.346959183838301 ], [ 119.20300404, 31.34376668 ], [ 119.20138947, 31.34206598 ], [ 119.19599948, 31.33539125 ], [ 119.193083250613, 31.332617611977799 ], [ 119.19276174, 31.33141752 ], [ 119.192354268339002, 31.328032078393299 ], [ 119.191755391043358, 31.324942223325806 ], [ 119.1911393, 31.32373565 ], [ 119.19049611, 31.32292188 ], [ 119.18817064, 31.32123859 ], [ 119.187788938764001, 31.320520202016201 ], [ 119.18812778, 31.31872945 ], [ 119.188942537502996, 31.317418318982 ], [ 119.18989752, 31.31644829 ], [ 119.190522848255, 31.315458705511201 ], [ 119.190679237767995, 31.314558304790701 ], [ 119.19037585, 31.31227067 ], [ 119.190088368247004, 31.311337541009902 ], [ 119.188570401492996, 31.3107582046886 ], [ 119.18582682, 31.3109934 ], [ 119.184880896929002, 31.3107258491987 ], [ 119.184004130689999, 31.310183514036002 ], [ 119.18305825, 31.30914424 ], [ 119.18269358, 31.30815497 ], [ 119.182936388922002, 31.304884661888099 ], [ 119.18253762, 31.30411425 ], [ 119.182216977335003, 31.303823791222499 ], [ 119.181035518791006, 31.303460812786899 ], [ 119.1776413, 31.30321374 ], [ 119.17650488, 31.30278582 ], [ 119.17502876, 31.30193942 ], [ 119.173276076730005, 31.300526712319801 ], [ 119.171817026387998, 31.299014582257101 ], [ 119.171591567868006, 31.298632311099102 ], [ 119.171148826202995, 31.296143467087902 ], [ 119.17046337, 31.2955984 ], [ 119.16367461, 31.29408824 ], [ 119.16171333, 31.2939996 ], [ 119.16087155, 31.29408804 ], [ 119.15835402, 31.29482605 ], [ 119.152806010275995, 31.296686121075801 ], [ 119.151409276636997, 31.294665407934101 ], [ 119.14671239, 31.28699122 ], [ 119.144741216724995, 31.279057100837701 ], [ 119.144428625295006, 31.2788316647672 ], [ 119.13530384, 31.27791642 ], [ 119.132629937808005, 31.2712562748852 ], [ 119.13183988, 31.26863926 ], [ 119.126821500199, 31.264627194541799 ], [ 119.126387887212999, 31.264440722582201 ], [ 119.11850376, 31.26312827 ], [ 119.11462257, 31.2635624 ], [ 119.10767717, 31.25940699 ], [ 119.101616586020995, 31.252448025583799 ], [ 119.099958176147993, 31.239887083073199 ], [ 119.099897410667339, 31.23713931384043 ], [ 119.096822645768, 31.237922231696601 ], [ 119.093679435317, 31.237868933622199 ], [ 119.086516790287007, 31.238548510113699 ], [ 119.08183599, 31.2405924 ], [ 119.080056055401002, 31.242136653342399 ], [ 119.078328442973998, 31.241603953527399 ], [ 119.074829131912765, 31.236273932766355 ], [ 119.07106051, 31.23409231 ], [ 119.068394844726996, 31.234755774073101 ], [ 119.06589413, 31.23736747 ], [ 119.062681917182999, 31.239706512834399 ], [ 119.056960058025993, 31.2403826234113 ], [ 119.053269627947998, 31.238892452092699 ], [ 119.04959693, 31.23595346 ], [ 119.043501652288995, 31.2354638831351 ], [ 119.037423643398995, 31.2375664109878 ], [ 119.03421152, 31.24037176 ], [ 119.0338386, 31.24038266 ], [ 119.031320202253994, 31.238739622836501 ], [ 119.02934123, 31.23855073 ], [ 119.02339381, 31.24065947 ], [ 119.017621008355661, 31.240152711703274 ], [ 119.01394826, 31.24374162 ], [ 119.0097649, 31.24363991 ], [ 119.009022552559003, 31.243353233548302 ], [ 119.00160463, 31.23809488 ], [ 118.99809758, 31.23579059 ], [ 118.98930471, 31.23283865 ], [ 118.98622293, 31.23242019 ], [ 118.98133639878489, 31.233252463519502 ], [ 118.979113713320999, 31.239571161253 ], [ 118.9788277, 31.23985388 ], [ 118.976362273378001, 31.240628740634001 ], [ 118.9759806, 31.24063485 ], [ 118.97204034, 31.23864606 ], [ 118.96836866, 31.23878927 ], [ 118.96348244, 31.23983801 ], [ 118.95843115, 31.23964613 ], [ 118.95122799, 31.24019219 ], [ 118.948033647662996, 31.239962432007601 ], [ 118.943711878726006, 31.237727541794602 ], [ 118.941360537654006, 31.237834153488699 ], [ 118.93266394, 31.24215756 ], [ 118.929452937323006, 31.242553271115199 ], [ 118.923934170652004, 31.241773003356101 ], [ 118.920002740211999, 31.241919382183699 ], [ 118.916974344850999, 31.243614572894199 ], [ 118.915646600830001, 31.2463265216591 ], [ 118.910735309909995, 31.246488070481199 ], [ 118.907419868226, 31.245477350743499 ], [ 118.89894091, 31.2414246 ], [ 118.89285735, 31.2404888 ], [ 118.886287683046007, 31.2402228941991 ], [ 118.87793851, 31.24094547 ], [ 118.867532792887829, 31.242378849604048 ], [ 118.86697709, 31.24260711 ], [ 118.865440973557995, 31.244389500866401 ], [ 118.864702997665006, 31.244447580291599 ], [ 118.849297986853998, 31.241751730340699 ], [ 118.84717114, 31.24160432 ], [ 118.84603402, 31.24179834 ], [ 118.84496605, 31.2414397 ], [ 118.8438991, 31.24067123 ], [ 118.839741153416, 31.239241623581702 ], [ 118.83788356, 31.23807184 ], [ 118.83714607396, 31.238117491237102 ], [ 118.8358434, 31.23854994 ], [ 118.835053808455996, 31.238400564587799 ], [ 118.832892480058007, 31.237224133669901 ], [ 118.8310087, 31.23584628 ], [ 118.83092155, 31.23551826 ], [ 118.83120821, 31.23478013 ], [ 118.83102587, 31.23431201 ], [ 118.82789258, 31.23215021 ], [ 118.826243160556004, 31.231603361447501 ], [ 118.82363162, 31.23189831 ], [ 118.82213849, 31.23161163 ], [ 118.819667217846998, 31.2322876627296 ], [ 118.819018824072003, 31.232598301874901 ], [ 118.817806140586001, 31.234090342767001 ], [ 118.816072364733998, 31.235670379495101 ], [ 118.814940814569994, 31.2377753137255 ], [ 118.814733363694998, 31.237983833642499 ], [ 118.81407297, 31.23814654 ], [ 118.81172019, 31.23721063 ], [ 118.809463620176004, 31.236685752471399 ], [ 118.80746661, 31.2363813 ], [ 118.8042292, 31.23619066 ], [ 118.803855505404002, 31.235771198333101 ], [ 118.803595098830002, 31.234625269593401 ], [ 118.80320441, 31.23377498 ], [ 118.80156342, 31.23182406 ], [ 118.7992191, 31.2305347 ], [ 118.79826435, 31.23020727 ], [ 118.79755303, 31.23035603 ], [ 118.797075078632005, 31.231174871938599 ], [ 118.796554110800002, 31.2313979241463 ], [ 118.794609610359004, 31.2315777348369 ], [ 118.790208061445995, 31.231538019765381 ], [ 118.78945274, 31.23240451 ], [ 118.787933170345994, 31.233670730610701 ], [ 118.786015079506001, 31.2345846229782 ], [ 118.78400899, 31.2352726 ], [ 118.78057988, 31.23769811 ], [ 118.77627391, 31.24191818 ], [ 118.77553592, 31.2429789 ], [ 118.774251163933002, 31.245668330063399 ], [ 118.773929649979792, 31.247291271425794 ], [ 118.773912522014001, 31.2484997166714 ], [ 118.775630863355005, 31.2560152115276 ], [ 118.775631581732, 31.259170835830201 ], [ 118.77484143, 31.26158794 ], [ 118.77342661, 31.26374555 ], [ 118.771211977931003, 31.266321282784499 ], [ 118.769371979485001, 31.267949913515999 ], [ 118.7653772, 31.27031467 ], [ 118.764014003108002, 31.271630130537101 ], [ 118.761435893373999, 31.274785128749301 ], [ 118.75896116, 31.27746463 ], [ 118.7562266, 31.27972542 ], [ 118.75391661, 31.28072515 ], [ 118.750096540140007, 31.281663783468801 ], [ 118.74581617, 31.28191224 ], [ 118.72893736, 31.28353258 ], [ 118.7271837, 31.28361967 ], [ 118.724995593540001, 31.2832673714035 ], [ 118.723857630080005, 31.283356211956001 ], [ 118.721443932862002, 31.284275843874699 ], [ 118.709533024321999, 31.294050607026399 ], [ 118.702795193106994, 31.298871762051402 ], [ 118.699123360233997, 31.3008244342459 ], [ 118.694652430079543, 31.302303900357728 ], [ 118.69525115, 31.30402226 ], [ 118.69634504, 31.30479121 ], [ 118.699322646987, 31.304838565199699 ], [ 118.70980219, 31.29898731 ], [ 118.714472944568996, 31.296843677508299 ], [ 118.715635834476998, 31.314956414768599 ], [ 118.71594857, 31.32471346 ], [ 118.71712909, 31.32513708 ], [ 118.71872001, 31.32755962 ], [ 118.721342584845999, 31.333814958813399 ], [ 118.729895981761004, 31.3467802178825 ], [ 118.740583461538847, 31.374700122011866 ], [ 118.749441944110998, 31.3870723293381 ], [ 118.750501059396996, 31.387794308216598 ], [ 118.75336574, 31.38835287 ], [ 118.758961039240006, 31.389911719191002 ], [ 118.760245780321085, 31.389949398827284 ], [ 118.76090641, 31.38753648 ], [ 118.76157499, 31.38588436 ], [ 118.762320610982002, 31.384637196631701 ], [ 118.765186060580433, 31.381337147420528 ], [ 118.765724718520005, 31.378943270252002 ], [ 118.765472750172989, 31.37627189183409 ], [ 118.76442223, 31.37271223 ], [ 118.762781317353003, 31.369288180824299 ], [ 118.762243068787996, 31.3678592858518 ], [ 118.76213008, 31.36683554 ], [ 118.76242536, 31.36599799 ], [ 118.76353622, 31.36540491 ], [ 118.764908304189007, 31.365055988689299 ], [ 118.7661243, 31.36513687 ], [ 118.767045039150005, 31.3657294056529 ], [ 118.76800782, 31.36669988 ], [ 118.768928644753998, 31.3671315282736 ], [ 118.77560569, 31.36906042 ], [ 118.779408381124995, 31.3706252601248 ], [ 118.78207301, 31.3710834 ], [ 118.784956223354996, 31.371327107134 ], [ 118.795139093242994, 31.3710422080417 ], [ 118.806008481969002, 31.373451786495298 ], [ 118.80867373, 31.37463218 ], [ 118.81429901, 31.37796845 ], [ 118.81787618, 31.38160802 ], [ 118.81905659, 31.38241699 ], [ 118.82390874, 31.38366475 ], [ 118.828066325723995, 31.385817935060899 ], [ 118.830141590986997, 31.386015698429699 ], [ 118.83280099, 31.38738822 ], [ 118.833196774368005, 31.3877698415106 ], [ 118.8338911, 31.38894977 ], [ 118.842362414025004, 31.396068896684099 ], [ 118.843381386133004, 31.395965686698901 ], [ 118.84450068, 31.39411513 ], [ 118.844896450552994, 31.393911857507199 ], [ 118.845265141444997, 31.393953469582701 ], [ 118.84613771, 31.39467673 ], [ 118.847795521145997, 31.397457695110099 ], [ 118.84821316, 31.39884199 ], [ 118.84871698, 31.39988352 ], [ 118.85195427, 31.40469635 ], [ 118.859357194363994, 31.416905007296702 ], [ 118.86335849, 31.42246588 ], [ 118.86464312, 31.42372516 ], [ 118.862733323922001, 31.425789259059901 ], [ 118.86282907, 31.43017931 ], [ 118.86112812, 31.44743213 ], [ 118.865528612402002, 31.4651869919307 ], [ 118.872801681222995, 31.4808979031597 ], [ 118.87820801, 31.49863361 ], [ 118.88061221, 31.51631478 ], [ 118.881306474393, 31.529826556663 ], [ 118.87894548, 31.5336335 ], [ 118.87868527, 31.5337313 ], [ 118.87441547, 31.53508964 ], [ 118.869016815265994, 31.534110382124801 ], [ 118.86856927976568, 31.53421088116507 ], [ 118.868305823011994, 31.535800417184301 ], [ 118.868123243824996, 31.539852784969 ], [ 118.870917891426998, 31.546267132694801 ], [ 118.870753410578004, 31.549645648568202 ], [ 118.87015431, 31.55456559 ], [ 118.87187274, 31.55959993 ], [ 118.87699296, 31.56692298 ], [ 118.8769579, 31.56728993 ], [ 118.875977950826993, 31.568382043718898 ], [ 118.870640222625994, 31.572865741358399 ], [ 118.86836631940379, 31.576076112016505 ], [ 118.86824514, 31.57648596 ], [ 118.86833188, 31.58054282 ], [ 118.871689994305996, 31.588264977643298 ], [ 118.87229832, 31.59183343 ], [ 118.872150113632998, 31.592388258496701 ], [ 118.870075732470994, 31.593769100215901 ], [ 118.86031191, 31.59392434 ], [ 118.857048789047155, 31.595244741808116 ], [ 118.8568845, 31.5955565 ], [ 118.857265964888995, 31.5971019889394 ], [ 118.85752636, 31.59731535 ], [ 118.86558862, 31.60113081 ], [ 118.86577083, 31.60146102 ], [ 118.86371402, 31.61350325 ], [ 118.861110153458995, 31.615597863918399 ], [ 118.858341840735093, 31.617321069543394 ], [ 118.85625917, 31.62169206 ], [ 118.853525272455997, 31.626064972499499 ], [ 118.85316865, 31.62629543 ], [ 118.849844803134005, 31.627001222533799 ], [ 118.844949861843006, 31.626389150359401 ], [ 118.844010056426995, 31.6266115515377 ], [ 118.839985071260998, 31.628331551747401 ], [ 118.83978465, 31.6285662 ], [ 118.8360179, 31.63063245 ], [ 118.828760702674998, 31.632373073813302 ], [ 118.828136427030998, 31.632652961959799 ], [ 118.827754640277007, 31.632445244620101 ], [ 118.8220777, 31.63148956 ], [ 118.8171984, 31.6312984 ], [ 118.8144557, 31.63056329 ], [ 118.815505376724403, 31.625292227317008 ], [ 118.81237207, 31.62272844 ], [ 118.80941211, 31.62126605 ], [ 118.80023607, 31.62038598 ], [ 118.79981927, 31.62043128 ], [ 118.797622071364003, 31.621501631492801 ], [ 118.794141303849003, 31.626811040209201 ], [ 118.790894383237003, 31.630307073860202 ], [ 118.78930567, 31.63110973 ], [ 118.7872303, 31.63136576 ], [ 118.785294221849, 31.632071082137401 ], [ 118.78691845, 31.63530635 ], [ 118.787682442152999, 31.637700455248002 ], [ 118.786735747630004, 31.639861153420799 ], [ 118.783879170572007, 31.6422333121813 ], [ 118.7828114, 31.64453796 ], [ 118.784026999538995, 31.646541595744299 ], [ 118.78440038, 31.64854614 ], [ 118.78327153, 31.6504537 ], [ 118.77857471, 31.65373398 ], [ 118.777767250785857, 31.65822619145872 ], [ 118.77791442, 31.65849937 ], [ 118.787438907349994, 31.661384727403899 ], [ 118.790799041667, 31.665428779978399 ], [ 118.7938891, 31.66837764 ], [ 118.79302137, 31.6706634 ], [ 118.787881555078002, 31.6730608825094 ], [ 118.78348872, 31.67392792 ], [ 118.7793296, 31.67697187 ], [ 118.77453712, 31.6820628 ], [ 118.76895393, 31.68459161 ], [ 118.763111459938997, 31.6794608220609 ], [ 118.75532279, 31.68222391 ], [ 118.75492364, 31.68221276 ], [ 118.751128706177994, 31.679768493567099 ], [ 118.75067762, 31.67963839 ], [ 118.745937148029, 31.679682834862199 ], [ 118.742924540231002, 31.677698810899699 ], [ 118.742776585548, 31.677427809008201 ], [ 118.743670689591468, 31.675070611126056 ], [ 118.742412035897999, 31.673091613093199 ], [ 118.739182026557998, 31.670333016833201 ], [ 118.739000286928004, 31.6680819528064 ], [ 118.73979921, 31.6663857 ], [ 118.738722656983995, 31.664976881954701 ], [ 118.73858276, 31.66433889 ], [ 118.73862691, 31.6625028 ], [ 118.73936392, 31.65991153 ], [ 118.739642856494385, 31.659779461659809 ], [ 118.739798850522007, 31.659363416175101 ], [ 118.739928896614003, 31.658473357550399 ], [ 118.73900025, 31.65750753 ], [ 118.738887306596993, 31.657281545045102 ], [ 118.73901731, 31.6567695 ], [ 118.737731849560006, 31.655596790846602 ], [ 118.735856685496998, 31.6547073597471 ], [ 118.73421562, 31.65304194 ], [ 118.734615496150994, 31.652208751970999 ], [ 118.735734960192218, 31.652257329719596 ], [ 118.73598689, 31.65178423 ], [ 118.736212905650007, 31.650590114985199 ], [ 118.735223455075996, 31.649435439541001 ], [ 118.73496259, 31.64928554 ], [ 118.733825166523005, 31.6493030003905 ], [ 118.733182565768004, 31.648756270167102 ], [ 118.73321762, 31.64792223 ], [ 118.73380738, 31.64701395 ], [ 118.733790465940999, 31.6462189411086 ], [ 118.733955427040996, 31.645689858859701 ], [ 118.7345112, 31.64502761 ], [ 118.73470215, 31.64452653 ], [ 118.73407652, 31.64393877 ], [ 118.73346095, 31.64284202 ], [ 118.731794, 31.64195179 ], [ 118.731359336371, 31.641251000434199 ], [ 118.731333395929994, 31.640778006098799 ], [ 118.73150731, 31.64051391 ], [ 118.731428526000627, 31.638696928597362 ], [ 118.730674037914, 31.638432322710798 ], [ 118.730560146624995, 31.638071380221099 ], [ 118.73149862, 31.63715387 ], [ 118.731254795027994, 31.6369459927725 ], [ 118.731498727089757, 31.635999857088983 ], [ 118.730551401349004, 31.635338352795799 ], [ 118.72984887, 31.63548975 ], [ 118.72918835, 31.63537614 ], [ 118.729041565393999, 31.634165213804 ], [ 118.72845102, 31.63403258 ], [ 118.72803431, 31.63435384 ], [ 118.72816413212, 31.635167768218899 ], [ 118.727539562958995, 31.635793179482601 ], [ 118.72654037, 31.63584886 ], [ 118.72557625, 31.63524354 ], [ 118.72468307, 31.6350152 ], [ 118.7243094, 31.63516749 ], [ 118.723753832994007, 31.636093932990899 ], [ 118.72347609, 31.63622616 ], [ 118.72258098, 31.63599789 ], [ 118.721609075236998, 31.634784699791801 ], [ 118.721087780482577, 31.632998140951532 ], [ 118.720106833190997, 31.6329870249543 ], [ 118.71969033, 31.63250841 ], [ 118.71976853, 31.62935232 ], [ 118.71708567, 31.62895493 ], [ 118.714246192841131, 31.629431949528168 ], [ 118.71282253, 31.6356496 ], [ 118.71197157, 31.63706661 ], [ 118.712085214284997, 31.639208503647001 ], [ 118.711781431877, 31.641458897392301 ], [ 118.706433108238997, 31.644359702207002 ], [ 118.70605071, 31.64439222 ], [ 118.704479308881005, 31.643573353220599 ], [ 118.703403179230165, 31.642541849627658 ], [ 118.698967028962002, 31.640402351669 ], [ 118.69530272, 31.64076611 ], [ 118.692880251603, 31.6417080837887 ], [ 118.689851204256996, 31.641747193942901 ], [ 118.683713107917995, 31.6383109631828 ], [ 118.68157766, 31.63795085 ], [ 118.679694660430997, 31.638269323264101 ], [ 118.6687393, 31.64260114 ], [ 118.66378227, 31.64268365 ], [ 118.652802020804003, 31.6432053403352 ], [ 118.649782197040295, 31.644804882857567 ], [ 118.646925789568002, 31.647513042604899 ], [ 118.64630102, 31.64779515 ], [ 118.645392743767005, 31.648788758521999 ], [ 118.64454538, 31.64922624 ], [ 118.644007430266996, 31.649285163120901 ], [ 118.64357533, 31.64864389 ], [ 118.641456356815993, 31.649180473856202 ], [ 118.639730589510648, 31.649248321073514 ], [ 118.63857649, 31.65176526 ], [ 118.638611391667993, 31.652123210958901 ], [ 118.642924444551994, 31.661485401720199 ], [ 118.643472123756993, 31.664379587451698 ], [ 118.64217829, 31.66807794 ], [ 118.63877633, 31.67184772 ], [ 118.638168323523004, 31.673095758151099 ], [ 118.638212211243996, 31.673460706736599 ], [ 118.63987892, 31.67604315 ], [ 118.64079793, 31.67909781 ], [ 118.641952478880029, 31.681993057237683 ], [ 118.644574370332478, 31.682192609818504 ], [ 118.64492170004938, 31.682002999900963 ], [ 118.645667352020993, 31.680562617381799 ], [ 118.647637535505993, 31.678917055843701 ], [ 118.649877048473996, 31.677725977087299 ], [ 118.650111551955007, 31.6778425594899 ], [ 118.657940462005001, 31.682432308435398 ], [ 118.66357463, 31.68822599 ], [ 118.66545735, 31.68941546 ], [ 118.666334333991003, 31.690256839288299 ], [ 118.66509368, 31.69475854 ], [ 118.666508333444, 31.697073997139199 ], [ 118.668331172809999, 31.6983755987183 ], [ 118.66878216, 31.69851474 ], [ 118.67563103, 31.6986517 ], [ 118.6764302, 31.69961527 ], [ 118.68512795, 31.70683285 ], [ 118.687480860254993, 31.7094069097381 ], [ 118.691205334797999, 31.7099305409828 ], [ 118.69255955, 31.7114344 ], [ 118.690909632526001, 31.713081323946501 ], [ 118.68675179, 31.71567276 ], [ 118.68570082395, 31.717110758199102 ], [ 118.682229010846001, 31.7182021244985 ], [ 118.68241142, 31.72045101 ], [ 118.68217669, 31.72300669 ], [ 118.681021928323005, 31.725424054459101 ], [ 118.67979842, 31.72694347 ], [ 118.67510248664, 31.728516433612999 ], [ 118.67217674, 31.73063922 ], [ 118.67060518, 31.73109527 ], [ 118.668365150144993, 31.731016553989399 ], [ 118.663444024564996, 31.731388032139101 ], [ 118.65789705, 31.73249467 ], [ 118.64893111, 31.73224321 ], [ 118.647369211541999, 31.7331660898801 ], [ 118.64640606, 31.73424491 ], [ 118.645957892834005, 31.734953770761599 ], [ 118.64573727, 31.73568624 ], [ 118.64583292, 31.73743927 ], [ 118.647065044307993, 31.741881617903601 ], [ 118.64555501, 31.74255035 ], [ 118.643627878782993, 31.741821583206999 ], [ 118.641049770815343, 31.742465999785093 ], [ 118.63737038, 31.74441519 ], [ 118.636563690482532, 31.745834629162633 ], [ 118.636675464945995, 31.746131488554202 ], [ 118.643341619473006, 31.7509181752378 ], [ 118.642751561935995, 31.753153458678199 ], [ 118.64245611, 31.75340499 ], [ 118.63949661, 31.75436702 ], [ 118.63788242, 31.75598582 ], [ 118.636641249489003, 31.7603673531409 ], [ 118.636328781450004, 31.760601871524401 ], [ 118.63309129, 31.76118686 ], [ 118.623605594165994, 31.761443641989899 ], [ 118.62205162, 31.7616095 ], [ 118.62070659, 31.75839559 ], [ 118.61770329, 31.75619148 ], [ 118.617260938518996, 31.7543526830848 ], [ 118.61700125, 31.7540209 ], [ 118.61430212, 31.75260224 ], [ 118.614049397079881, 31.752218411803415 ], [ 118.611689379279994, 31.7536555541182 ], [ 118.608721392605005, 31.756842133228201 ], [ 118.60680358, 31.75771647 ], [ 118.605310403774993, 31.758185374745501 ], [ 118.604353797678002, 31.759347023534001 ], [ 118.601114162906001, 31.759190402066299 ], [ 118.600650385150999, 31.758388460869 ], [ 118.59827307, 31.75742304 ], [ 118.59572951, 31.75613935 ], [ 118.588119330555998, 31.746578912170399 ], [ 118.58340625, 31.74550835 ], [ 118.574363965771994, 31.742823472274299 ], [ 118.570675639010005, 31.742870160975102 ], [ 118.570302140710467, 31.743080819599282 ], [ 118.568011644726994, 31.747637965667401 ], [ 118.56768215, 31.74794864 ], [ 118.56670068, 31.74838358 ], [ 118.562222860526006, 31.744859540497199 ], [ 118.557137956871003, 31.7399825622396 ], [ 118.55215631, 31.73176436 ], [ 118.54971794, 31.7303288 ], [ 118.548094049512002, 31.731136823274099 ], [ 118.54497076, 31.73808344 ], [ 118.543616193656007, 31.7392907921699 ], [ 118.543269296090003, 31.7392860688004 ], [ 118.541863662164999, 31.7386590248265 ], [ 118.54004116, 31.73418057 ], [ 118.53904246, 31.7336833 ], [ 118.538773700784006, 31.733824711278601 ], [ 118.53745481, 31.73599297 ], [ 118.53223023, 31.73929 ], [ 118.531900174442001, 31.739941266334601 ], [ 118.531205, 31.74065064 ], [ 118.52855894, 31.73916484 ], [ 118.526015922499994, 31.738373201106199 ], [ 118.52509583, 31.73975095 ], [ 118.525017540994995, 31.740095787598701 ], [ 118.524913819071003, 31.744378021462499 ], [ 118.518854641909996, 31.7442986620776 ], [ 118.516998204098996, 31.745097600584 ], [ 118.51846402, 31.74752297 ], [ 118.52429725, 31.75060816 ], [ 118.5336183, 31.75145983 ], [ 118.532438351565006, 31.756086570748099 ], [ 118.534677588919848, 31.760767567742004 ], [ 118.54124707, 31.76043041 ], [ 118.542296799831007, 31.7611047481494 ], [ 118.54229678, 31.76136978 ], [ 118.541733148643999, 31.7628737846231 ], [ 118.54043153, 31.76426516 ], [ 118.539520034581003, 31.764300154712299 ], [ 118.534599099426259, 31.76364777113713 ], [ 118.533748438729006, 31.765320972345702 ], [ 118.53158765, 31.76867819 ], [ 118.52875785, 31.76932122 ], [ 118.51847356, 31.76404215 ], [ 118.514602068434996, 31.765125444227799 ], [ 118.510158111850004, 31.7675460325427 ], [ 118.505592613386, 31.767638693702601 ], [ 118.50429881, 31.76860701 ], [ 118.5036484, 31.76891113 ], [ 118.502276231950006, 31.770378260986899 ], [ 118.50074048, 31.77151085 ], [ 118.49992434, 31.77292562 ], [ 118.499125240697168, 31.774531468598994 ], [ 118.498682463334006, 31.776087369094299 ], [ 118.498370063083996, 31.778778832002001 ], [ 118.49798854, 31.78004388 ], [ 118.49738126, 31.78033011 ], [ 118.49449872, 31.78013055 ], [ 118.491799771236003, 31.779234321592298 ], [ 118.487493913956001, 31.7781292924487 ], [ 118.484811021859002, 31.7781513336997 ], [ 118.482129169678004, 31.778461480730499 ], [ 118.48039281, 31.77893448 ], [ 118.476877013042255, 31.780288518828332 ], [ 118.48085279, 31.79735468 ], [ 118.48794537, 31.8133213 ], [ 118.49953345, 31.84375443 ], [ 118.49628238, 31.84407777 ], [ 118.493121809277994, 31.843567300731198 ], [ 118.485358902328002, 31.845127432736302 ], [ 118.470136670024417, 31.852242109988673 ], [ 118.46903378, 31.8533453 ], [ 118.468082338212, 31.855362114491001 ], [ 118.46697851, 31.85627532 ], [ 118.462297759094994, 31.858633472386401 ], [ 118.4614218, 31.85992749 ], [ 118.46149791, 31.86142098 ], [ 118.461705520436993, 31.862045635015701 ], [ 118.462031303314006, 31.8649960650807 ], [ 118.461570731010994, 31.8658570596346 ], [ 118.4613108, 31.86688861 ], [ 118.461405884556001, 31.869241327528599 ], [ 118.46175387, 31.87077953 ], [ 118.462847299882995, 31.872146627417401 ], [ 118.4642709, 31.87310353 ], [ 118.465556060262003, 31.874297170104299 ], [ 118.466979672383999, 31.876175358524499 ], [ 118.467466230206, 31.8771428683362 ], [ 118.467813302409994, 31.878293044484 ], [ 118.467830244162997, 31.879545351493999 ], [ 118.46750103, 31.88058668 ], [ 118.46698018, 31.88155648 ], [ 118.46369812, 31.88262402 ], [ 118.46141462, 31.88315324 ], [ 118.45893166, 31.88351506 ], [ 118.45739578, 31.88425643 ], [ 118.45413078, 31.8846807 ], [ 118.446898882412995, 31.8865169516321 ], [ 118.44497854, 31.88843737 ], [ 118.443794360506999, 31.889131123019201 ], [ 118.440014743291002, 31.8899680015884 ], [ 118.438380761955003, 31.890478120927 ], [ 118.4373593, 31.89114145 ], [ 118.436337842944994, 31.892264910284101 ], [ 118.434707973920993, 31.8945396498208 ], [ 118.42521784, 31.89806157 ], [ 118.41461576, 31.90140742 ], [ 118.410473994238998, 31.9032659305024 ], [ 118.4091456, 31.90442742 ], [ 118.406027563204006, 31.9084018070089 ], [ 118.4026249, 31.91197347 ], [ 118.39749314, 31.91585262 ], [ 118.39461031, 31.91656789 ], [ 118.39211801, 31.91629622 ], [ 118.39007702, 31.91582863 ], [ 118.38286248, 31.91598988 ], [ 118.380552401911999, 31.916625490791901 ], [ 118.37546502, 31.92065636 ], [ 118.37256484, 31.92469195 ], [ 118.371175873913003, 31.9261326709969 ], [ 118.36983898, 31.92717431 ], [ 118.363344461346998, 31.930489723248101 ], [ 118.36153858, 31.93085117 ], [ 118.358924780140214, 31.932014019928761 ], [ 118.35838644, 31.9325349 ], [ 118.35792695, 31.9336218 ], [ 118.357943823430006, 31.934711023439501 ], [ 118.35849989, 31.93682571 ], [ 118.35932462, 31.938826 ], [ 118.36021035, 31.94025209 ], [ 118.3621118, 31.94235101 ], [ 118.363752633030998, 31.944857457783101 ], [ 118.364030201494998, 31.946064381645101 ], [ 118.36341343, 31.95116433 ], [ 118.363292304755007, 31.9539701292417 ], [ 118.36354363, 31.95803474 ], [ 118.365792772502999, 31.9616807861571 ], [ 118.367424891035, 31.963502278307001 ], [ 118.36953461, 31.96583345 ], [ 118.372312933421, 31.968167109135798 ], [ 118.373736704688, 31.969125957902602 ], [ 118.37448404, 31.97020952 ], [ 118.37490856, 31.97203455 ], [ 118.37478746, 31.97398311 ], [ 118.373875941923004, 31.976057429622699 ], [ 118.3730075, 31.97732055 ], [ 118.370941023138002, 31.979624147821799 ], [ 118.37022948, 31.98158035 ], [ 118.370168472019003, 31.982211558094399 ], [ 118.37029832, 31.98260651 ], [ 118.371245381980003, 31.983578749329901 ], [ 118.37286901, 31.98367915 ], [ 118.377383721627382, 31.984443319912003 ], [ 118.378659978057001, 31.984374308003101 ], [ 118.38013618, 31.98459428 ], [ 118.381698408334998, 31.985099356105799 ], [ 118.38311375, 31.98617674 ], [ 118.383791444267999, 31.986918528263299 ], [ 118.384616031226003, 31.9885704669605 ], [ 118.385519520827998, 31.991374661694199 ], [ 118.386014131680994, 31.994239090169 ], [ 118.38603994, 31.99624054 ], [ 118.38577986, 31.99773301 ], [ 118.38491989, 31.9997469 ], [ 118.384346973481001, 32.000582389495797 ], [ 118.38376493, 32.00302311 ], [ 118.38387777, 32.00432935 ], [ 118.38457237, 32.00625042 ], [ 118.384772122371004, 32.008240782790402 ], [ 118.38441581, 32.01263699 ], [ 118.38416477, 32.01389141 ], [ 118.384459553460999, 32.015204557988497 ], [ 118.38633481, 32.01798928 ], [ 118.386795674208003, 32.018451185633097 ], [ 118.388966333959004, 32.018886445284998 ], [ 118.39388051, 32.01883326 ], [ 118.395373744701999, 32.019360236713503 ], [ 118.396059803118007, 32.020532470860303 ], [ 118.3956084, 32.0235882 ], [ 118.393324753957003, 32.025946982369703 ], [ 118.38997952, 32.02678594 ], [ 118.385378, 32.02893325 ], [ 118.384016358163578, 32.029265031822234 ], [ 118.381143203270994, 32.0320303979356 ], [ 118.38078729, 32.03286583 ], [ 118.38049223, 32.03498251 ], [ 118.38128156, 32.03818971 ], [ 118.381903173620003, 32.039405588076399 ], [ 118.38169821, 32.03995884 ], [ 118.382506484754998, 32.044101279083598 ], [ 118.38313115, 32.04518215 ], [ 118.387828712130997, 32.0478744763153 ], [ 118.388879364627996, 32.050261626952498 ], [ 118.388827314569994, 32.050838774566301 ], [ 118.38780319, 32.05345574 ], [ 118.38655225, 32.05504462 ], [ 118.38455474, 32.0551266 ], [ 118.382523373915006, 32.055731881341103 ], [ 118.38174264, 32.0563195 ], [ 118.38114283, 32.05706105 ], [ 118.3796063, 32.05997376 ], [ 118.379728192903002, 32.060405767366603 ], [ 118.379528203174999, 32.0613901292935 ], [ 118.37954508, 32.06262139 ], [ 118.37990983, 32.06327227 ], [ 118.38176783, 32.06470034 ], [ 118.382306583833, 32.064948057421901 ], [ 118.38280139, 32.06501077 ], [ 118.38357413, 32.06476127 ], [ 118.3845639, 32.06389354 ], [ 118.386023527770007, 32.063828805301398 ], [ 118.38696232, 32.06402243 ], [ 118.387801133427999, 32.064539202298903 ], [ 118.38937479, 32.06646006 ], [ 118.38984868, 32.0673231 ], [ 118.390077592593997, 32.068153216557597 ], [ 118.39041933, 32.07088372 ], [ 118.391458034335997, 32.0740581393867 ], [ 118.391188943776996, 32.074928393606797 ], [ 118.389842839695007, 32.076169034796699 ], [ 118.389530804342002, 32.076707248562201 ], [ 118.389261752920007, 32.0774314923543 ], [ 118.389261691797998, 32.078074631351498 ], [ 118.389599619357995, 32.078612638576097 ], [ 118.390277551997997, 32.079047528403102 ], [ 118.391570536038998, 32.079347258010898 ], [ 118.393333657981003, 32.079637978978703 ], [ 118.39453185, 32.07963882 ], [ 118.395947256347, 32.078666510109997 ], [ 118.397726976238999, 32.076783097008899 ], [ 118.39873536, 32.07671914 ], [ 118.39956066, 32.07723733 ], [ 118.39971869, 32.07768145 ], [ 118.399687471616005, 32.079797902775297 ], [ 118.39919009, 32.08155322 ], [ 118.399426112078871, 32.082361421806887 ], [ 118.39997433, 32.08264455 ], [ 118.402986001456995, 32.082207066065003 ], [ 118.404708137184997, 32.0822576069937 ], [ 118.40568084, 32.08238399 ], [ 118.40688773, 32.08298362 ], [ 118.40729603, 32.0834199 ], [ 118.40962257, 32.08929735 ], [ 118.41025713, 32.08987884 ], [ 118.4109859, 32.08954722 ], [ 118.41217629, 32.08821272 ], [ 118.41308736, 32.08767424 ], [ 118.414555117277999, 32.087406296588398 ], [ 118.4195047, 32.08808889 ], [ 118.422846903546997, 32.088017495997804 ], [ 118.426207678077006, 32.088163656146499 ], [ 118.42763127, 32.0884116 ], [ 118.42806508, 32.08855723 ], [ 118.4284217, 32.08921886 ], [ 118.42839545, 32.09131127 ], [ 118.428525634661, 32.091972591658802 ], [ 118.428769073869006, 32.092282998969097 ], [ 118.42943736, 32.09238797 ], [ 118.429975442333372, 32.092220717497355 ], [ 118.43095654, 32.09088589 ], [ 118.431512720762001, 32.0904936465652 ], [ 118.432111978608006, 32.090348536555297 ], [ 118.43275432, 32.09045256 ], [ 118.43327541, 32.09074145 ], [ 118.43360508, 32.09115606 ], [ 118.43410003, 32.09246014 ], [ 118.43565434, 32.09393003 ], [ 118.436548313044, 32.094550690071102 ], [ 118.437495456435997, 32.095089456404096 ], [ 118.439343789234997, 32.095772926547198 ], [ 118.44216575, 32.09617734 ], [ 118.442556723896999, 32.0964471600293 ], [ 118.443095023203995, 32.0973364038638 ], [ 118.443139060868006, 32.098143659049597 ], [ 118.443616198260997, 32.099200826467502 ], [ 118.44448442, 32.09977969 ], [ 118.445110073417993, 32.099821975515297 ], [ 118.44585609, 32.09963547 ], [ 118.446638259432007, 32.099096996541 ], [ 118.447879692322999, 32.098890589802799 ], [ 118.44866988, 32.09909734 ], [ 118.449190302744, 32.099511558723101 ], [ 118.4498932, 32.10058833 ], [ 118.45055303, 32.10123093 ], [ 118.452663041597006, 32.102653007112004 ], [ 118.45359276, 32.10309325 ], [ 118.45568506, 32.10332624 ], [ 118.45749873, 32.10260348 ], [ 118.458506867565006, 32.102836008497697 ], [ 118.45894923, 32.10319818 ], [ 118.460347472780001, 32.105449145563597 ], [ 118.463828500348001, 32.108774766628301 ], [ 118.464835738175452, 32.109939647940429 ], [ 118.46538253, 32.11025015 ], [ 118.467292939756007, 32.110639335375602 ], [ 118.46770933, 32.11094952 ], [ 118.468273154933001, 32.111984256081897 ], [ 118.46830019, 32.11260545 ], [ 118.467639731473, 32.114790106049803 ], [ 118.467535291217004, 32.1156980059273 ], [ 118.46763954, 32.11683451 ], [ 118.468030784543998, 32.117791762372804 ], [ 118.468863568554511, 32.118517168740887 ], [ 118.4705132, 32.11921583 ], [ 118.471806672403005, 32.1195784854064 ], [ 118.47530508, 32.11906222 ], [ 118.476807460388002, 32.118984497187697 ], [ 118.47874338, 32.1196572 ], [ 118.480774589903007, 32.121454458662299 ], [ 118.482250924290994, 32.122126909624399 ], [ 118.48419501, 32.12274975 ], [ 118.4892647, 32.12365499 ], [ 118.490168066787007, 32.123602680114601 ], [ 118.493864952793999, 32.122439526844197 ], [ 118.49467295, 32.12259398 ], [ 118.49531517, 32.12308589 ], [ 118.495548992417, 32.123628701022703 ], [ 118.49547165, 32.12424959 ], [ 118.49490647, 32.12500005 ], [ 118.492797564758007, 32.126849186976798 ], [ 118.49178164, 32.12837744 ], [ 118.4910096, 32.13013647 ], [ 118.48942945, 32.13300829 ], [ 118.489325, 32.13368111 ], [ 118.489429320157569, 32.134379550252277 ], [ 118.489768532062001, 32.134922667269599 ], [ 118.49292824, 32.13567327 ], [ 118.4935184, 32.13611412 ], [ 118.49375323, 32.13657791 ], [ 118.49380436, 32.1372772 ], [ 118.49284965, 32.13888264 ], [ 118.49253741, 32.13968385 ], [ 118.49248514, 32.14048684 ], [ 118.492798203337998, 32.141599990111501 ], [ 118.493362213691995, 32.142608868204597 ], [ 118.493961381866001, 32.1433317988498 ], [ 118.494682031761997, 32.143746037106297 ], [ 118.49535842, 32.14377196 ], [ 118.499585389485006, 32.140977086352301 ], [ 118.50133092, 32.14022815 ], [ 118.50224231, 32.13997381 ], [ 118.502354604454993, 32.141248384845603 ], [ 118.50228532, 32.14156524 ], [ 118.50109582, 32.14277592 ], [ 118.500740484725995, 32.142957898710797 ], [ 118.500254442086003, 32.145599935915001 ], [ 118.493126454873007, 32.1629247904187 ], [ 118.492016132968004, 32.164872796108199 ], [ 118.49035874, 32.16724624 ], [ 118.49090512, 32.17428404 ], [ 118.49040208, 32.17606583 ], [ 118.49022827, 32.1778436 ], [ 118.490323504881999, 32.179106087774898 ], [ 118.490740997464997, 32.179785445700197 ], [ 118.491564990716, 32.1806320478168 ], [ 118.494421540247998, 32.181799797617302 ], [ 118.49685141, 32.18239206 ], [ 118.500748717899, 32.184118976725003 ], [ 118.501234507695997, 32.184199436336499 ], [ 118.50315339, 32.18634147 ], [ 118.50212922, 32.19064009 ], [ 118.50319673, 32.19527596 ], [ 118.50461182, 32.19639731 ], [ 118.50548806, 32.19605885 ], [ 118.508951843400993, 32.194086706958601 ], [ 118.51313508, 32.19119534 ], [ 118.515868770558001, 32.190411976191399 ], [ 118.517552610787007, 32.190465697091597 ], [ 118.519480157643997, 32.191182137044798 ], [ 118.52272587, 32.19349529 ], [ 118.52584172, 32.19762414 ], [ 118.526501822932005, 32.197925905057097 ], [ 118.52723918, 32.19795381 ], [ 118.527985585205997, 32.197678686222801 ], [ 118.533114684994999, 32.194800007607199 ], [ 118.53449481, 32.19460828 ], [ 118.54306948, 32.19709883 ], [ 118.54370308, 32.19767624 ], [ 118.54403288, 32.198253 ], [ 118.5440327, 32.20023629 ], [ 118.54425021, 32.20073081 ], [ 118.54494392, 32.20139232 ], [ 118.54584716, 32.20175119 ], [ 118.54661906, 32.20183373 ], [ 118.547773905751995, 32.201528935879601 ], [ 118.55355328, 32.1992711 ], [ 118.55504545, 32.19894055 ], [ 118.555974353525002, 32.198995068817702 ], [ 118.55666874, 32.19910519 ], [ 118.56185813, 32.20217226 ], [ 118.564583547463997, 32.203494005379 ], [ 118.567604040513004, 32.204402697791799 ], [ 118.56990316, 32.2048272 ], [ 118.570953535209995, 32.204608211991101 ], [ 118.571448201313999, 32.204056606931502 ], [ 118.571994956801007, 32.203066976635597 ], [ 118.57295819, 32.20201869 ], [ 118.574389842388001, 32.201329805079503 ], [ 118.57584739, 32.20091788 ], [ 118.579483652877997, 32.2009713156747 ], [ 118.581792330095993, 32.2012745893988 ], [ 118.582729917932994, 32.201521055829801 ], [ 118.585081135994997, 32.202665126433402 ], [ 118.58599257, 32.20266441 ], [ 118.586738919143997, 32.202332569692999 ], [ 118.586956046770993, 32.201891561900801 ], [ 118.586765208844994, 32.1992511334266 ], [ 118.58693034, 32.19856007 ], [ 118.5874246, 32.19781808 ], [ 118.588031855249, 32.197349146739001 ], [ 118.588579048499994, 32.197184225954899 ], [ 118.58904718, 32.19723831 ], [ 118.58937725, 32.19757041 ], [ 118.589846240081016, 32.198946670073667 ], [ 118.59221547, 32.20114815 ], [ 118.593316513242996, 32.201753227935697 ], [ 118.60342728, 32.20402302 ], [ 118.60511139, 32.20457226 ], [ 118.61117698, 32.20753072 ], [ 118.61249583, 32.20780671 ], [ 118.61462285, 32.20769487 ], [ 118.616245256385, 32.207144290296299 ], [ 118.62012504, 32.20527205 ], [ 118.621556307027006, 32.204749385946499 ], [ 118.623813360173997, 32.204555706487 ], [ 118.62515846, 32.20501811 ], [ 118.626581337440996, 32.205911425190301 ], [ 118.62936792, 32.20823702 ], [ 118.63216228, 32.2099623 ], [ 118.63599861, 32.21122271 ], [ 118.638394242326996, 32.211840019192302 ], [ 118.639049004846996, 32.212187011196697 ], [ 118.64154304, 32.2151363 ], [ 118.645458897405007, 32.220329295122099 ], [ 118.658400394701005, 32.233258201071003 ], [ 118.659467914309005, 32.2346973400875 ], [ 118.66195024, 32.23738396 ], [ 118.669719512081002, 32.252756678939903 ], [ 118.669528790615004, 32.254349198375202 ], [ 118.67069205, 32.25599213 ], [ 118.67076084, 32.25657405 ], [ 118.67058816, 32.25729245 ], [ 118.66997147, 32.2580127 ], [ 118.669328860887006, 32.258422964294802 ], [ 118.66230639, 32.25972555 ], [ 118.65925993, 32.26129845 ], [ 118.656126540683005, 32.263952601805698 ], [ 118.654997853587005, 32.265391838517502 ], [ 118.65431219, 32.26696525 ], [ 118.65413844, 32.26830168 ], [ 118.654624282024002, 32.269499876533601 ], [ 118.65545837, 32.27074942 ], [ 118.66052741, 32.27999153 ], [ 118.662957710304994, 32.283998207908603 ], [ 118.66441532, 32.28559152 ], [ 118.665197462397003, 32.286824097999201 ], [ 118.66564837, 32.28778129 ], [ 118.665648311544004, 32.288397330844496 ], [ 118.66540565, 32.29062393 ], [ 118.665405474308997, 32.2925050400423 ], [ 118.66512796, 32.29397866 ], [ 118.663694853704996, 32.297196575765099 ], [ 118.662957413591997, 32.298069032750803 ], [ 118.662202047012997, 32.298549501821697 ], [ 118.66089987, 32.29858394 ], [ 118.660014868540998, 32.2981396036364 ], [ 118.657445544767, 32.297863463758603 ], [ 118.656109436294003, 32.298103991709503 ], [ 118.654876067347004, 32.298549322839001 ], [ 118.65395599, 32.29916607 ], [ 118.653096749279769, 32.300090701287516 ], [ 118.65244603, 32.30125396 ], [ 118.652202440614005, 32.302384460738701 ], [ 118.65234201, 32.30389027 ], [ 118.652992481663006, 32.305396140124003 ], [ 118.653991223111007, 32.306698345681802 ], [ 118.655153632367998, 32.307623218120902 ], [ 118.65761915, 32.30888763 ], [ 118.663261546448993, 32.310977018091101 ], [ 118.665335831354994, 32.3119870783555 ], [ 118.6667416, 32.31294541 ], [ 118.667662468616001, 32.313800675746499 ], [ 118.6696498, 32.31630094 ], [ 118.671324933441994, 32.317704781078497 ], [ 118.673313419541003, 32.318696017342603 ], [ 118.67639453, 32.31962121 ], [ 118.68060529, 32.32020537 ], [ 118.682644918346995, 32.3202206362214 ], [ 118.68849678, 32.31940019 ], [ 118.689659430979006, 32.319366185623501 ], [ 118.69113543, 32.31984568 ], [ 118.691682293884995, 32.320461778212199 ], [ 118.6917511, 32.32111268 ], [ 118.69134376, 32.3226864 ], [ 118.69069197, 32.32354353 ], [ 118.689798711340003, 32.324090063097799 ], [ 118.68819193, 32.32453485 ], [ 118.685865734481993, 32.324467941539297 ], [ 118.681611704912996, 32.324775632121103 ], [ 118.67990233, 32.3254238 ], [ 118.678807633093996, 32.326211843690203 ], [ 118.678295660374332, 32.327170819298836 ], [ 118.67843522, 32.32867658 ], [ 118.67921639, 32.33008115 ], [ 118.68083078, 32.33127918 ], [ 118.682471182835002, 32.332136185662002 ], [ 118.68476331, 32.33234104 ], [ 118.687471678299843, 32.332375239978532 ], [ 118.69103058, 32.33128009 ], [ 118.69339298, 32.33087014 ], [ 118.69610082, 32.33083575 ], [ 118.69801925, 32.33107674 ], [ 118.699339791415994, 32.331879728881901 ], [ 118.70073721, 32.33304564 ], [ 118.701735352461995, 32.3343451883215 ], [ 118.702446960840007, 32.336194172022601 ], [ 118.702967841329993, 32.338728440360903 ], [ 118.70269015, 32.34050885 ], [ 118.70142321, 32.34170669 ], [ 118.699608325490004, 32.342459393476901 ], [ 118.69485102, 32.34334785 ], [ 118.69339277, 32.34391523 ], [ 118.692333750261, 32.344769980259997 ], [ 118.69161306, 32.34596718 ], [ 118.69140436, 32.34720053 ], [ 118.69157792, 32.34822823 ], [ 118.69205489, 32.34918542 ], [ 118.69465959, 32.35185711 ], [ 118.69268936, 32.35221734 ], [ 118.689199290186735, 32.352354249986853 ], [ 118.68824417, 32.3530719 ], [ 118.687723164337996, 32.353824794758502 ], [ 118.687697122225003, 32.354851826270099 ], [ 118.687966471251997, 32.355913339775398 ], [ 118.68930354, 32.35817398 ], [ 118.689989106210007, 32.358721795308199 ], [ 118.69090923, 32.35909922 ], [ 118.693922315820998, 32.359236197295601 ], [ 118.694920383357001, 32.359474568807599 ], [ 118.69683872, 32.36005649 ], [ 118.69703831, 32.36057117 ], [ 118.697021234280996, 32.361684172358302 ], [ 118.695206519091002, 32.362917031304399 ], [ 118.694486809837997, 32.363771174873001 ], [ 118.690892240043283, 32.37010596003568 ], [ 118.69190815, 32.37094322 ], [ 118.69245506, 32.3711153 ], [ 118.69361882, 32.37087638 ], [ 118.696118157692993, 32.369815376153802 ], [ 118.69786293, 32.36981563 ], [ 118.698479739326004, 32.370499657074397 ], [ 118.698583490573, 32.371150475529099 ], [ 118.698445510604998, 32.373615599499502 ], [ 118.698305710281005, 32.374196793037498 ], [ 118.697933344261997, 32.374677350622903 ], [ 118.69717768, 32.37522351 ], [ 118.69241969, 32.37580419 ], [ 118.692003469398998, 32.376216864757502 ], [ 118.69169999, 32.37707234 ], [ 118.69217699, 32.37772351 ], [ 118.69466011, 32.37845939 ], [ 118.695719059477995, 32.378904665298997 ], [ 118.696274971475006, 32.379383758047602 ], [ 118.69664821, 32.38010213 ], [ 118.69675195, 32.38082294 ], [ 118.69654326, 32.38164323 ], [ 118.69500696, 32.38369759 ], [ 118.693565573548, 32.385305852074602 ], [ 118.692611384542005, 32.385785404904297 ], [ 118.69099655, 32.38595611 ], [ 118.689937707327999, 32.385580928595999 ], [ 118.689077505149001, 32.384929441546802 ], [ 118.688704307861002, 32.384450111713001 ], [ 118.688226495836005, 32.382157055055103 ], [ 118.68733349, 32.3803767 ], [ 118.686994228632997, 32.3799993131815 ], [ 118.68668188, 32.37989787 ], [ 118.68565702, 32.37986269 ], [ 118.685006329447006, 32.380409823766499 ], [ 118.68261082, 32.38667684 ], [ 118.681342439852997, 32.387668103825199 ], [ 118.67478939, 32.39158712 ], [ 118.674337311100004, 32.392444924123701 ], [ 118.673383170312349, 32.395217562004845 ], [ 118.67352178, 32.39610724 ], [ 118.68017925, 32.40595203 ], [ 118.68058826, 32.40711518 ], [ 118.68372132, 32.42034829 ], [ 118.683842833366995, 32.422796828477303 ], [ 118.68185537, 32.43032665 ], [ 118.68173348, 32.43195469 ], [ 118.684953732899999, 32.452360287290702 ], [ 118.686360553718004, 32.454927419597801 ], [ 118.686221580511997, 32.457734258987401 ], [ 118.685431953397995, 32.460678225014398 ], [ 118.686117263472994, 32.463452582389102 ], [ 118.68715892, 32.46545543 ], [ 118.68743718, 32.46723466 ], [ 118.686152151567001, 32.474574718120998 ], [ 118.68575295, 32.47498236 ], [ 118.684103352540006, 32.475624202841999 ], [ 118.680353401698, 32.4753660928505 ], [ 118.676316305754, 32.474469780484597 ], [ 118.67005841, 32.47230805 ], [ 118.66774861, 32.47200453 ], [ 118.664772195230995, 32.472775113048499 ], [ 118.64880037, 32.47810909 ], [ 118.648223575792002, 32.477964144124002 ], [ 118.64793016, 32.47820163 ], [ 118.64753388, 32.47922615 ], [ 118.646694588819003, 32.479236634012302 ], [ 118.644564917047006, 32.478750434971197 ], [ 118.642594793891007, 32.478734804518297 ], [ 118.63999097, 32.47659851 ], [ 118.638333416093005, 32.472687861833698 ], [ 118.636015626458999, 32.472408564010401 ], [ 118.62921986, 32.47349034 ], [ 118.628777561898005, 32.473368962830897 ], [ 118.62636437, 32.47128751 ], [ 118.623032152182006, 32.469888870960197 ], [ 118.61964736, 32.47072257 ], [ 118.61620206, 32.47266575 ], [ 118.60822604, 32.47257522 ], [ 118.603513749964733, 32.472817830350323 ], [ 118.603001492342997, 32.478100164356 ], [ 118.591659110370003, 32.478877370856097 ], [ 118.588292113866999, 32.481082599679297 ], [ 118.587067383847995, 32.484256763846901 ], [ 118.58685518, 32.48559047 ], [ 118.58758915, 32.48897101 ], [ 118.587736851548996, 32.492801308604903 ], [ 118.587311841835003, 32.502120346869901 ], [ 118.58740685, 32.5024473 ], [ 118.59003641, 32.50499921 ], [ 118.60295014, 32.50400022 ], [ 118.60606524, 32.50728994 ], [ 118.61027403, 32.51074144 ], [ 118.612408881514995, 32.514642917865999 ], [ 118.611732164802007, 32.517969709851798 ], [ 118.610083152388, 32.521887058868501 ], [ 118.60938961, 32.52265638 ], [ 118.606560478652, 32.523264063128899 ], [ 118.602316633144994, 32.523323193891997 ], [ 118.60029424, 32.52450068 ], [ 118.599791330695822, 32.52509669917535 ], [ 118.59979921, 32.52641438 ], [ 118.60051976, 32.52897052 ], [ 118.603513974574994, 32.535725632395398 ], [ 118.60378257, 32.53878573 ], [ 118.60377453, 32.5392846 ], [ 118.600771436475995, 32.542508013640898 ], [ 118.59392907, 32.54689228 ], [ 118.58635707, 32.54992866 ], [ 118.579613820480446, 32.551236429908158 ], [ 118.573140219693997, 32.554794764738702 ], [ 118.562995308623002, 32.5609629439275 ], [ 118.55962002, 32.56457723 ], [ 118.558638990991, 32.566567194698003 ], [ 118.561537833540996, 32.582393519925702 ], [ 118.563854252802003, 32.587910823792498 ], [ 118.564417099429747, 32.588639299319233 ], [ 118.5657892, 32.58919979 ], [ 118.56776903, 32.59034969 ], [ 118.573027454498003, 32.594345577725399 ], [ 118.574168634401005, 32.595413189077 ], [ 118.576186598972996, 32.5967583060525 ], [ 118.578035235258, 32.597667275688799 ], [ 118.580091878620706, 32.598242319772893 ], [ 118.583996532249998, 32.597533385378803 ], [ 118.58445678, 32.59759853 ], [ 118.586357590746005, 32.598691766490603 ], [ 118.593012812969036, 32.603566938516032 ], [ 118.595772945709996, 32.602194186940402 ], [ 118.59673609, 32.59958392 ], [ 118.59948764, 32.59873254 ], [ 118.60728022, 32.59719246 ], [ 118.61876199914137, 32.594628690365205 ], [ 118.622077155927002, 32.592025899712802 ], [ 118.623848115195003, 32.588586924437401 ], [ 118.62605233, 32.58512929 ], [ 118.627943895672004, 32.581159070107397 ], [ 118.62789205, 32.58035939 ], [ 118.629113023635995, 32.5819782276618 ], [ 118.62961029, 32.58145171 ], [ 118.63000867, 32.58142316 ], [ 118.63012647, 32.58157295 ], [ 118.63088823, 32.58171983 ], [ 118.632132078774006, 32.582972646078296 ], [ 118.6324915, 32.58281617 ], [ 118.632971679920999, 32.582934428272502 ], [ 118.633290102421, 32.583364820360899 ], [ 118.63348776202578, 32.583394516758418 ], [ 118.633805253724006, 32.583064148052301 ], [ 118.63419557, 32.58321251 ], [ 118.63457089, 32.58358483 ], [ 118.634081642338998, 32.584552259403097 ], [ 118.633544565622671, 32.584505080493926 ], [ 118.633728204159993, 32.585021639278999 ], [ 118.63503396, 32.58487171 ], [ 118.635387330740997, 32.5850151266621 ], [ 118.635770610121057, 32.585456390004921 ], [ 118.637309852754996, 32.5855189685577 ], [ 118.636791701645564, 32.586452484330884 ], [ 118.63707317, 32.58673195 ], [ 118.637080141078002, 32.586891889426298 ], [ 118.63680063, 32.58705428 ], [ 118.636813563328005, 32.587519106038897 ], [ 118.637082048533998, 32.587853575509897 ], [ 118.637057074908, 32.588055549400899 ], [ 118.63608576, 32.58867387 ], [ 118.63614959, 32.58927957 ], [ 118.636565804013003, 32.589720778738503 ], [ 118.63724656, 32.58996063 ], [ 118.638003110458996, 32.590692189479498 ], [ 118.638975326622997, 32.590591659741499 ], [ 118.639139, 32.59080532 ], [ 118.64038765, 32.59086926 ], [ 118.640829773310003, 32.5912853954217 ], [ 118.640993410928004, 32.591827945587198 ], [ 118.64133374, 32.5920673 ], [ 118.641422513421006, 32.592647960946898 ], [ 118.64113206, 32.5927864 ], [ 118.64119491, 32.59312718 ], [ 118.64174984, 32.59313925 ], [ 118.642393561018267, 32.593468059551348 ], [ 118.643453524861002, 32.593088386583403 ], [ 118.644160135069995, 32.593025196586801 ], [ 118.64431078, 32.59366872 ], [ 118.645131117410997, 32.593908225451301 ], [ 118.64533368, 32.59426176 ], [ 118.6451061, 32.59465302 ], [ 118.64532065, 32.59488057 ], [ 118.6465442, 32.59460252 ], [ 118.646897463612007, 32.594791837466303 ], [ 118.647161882548005, 32.595233222727501 ], [ 118.646493198700995, 32.595738234041001 ], [ 118.646064013854996, 32.596330789225398 ], [ 118.64607788, 32.59746738 ], [ 118.647073810430996, 32.597946467697199 ], [ 118.646985930513097, 32.598589406246099 ], [ 118.648019680388998, 32.599977099708298 ], [ 118.648474713550002, 32.600267188037797 ], [ 118.65046754, 32.60046952 ], [ 118.651595177288996, 32.600206556676198 ], [ 118.652133066939996, 32.599850690918601 ], [ 118.652474376049, 32.599454197688601 ], [ 118.65329385, 32.59697452 ], [ 118.653596237136, 32.596608085381597 ], [ 118.65418898, 32.59640605 ], [ 118.65593024, 32.59602792 ], [ 118.65702783, 32.59607784 ], [ 118.65926185, 32.59675438 ], [ 118.659766747044998, 32.596613470644897 ], [ 118.660281646520005, 32.596168638329097 ], [ 118.661189664681999, 32.595775035780299 ], [ 118.662047817141996, 32.595785445518203 ], [ 118.66266342, 32.59610816 ], [ 118.663642145837997, 32.5970269768438 ], [ 118.664137037252004, 32.5970570179257 ], [ 118.664954241640999, 32.5967135655767 ], [ 118.66565073, 32.5961994 ], [ 118.66605483, 32.59614864 ], [ 118.66699369, 32.5965627 ], [ 118.671897848067005, 32.595075798697003 ], [ 118.68057909, 32.5910198 ], [ 118.684347067594004, 32.590636058469002 ], [ 118.68626487, 32.59250402 ], [ 118.68662984, 32.59540741 ], [ 118.6852671, 32.60160973 ], [ 118.685154309333996, 32.601896833731097 ], [ 118.683305040011007, 32.603821501286902 ], [ 118.68201163, 32.6057202 ], [ 118.681898831042005, 32.606124263906402 ], [ 118.682028449642658, 32.607236637980122 ], [ 118.683842613015301, 32.606850476060018 ], [ 118.685231856792996, 32.604980631289003 ], [ 118.6854146, 32.60358079 ], [ 118.685847746449994, 32.603066195341597 ], [ 118.68760217, 32.60233535 ], [ 118.6894507, 32.59909125 ], [ 118.68941593, 32.59742887 ], [ 118.689841465048005, 32.593227542873898 ], [ 118.6905532, 32.5914799 ], [ 118.69100435, 32.59091832 ], [ 118.691465484885001, 32.590360727055902 ], [ 118.69219406, 32.59024754 ], [ 118.695623401917004, 32.590614806498301 ], [ 118.696048299942007, 32.593814072001699 ], [ 118.69508575, 32.5977483 ], [ 118.695180413173006, 32.5994165808074 ], [ 118.69393951, 32.60239858 ], [ 118.69185535, 32.60486318 ], [ 118.691795253229003, 32.607142488126698 ], [ 118.692445878995997, 32.608121056863098 ], [ 118.692767216678575, 32.608481396275479 ], [ 118.698418356464003, 32.610365678241998 ], [ 118.70623294, 32.61095418 ], [ 118.71232789, 32.6104627 ], [ 118.713742401277003, 32.616406957043601 ], [ 118.717631665034006, 32.614374565637704 ], [ 118.719906397242994, 32.610661706559199 ], [ 118.72005429, 32.61004579 ], [ 118.72076662, 32.59834119 ], [ 118.72983124, 32.59102296 ], [ 118.730212992272001, 32.590838805956501 ], [ 118.733000276222995, 32.590477505112702 ], [ 118.735412941974005, 32.591415200804903 ], [ 118.73698513, 32.59288718 ], [ 118.73804457, 32.59464029 ], [ 118.738018090921997, 32.599766575897597 ], [ 118.739060642454007, 32.600896929434398 ], [ 118.744469589801994, 32.601410059354301 ], [ 118.748828439354995, 32.604378286065298 ], [ 118.75223997, 32.60599142 ], [ 118.755809238511006, 32.605930638698098 ], [ 118.757649123714003, 32.605712515549001 ], [ 118.760149605402006, 32.604914080204502 ], [ 118.762989638803006, 32.603668247247803 ], [ 118.770265381959135, 32.600065217827336 ], [ 118.770525679092927, 32.599776551005938 ], [ 118.77119369, 32.5964433 ], [ 118.770264918009005, 32.594397124220599 ], [ 118.769414459735998, 32.590175753799002 ], [ 118.76891099, 32.58986741 ], [ 118.772652926719999, 32.589566986309002 ], [ 118.774372016583754, 32.588308142954205 ], [ 118.775995160193006, 32.586342515760201 ], [ 118.7795119, 32.58450514 ], [ 118.783505601851004, 32.584354209910501 ], [ 118.78912228, 32.58604245 ], [ 118.796563286489999, 32.586414789657802 ], [ 118.79700609, 32.58658445 ], [ 118.799583713473993, 32.588925948168601 ], [ 118.80074771, 32.59144308 ], [ 118.800834850947993, 32.591728137893902 ], [ 118.800096074546929, 32.595516634083602 ], [ 118.80119009, 32.59650815 ], [ 118.803386352502002, 32.596890795896201 ], [ 118.804263034561998, 32.597500116848302 ], [ 118.805799961234996, 32.5991222697794 ], [ 118.806789793280998, 32.600932410022402 ], [ 118.808526151056995, 32.602921837399002 ], [ 118.812163583726999, 32.604092050908399 ], [ 118.813699660650045, 32.605641340281963 ], [ 118.81531401, 32.60634009 ], [ 118.81580103, 32.60641397 ], [ 118.81753675, 32.60609532 ], [ 118.819376818416004, 32.604626281320797 ], [ 118.81991506, 32.60362164 ], [ 118.82031509, 32.60178802 ], [ 118.82035758, 32.59750556 ], [ 118.819524308652007, 32.592043809901703 ], [ 118.819455188665842, 32.591746778130187 ], [ 118.818457186478, 32.590359361330798 ], [ 118.81769261, 32.58973014 ], [ 118.817415037356994, 32.589580664909498 ], [ 118.815826659265994, 32.589602693962703 ], [ 118.81539275, 32.58948093 ], [ 118.814064049506996, 32.588338833127303 ], [ 118.81410734, 32.58618361 ], [ 118.815306018889004, 32.584647325477299 ], [ 118.82037579, 32.58495371 ], [ 118.822380239070085, 32.583291010848924 ], [ 118.822597839824411, 32.581834881154855 ], [ 118.821434689255994, 32.578189836410097 ], [ 118.82186793, 32.57481269 ], [ 118.827432979375004, 32.573284627322799 ], [ 118.830957426034004, 32.572822287564797 ], [ 118.831963471650994, 32.5735609256487 ], [ 118.832389249719, 32.574788337032302 ], [ 118.83358667, 32.57568726 ], [ 118.835383338224005, 32.576240378443799 ], [ 118.83761503, 32.57493781 ], [ 118.83768434, 32.57307851 ], [ 118.837510261556005, 32.570153075801102 ], [ 118.837733735672998, 32.569940540807401 ], [ 118.839645636523997, 32.569476088597703 ], [ 118.84339495, 32.57036336 ], [ 118.84680621, 32.57289336 ], [ 118.847084602257993, 32.5742234162526 ], [ 118.850842217229996, 32.576553775854698 ], [ 118.853489792662998, 32.576815797115103 ], [ 118.85753435, 32.57779444 ], [ 118.859859959481994, 32.577648719983998 ], [ 118.8627762, 32.57781351 ], [ 118.8675585, 32.57826612 ], [ 118.86866981, 32.57866723 ], [ 118.868938112766998, 32.578827476062102 ], [ 118.86912926, 32.57967642 ], [ 118.86827882, 32.58430803 ], [ 118.868313797936523, 32.584993845341486 ], [ 118.869893639270998, 32.585160495363702 ], [ 118.87089989, 32.58386195 ], [ 118.873790162320006, 32.581155607442703 ], [ 118.876150399815998, 32.5808187794118 ], [ 118.87912767, 32.58264152 ], [ 118.87815563, 32.58574681 ], [ 118.878155592154002, 32.586141681565302 ], [ 118.87869391, 32.58729571 ], [ 118.88000376, 32.58857023 ], [ 118.882807508328, 32.589309767630802 ], [ 118.884810591171004, 32.589186886057099 ], [ 118.88666739, 32.58940067 ], [ 118.887580743685007, 32.589317067503401 ], [ 118.889762381512355, 32.589465759792496 ], [ 118.89126771, 32.58925922 ], [ 118.89295084, 32.59026322 ], [ 118.896925675351, 32.591244187728002 ], [ 118.90280376, 32.59453325 ], [ 118.90469417, 32.59110279 ], [ 118.904273577937374, 32.589072598781343 ], [ 118.899654606659993, 32.586343579068902 ], [ 118.89496549, 32.58389451 ], [ 118.8930768, 32.57990556 ], [ 118.891326627200002, 32.579485356061198 ], [ 118.891995988885995, 32.576656378251002 ], [ 118.89183244, 32.57152491 ], [ 118.89318607, 32.56623873 ], [ 118.893577425437002, 32.562692820788001 ], [ 118.89145022, 32.56244552 ], [ 118.889419656909993, 32.563904551894097 ], [ 118.885098306345, 32.561285590405397 ], [ 118.88326753, 32.55941317 ], [ 118.88307645, 32.55908815 ], [ 118.882807485807007, 32.557069572021803 ], [ 118.8863214, 32.55536983 ], [ 118.891059833775003, 32.555088518710299 ], [ 118.89421914, 32.55523402 ], [ 118.894644130177994, 32.555353027916603 ], [ 118.89647592, 32.55666774 ], [ 118.896987701380993, 32.558414245435202 ], [ 118.89905317071721, 32.560184610265942 ], [ 118.89945206, 32.56033252 ], [ 118.901040606048994, 32.5602272977737 ], [ 118.901300519971855, 32.560147269626917 ], [ 118.900814207167997, 32.554526952603297 ], [ 118.90892915, 32.55107892 ], [ 118.909405789388003, 32.551061657290802 ], [ 118.91063875, 32.5514928 ], [ 118.9108985, 32.55175056 ], [ 118.91126358, 32.5582785 ], [ 118.911515329345903, 32.558582249210801 ], [ 118.91470911843038, 32.559467629640238 ], [ 118.914717127537003, 32.559284678582799 ], [ 118.91531551, 32.55893328 ], [ 118.915750019883006, 32.559062878579397 ], [ 118.916192527164, 32.5589765186565 ], [ 118.91693862, 32.55939473 ], [ 118.91693065, 32.55914581 ], [ 118.916644009207999, 32.558937128465601 ], [ 118.917511958150996, 32.559130275982398 ], [ 118.917580921758997, 32.558618356994799 ], [ 118.91823217, 32.55809688 ], [ 118.919385607126998, 32.558964486755997 ], [ 118.920488090516002, 32.559370217142899 ], [ 118.92177233, 32.55895792 ], [ 118.923135292447, 32.559224268002801 ], [ 118.923881190776001, 32.558811487150301 ], [ 118.925678263080002, 32.559491028478497 ], [ 118.928168101566996, 32.558617908010298 ], [ 118.92848951, 32.55883539 ], [ 118.92873202, 32.55943987 ], [ 118.92904444, 32.55958538 ], [ 118.929548510635996, 32.559730607800901 ], [ 118.931439946268995, 32.5597407570367 ], [ 118.932455376060005, 32.555266432835197 ], [ 118.935475661824, 32.5499969063695 ], [ 118.93977149, 32.54568135 ], [ 118.945976669355005, 32.540558297501398 ], [ 118.959619645154007, 32.528857327354501 ], [ 118.961988526732, 32.525193100977198 ], [ 118.96274391, 32.5166951 ], [ 118.96965288, 32.50800028 ], [ 118.974599993008994, 32.505981676379797 ], [ 118.982585420804838, 32.50642309974522 ], [ 118.98557959, 32.5054923 ], [ 118.99215033, 32.50595624 ], [ 118.998087322428006, 32.508505690223799 ], [ 118.998486810285002, 32.508905387429898 ], [ 119.000700441877001, 32.511147169233801 ], [ 119.00190758, 32.5156565 ], [ 119.002193489557314, 32.516092539553043 ], [ 119.00787979, 32.51604347 ], [ 119.00985862, 32.51671145 ], [ 119.011221651592876, 32.517744200537585 ], [ 119.01206762, 32.51810064 ], [ 119.01235056, 32.51870168 ], [ 119.013852142179999, 32.519980016326699 ], [ 119.01552335, 32.5195353 ], [ 119.01637835, 32.51984378 ], [ 119.024356762862993, 32.517201259559002 ], [ 119.027803657912003, 32.517661039718902 ], [ 119.033654724092997, 32.517968226221498 ], [ 119.03595513658, 32.516696995704699 ], [ 119.037101357083003, 32.511629443029399 ], [ 119.0371885, 32.50759312 ], [ 119.037865868403003, 32.504765156201799 ], [ 119.040331541719993, 32.500024565424198 ], [ 119.04505474, 32.49485351 ], [ 119.04902244, 32.49199221 ], [ 119.057306328576999, 32.486479839527902 ], [ 119.05906825, 32.4839476 ], [ 119.058599688672999, 32.478100354512101 ], [ 119.058660607413003, 32.477768320107401 ], [ 119.06011913, 32.47582649 ], [ 119.059641429772, 32.4713409471644 ], [ 119.06065708, 32.46653025 ], [ 119.06195106, 32.46431279 ], [ 119.06145594, 32.46398053 ], [ 119.05938964373847, 32.463547570783341 ], [ 119.055047930463999, 32.464638243115303 ], [ 119.05333735, 32.46605993 ], [ 119.049092773016994, 32.466217624669397 ], [ 119.04156464, 32.46483322 ], [ 119.037908886104006, 32.461944857637498 ], [ 119.03049438, 32.4543909 ], [ 119.025146895768998, 32.457989273434201 ], [ 119.022021084087996, 32.458628632813699 ], [ 119.020093534718001, 32.458634954373402 ], [ 119.018366447803999, 32.4580678728679 ], [ 119.017498546094998, 32.456735520127303 ], [ 119.017854539476062, 32.454502836475243 ], [ 119.01725499, 32.45036611 ], [ 119.01645706, 32.44701584 ], [ 119.0166906, 32.44341564 ], [ 119.017099300477994, 32.442310619349399 ], [ 119.02252454, 32.43644722 ], [ 119.0242094, 32.43238313 ], [ 119.024078977633351, 32.430807657033384 ], [ 119.022889025184, 32.429316042691298 ], [ 119.01988531, 32.42659461 ], [ 119.019468978632005, 32.4238650533498 ], [ 119.018852167207996, 32.422863882495697 ], [ 119.01661286, 32.42261224 ], [ 119.01266288, 32.42019687 ], [ 119.01190771, 32.41851023 ], [ 119.011108865560004, 32.415191883889896 ], [ 119.011152476229, 32.407169442980098 ], [ 119.01189015, 32.40407652 ], [ 119.012185377248997, 32.401268870309799 ], [ 119.013790866196999, 32.399765307804699 ], [ 119.016378951580279, 32.398742938505805 ], [ 119.01670884, 32.39843102 ], [ 119.017619927154996, 32.396186584833202 ], [ 119.017637148304999, 32.393256724946603 ], [ 119.01779364, 32.3929333 ], [ 119.022090408284001, 32.3902845001233 ], [ 119.02824646, 32.39091405 ], [ 119.03021727, 32.39158696 ], [ 119.03174466, 32.39110115 ], [ 119.032039801039005, 32.390810435799899 ], [ 119.03256042, 32.38887926 ], [ 119.03358557, 32.38679986 ], [ 119.03299464, 32.38353448 ], [ 119.03021716, 32.38233147 ], [ 119.01718573, 32.38244461 ], [ 119.016118460493999, 32.381930671678703 ], [ 119.015059209238999, 32.381173744669098 ], [ 119.014755377411007, 32.3800276726409 ], [ 119.015146118987005, 32.378950596814597 ], [ 119.01636105, 32.37744518 ], [ 119.03040752, 32.3725034 ], [ 119.038369736834809, 32.367128382136514 ], [ 119.03743144, 32.36633457 ], [ 119.03566855, 32.36533973 ], [ 119.033923762583001, 32.364026953140097 ], [ 119.0320835, 32.36135554 ], [ 119.03161416, 32.35877876 ], [ 119.030642212404004, 32.357809214971702 ], [ 119.02879302, 32.35684295 ], [ 119.024061240500998, 32.355638433238802 ], [ 119.02192549, 32.35333327 ], [ 119.02193479, 32.34983928 ], [ 119.023054359837005, 32.347063248280499 ], [ 119.026648039342007, 32.343719649553201 ], [ 119.036537955968996, 32.335237962511499 ], [ 119.03661584, 32.33411177 ], [ 119.03252812, 32.33052357 ], [ 119.030461679360997, 32.327410679132399 ], [ 119.032091979739107, 32.324794545723236 ], [ 119.03176249, 32.31939324 ], [ 119.03209282, 32.31598632 ], [ 119.03107621, 32.31271975 ], [ 119.03019111, 32.31067791 ], [ 119.031362687902998, 32.3090848992505 ], [ 119.03442788, 32.30569123 ], [ 119.034584457009004, 32.305335837704703 ], [ 119.034314499960004, 32.302689372251997 ], [ 119.03247421, 32.29994674 ], [ 119.03094611, 32.2969714 ], [ 119.0309292, 32.29658942 ], [ 119.033905568063005, 32.293634906673702 ], [ 119.03403736, 32.29172448 ], [ 119.0349132, 32.28757912 ], [ 119.03447109, 32.28127978 ], [ 119.03546047, 32.27861422 ], [ 119.035652395406004, 32.273664399281301 ], [ 119.034488295556002, 32.268188751304102 ], [ 119.03188336, 32.26467984 ], [ 119.03155359, 32.26221445 ], [ 119.03169321, 32.26183206 ], [ 119.03440139, 32.2593582 ], [ 119.051124665299, 32.253596040987098 ], [ 119.069294672645, 32.250861485041398 ], [ 119.07069498, 32.24995596 ], [ 119.072275277269, 32.248064259455099 ], [ 119.07369081, 32.24692288 ], [ 119.080524099941002, 32.243020667040497 ], [ 119.102006857321129, 32.245838419648628 ], [ 119.126838979271, 32.247060936693003 ], [ 119.14832673, 32.24559695 ], [ 119.1718262, 32.24087579 ], [ 119.22372105, 32.22422294 ] ] ], [ [ [ 118.862867283593829, 31.522435379064326 ], [ 118.860867205050994, 31.521097040941999 ], [ 118.85828955, 31.51855584 ], [ 118.8532821, 31.5110545 ], [ 118.85066095, 31.50684702 ], [ 118.8475185, 31.50462126 ], [ 118.84380357, 31.50436705 ], [ 118.84167739, 31.50515526 ], [ 118.84092182, 31.50623378 ], [ 118.840565982436004, 31.5077509316347 ], [ 118.84080926, 31.51001804 ], [ 118.84122597, 31.5112316 ], [ 118.84423733, 31.51633511 ], [ 118.85279596, 31.52591382 ], [ 118.85515677, 31.52739321 ], [ 118.858298639939548, 31.52901655996876 ], [ 118.86102371, 31.52928225 ], [ 118.863358049325001, 31.5289413193859 ], [ 118.865484970449771, 31.528154029273303 ], [ 118.86624005, 31.52693407 ], [ 118.86620514, 31.52541921 ], [ 118.86520697, 31.52406319 ], [ 118.862867283593829, 31.522435379064326 ] ] ] ] } },
{ "type": "Feature", "properties": { "gml_id": "layer_city_boundary_pg.189", "Name": "常州市", "layer": "市", "code": "320400000000", "grade": 2 }, "geometry": { "type": "MultiPolygon", "coordinates": [ [ [ [ 119.175916139983215, 31.302482407227227 ], [ 119.17650488, 31.30278582 ], [ 119.176697420457657, 31.302870780719029 ], [ 119.176504884240003, 31.302785815335501 ], [ 119.175916139983215, 31.302482407227227 ] ] ], [ [ [ 119.176989285347474, 31.302990981652847 ], [ 119.17719034, 31.30307097 ], [ 119.1776413, 31.30321374 ], [ 119.17818045, 31.3032877 ], [ 119.17886591, 31.30334593 ], [ 119.17946419, 31.30336501 ], [ 119.179854994529322, 31.303370071708049 ], [ 119.178180447605996, 31.303287696706501 ], [ 119.176989285347474, 31.302990981652847 ] ] ], [ [ [ 119.180371136144288, 31.303371862044944 ], [ 119.18047133, 31.30337183 ], [ 119.180547622090373, 31.303383862241269 ], [ 119.180471331114006, 31.303371829710098 ], [ 119.180371136144288, 31.303371862044944 ] ] ], [ [ [ 119.181328716724138, 31.303534965779377 ], [ 119.18175602, 31.30364304 ], [ 119.182073745176382, 31.303767625269067 ], [ 119.181756023754005, 31.3036430364422 ], [ 119.181328716724138, 31.303534965779377 ] ] ], [ [ [ 119.18239661382465, 31.303986515925363 ], [ 119.1827801, 31.30446355 ], [ 119.182846627537657, 31.304642802744144 ], [ 119.182780100268005, 31.304463547169998 ], [ 119.18239661382465, 31.303986515925363 ] ] ], [ [ [ 119.182867676405692, 31.305942421979754 ], [ 119.18271976, 31.30678154 ], [ 119.182687348580359, 31.307221408509871 ], [ 119.182719761981005, 31.306781542693798 ], [ 119.182867676405692, 31.305942421979754 ] ] ], [ [ [ 119.182679005636004, 31.307929046549528 ], [ 119.18269358, 31.30815497 ], [ 119.182793122148539, 31.308459870176023 ], [ 119.182693581565999, 31.308154967306798 ], [ 119.182679005636004, 31.307929046549528 ] ] ], [ [ [ 119.182937452914331, 31.308863253656497 ], [ 119.18305825, 31.30914424 ], [ 119.18326666, 31.3094175 ], [ 119.18346240958833, 31.309636320249947 ], [ 119.182937452914331, 31.308863253656497 ] ] ], [ [ [ 119.184191698038859, 31.310321699143341 ], [ 119.184438, 31.31050316 ], [ 119.184815582098921, 31.310693008177033 ], [ 119.184438001445997, 31.310503156433001 ], [ 119.184191698038859, 31.310321699143341 ] ] ], [ [ [ 119.184999199009198, 31.310759310440538 ], [ 119.18582682, 31.3109934 ], [ 119.18660841, 31.31101475 ], [ 119.187009914494837, 31.310936964800181 ], [ 119.185826818492998, 31.310993399102799 ], [ 119.184999199009198, 31.310759310440538 ] ] ], [ [ [ 119.188771246726944, 31.310793515060972 ], [ 119.18955033, 31.31102576 ], [ 119.189866106526452, 31.311208744174817 ], [ 119.189550331348997, 31.3110257579037 ], [ 119.188771246726944, 31.310793515060972 ] ] ], [ [ [ 119.190266684621335, 31.311916330603228 ], [ 119.19037585, 31.31227067 ], [ 119.19052302, 31.31353643 ], [ 119.190611937943615, 31.314118062179269 ], [ 119.190266684621335, 31.311916330603228 ] ] ], [ [ [ 119.190135781813552, 31.316088423807685 ], [ 119.18989752, 31.31644829 ], [ 119.189338661138152, 31.316998581882864 ], [ 119.189897524347003, 31.316448289719901 ], [ 119.190135781813552, 31.316088423807685 ] ] ], [ [ [ 119.188658030951856, 31.317837850505175 ], [ 119.18849157, 31.31808331 ], [ 119.18812778, 31.31872945 ], [ 119.18798847, 31.31906608 ], [ 119.18791028, 31.31945181 ], [ 119.187904170688711, 31.319483509816848 ], [ 119.188127784933997, 31.318729446098398 ], [ 119.188658030951856, 31.317837850505175 ] ] ], [ [ [ 119.187838988348133, 31.320656001037214 ], [ 119.18792718, 31.3208953 ], [ 119.18817064, 31.32123859 ], [ 119.18847423, 31.32150501 ], [ 119.188693346317507, 31.321653171785609 ], [ 119.188170641886998, 31.3212385874726 ], [ 119.187838988348133, 31.320656001037214 ] ] ], [ [ [ 119.189649516783348, 31.322249596681207 ], [ 119.19049611, 31.32292188 ], [ 119.191631043226124, 31.32467723988211 ], [ 119.190496114183006, 31.322921883300101 ], [ 119.189649516783348, 31.322249596681207 ] ] ], [ [ [ 119.191755391043358, 31.324942223325806 ], [ 119.19198076, 31.32568832 ], [ 119.192102900118414, 31.326600931783986 ], [ 119.191980760193999, 31.325688320494901 ], [ 119.191755391043358, 31.324942223325806 ] ] ], [ [ [ 119.192604334378871, 31.33002671559662 ], [ 119.19276174, 31.33141752 ], [ 119.19299711, 31.33234057 ], [ 119.193082860893497, 31.332616358571318 ], [ 119.192604334378871, 31.33002671559662 ] ] ], [ [ [ 119.195288223037025, 31.334735372800566 ], [ 119.19599948, 31.33539125 ], [ 119.196534149803185, 31.336050036302396 ], [ 119.195999484423993, 31.335391253867801 ], [ 119.195288223037025, 31.334735372800566 ] ] ], [ [ [ 119.196696889369292, 31.336250621314107 ], [ 119.19780458, 31.33760725 ], [ 119.198676084420427, 31.338664525683669 ], [ 119.197804578523005, 31.337607247134098 ], [ 119.196696889369292, 31.336250621314107 ] ] ], [ [ [ 119.198749102577665, 31.338754354322994 ], [ 119.1990116, 31.33908155 ], [ 119.199260379703432, 31.339384272546443 ], [ 119.199011602914993, 31.339081545192698 ], [ 119.198749102577665, 31.338754354322994 ] ] ], [ [ [ 119.199368134255607, 31.339512057650762 ], [ 119.19956752, 31.33974214 ], [ 119.199669043149754, 31.339850399224336 ], [ 119.199567524364994, 31.339742139028601 ], [ 119.199368134255607, 31.339512057650762 ] ] ], [ [ [ 119.200398771985405, 31.340743285546839 ], [ 119.20063426, 31.34107624 ], [ 119.20138947, 31.34206598 ], [ 119.20217973, 31.34298979 ], [ 119.20300404, 31.34376668 ], [ 119.204560249030507, 31.344820275455664 ], [ 119.203004041141, 31.343766676371001 ], [ 119.202179730409, 31.342989787607799 ], [ 119.200398771985405, 31.340743285546839 ] ] ], [ [ [ 119.205038546913698, 31.345131457585367 ], [ 119.2050783, 31.34515603 ], [ 119.205078301862116, 31.345156030953206 ], [ 119.205038546913698, 31.345131457585367 ] ] ], [ [ [ 119.206655703762777, 31.346031052350913 ], [ 119.20705731, 31.34629524 ], [ 119.207577245819905, 31.346670321423662 ], [ 119.207057314603006, 31.3462952393736 ], [ 119.206655703762777, 31.346031052350913 ] ] ], [ [ [ 119.208426038411986, 31.347320092535167 ], [ 119.20864562, 31.34749684 ], [ 119.209006439588293, 31.347775027314562 ], [ 119.208645616492007, 31.347496835733001 ], [ 119.208426038411986, 31.347320092535167 ] ] ], [ [ [ 119.209096252129712, 31.347844272030876 ], [ 119.209142966924162, 31.347888818824181 ], [ 119.209096254366997, 31.347844273755801 ], [ 119.209096252129712, 31.347844272030876 ] ] ], [ [ [ 119.209482158357133, 31.348212651979669 ], [ 119.20959094, 31.34831672 ], [ 119.20995644, 31.34864905 ], [ 119.210350357124867, 31.348981721049839 ], [ 119.209482158357133, 31.348212651979669 ] ] ], [ [ [ 119.211231664432077, 31.349736062117902 ], [ 119.21137936, 31.34986632 ], [ 119.211583690136152, 31.350030790795348 ], [ 119.211379360278002, 31.3498663162143 ], [ 119.211231664432077, 31.349736062117902 ] ] ], [ [ [ 119.212793218349674, 31.350854592650617 ], [ 119.211076590688691, 31.353611708893887 ], [ 119.212793220329004, 31.3508545946789 ], [ 119.212793218349674, 31.350854592650617 ] ] ], [ [ [ 119.211050891708311, 31.353636196924413 ], [ 119.21064594, 31.35402206 ], [ 119.20961642, 31.35446168 ], [ 119.210645943423998, 31.354022063826498 ], [ 119.211050891708311, 31.353636196924413 ] ] ], [ [ [ 119.209689558093885, 31.354542823621784 ], [ 119.20977659, 31.35508167 ], [ 119.20972392603781, 31.355123080129822 ], [ 119.209776593125994, 31.355081672623498 ], [ 119.209689558093885, 31.354542823621784 ] ] ], [ [ [ 119.20968630651123, 31.355152543843673 ], [ 119.2093059, 31.35516207 ], [ 119.209305898700379, 31.355162074059283 ], [ 119.20968630651123, 31.355152543843673 ] ] ], [ [ [ 119.209259658879546, 31.355306500069531 ], [ 119.20920672, 31.35547185 ], [ 119.20953619680644, 31.355582218930209 ], [ 119.209206722277997, 31.355471850193499 ], [ 119.209259658879546, 31.355306500069531 ] ] ], [ [ [ 119.209541172665325, 31.355626964042578 ], [ 119.2095462, 31.3556722 ], [ 119.20991673, 31.35576162 ], [ 119.20989668, 31.35602251 ], [ 119.209952686069073, 31.356085472259149 ], [ 119.209916734936002, 31.355761616496 ], [ 119.209541172665325, 31.355626964042578 ] ] ], [ [ [ 119.210036879238714, 31.356112639999111 ], [ 119.21003688, 31.35611264 ], [ 119.21018712933332, 31.355761941556086 ], [ 119.210187126273993, 31.3557619408862 ], [ 119.210036879238714, 31.356112639999111 ] ] ], [ [ [ 119.211036316551144, 31.355947883242891 ], [ 119.21077192, 31.35619649 ], [ 119.210472124832464, 31.356474310476045 ], [ 119.210771924856004, 31.356196491774401 ], [ 119.211036316551144, 31.355947883242891 ] ] ], [ [ [ 119.210212075563348, 31.356721015746462 ], [ 119.20987756, 31.35702515 ], [ 119.20917447, 31.35769008 ], [ 119.208444923533548, 31.358027537889569 ], [ 119.209174472474004, 31.3576900791703 ], [ 119.210212075563348, 31.356721015746462 ] ] ], [ [ [ 119.207493641108684, 31.358324432979984 ], [ 119.20741276, 31.35834966 ], [ 119.20716137, 31.35843031 ], [ 119.20691799, 31.35850597 ], [ 119.2064232, 31.35866028 ], [ 119.206264324539546, 31.358712495608465 ], [ 119.206423202333994, 31.358660282449701 ], [ 119.207161368629997, 31.358430311804899 ], [ 119.207493641108684, 31.358324432979984 ] ] ], [ [ [ 119.20546422827519, 31.358879068748312 ], [ 119.205442633500866, 31.35888191953784 ], [ 119.205442634803006, 31.3588819196085 ], [ 119.20546422827519, 31.358879068748312 ] ] ], [ [ [ 119.205326618257999, 31.358875624074965 ], [ 119.20491379, 31.35885322 ], [ 119.204823528126425, 31.358848942941709 ], [ 119.204913790839996, 31.3588532223662 ], [ 119.205326618257999, 31.358875624074965 ] ] ], [ [ [ 119.203627286495959, 31.35878768200212 ], [ 119.20360266, 31.35878646 ], [ 119.20354486645077, 31.358783649384755 ], [ 119.203602662270995, 31.358786460499498 ], [ 119.203627286495959, 31.35878768200212 ] ] ], [ [ [ 119.202715872967843, 31.358772538302048 ], [ 119.20153717, 31.35909246 ], [ 119.2010333, 31.35922769 ], [ 119.20053042, 31.35936192 ], [ 119.200523265211359, 31.359363860791362 ], [ 119.201033295588005, 31.359227693398498 ], [ 119.201537170945997, 31.359092461024499 ], [ 119.202715872967843, 31.358772538302048 ] ] ], [ [ [ 119.199550742151331, 31.359626505636456 ], [ 119.19953265, 31.35963137 ], [ 119.199532649598055, 31.359631370274258 ], [ 119.199550742151331, 31.359626505636456 ] ] ], [ [ [ 119.199499302316426, 31.359654124355966 ], [ 119.19924612, 31.35982688 ], [ 119.1991419, 31.36026658 ], [ 119.199124903177818, 31.360338779799918 ], [ 119.199246124582999, 31.359826882649202 ], [ 119.199499302316426, 31.359654124355966 ] ] ], [ [ [ 119.198974372584871, 31.360955632708155 ], [ 119.19892443, 31.36114997 ], [ 119.198858215766776, 31.361429966878916 ], [ 119.198924433867006, 31.361149973702599 ], [ 119.198974372584871, 31.360955632708155 ] ] ], [ [ [ 119.198325258864486, 31.363665091875589 ], [ 119.19829106, 31.36379817 ], [ 119.198116832896631, 31.364536856600054 ], [ 119.198291062129002, 31.3637981692703 ], [ 119.198325258864486, 31.363665091875589 ] ] ], [ [ [ 119.197756989584903, 31.366025603862035 ], [ 119.19770979, 31.36622651 ], [ 119.197567870508394, 31.366457371413748 ], [ 119.197709794374006, 31.366226513171299 ], [ 119.197756989584903, 31.366025603862035 ] ] ], [ [ [ 119.19712293685167, 31.36721884172993 ], [ 119.19705851, 31.36732917 ], [ 119.19683306, 31.36773269 ], [ 119.196753167333213, 31.367856433160068 ], [ 119.196833063200003, 31.367732694253402 ], [ 119.19712293685167, 31.36721884172993 ] ] ], [ [ [ 119.196471360847639, 31.36833076705447 ], [ 119.19646834, 31.36833594 ], [ 119.19623387, 31.36873945 ], [ 119.1959994, 31.36914096 ], [ 119.19597239659096, 31.369189990606202 ], [ 119.196471360847639, 31.36833076705447 ] ] ], [ [ [ 119.195657297189797, 31.369721884909637 ], [ 119.19564369, 31.36974421 ], [ 119.19540921, 31.37014772 ], [ 119.19517474, 31.37055222 ], [ 119.19506251, 31.37075398 ], [ 119.194924450109724, 31.370942925782771 ], [ 119.195062512191001, 31.370753984908902 ], [ 119.195657297189797, 31.369721884909637 ] ] ], [ [ [ 119.194311783127645, 31.371580534597904 ], [ 119.19415972, 31.37173425 ], [ 119.194090448659168, 31.371802853963771 ], [ 119.194159724591003, 31.3717342470832 ], [ 119.194311783127645, 31.371580534597904 ] ] ], [ [ [ 119.193467335251441, 31.372424377743521 ], [ 119.19330001, 31.3725896 ], [ 119.19322012192255, 31.372668718416147 ], [ 119.193300012405004, 31.372589602281899 ], [ 119.193467335251441, 31.372424377743521 ] ] ], [ [ [ 119.192859635711585, 31.37303858324956 ], [ 119.19227595, 31.37361662 ], [ 119.191566054632332, 31.374333306640914 ], [ 119.192275951159999, 31.373616622838199 ], [ 119.192859635711585, 31.37303858324956 ] ] ], [ [ [ 119.190571693451901, 31.375325044823622 ], [ 119.19040112, 31.37549795 ], [ 119.190222076103908, 31.375666459592175 ], [ 119.190401120809, 31.375497951046199 ], [ 119.190571693451901, 31.375325044823622 ] ] ], [ [ [ 119.189799300160587, 31.376089315442321 ], [ 119.18962852, 31.37626242 ], [ 119.18927278, 31.37660072 ], [ 119.189087821672018, 31.37678656844335 ], [ 119.189628523029, 31.3762624241973 ], [ 119.189799300160587, 31.376089315442321 ] ] ], [ [ [ 119.188018378940654, 31.37783688406363 ], [ 119.18789289, 31.37795897 ], [ 119.187448461456157, 31.378401345976989 ], [ 119.187892894792, 31.377958966286901 ], [ 119.188018378940654, 31.37783688406363 ] ] ], [ [ [ 119.186948900945922, 31.378890112860486 ], [ 119.18685971, 31.37897688 ], [ 119.18651297, 31.37931718 ], [ 119.186106388405378, 31.379723091201615 ], [ 119.186948900945922, 31.378890112860486 ] ] ], [ [ [ 119.185564476553893, 31.38025266802871 ], [ 119.18547976, 31.38033508 ], [ 119.185284915748639, 31.380525737859042 ], [ 119.185479761509001, 31.380335080197501 ], [ 119.185564476553893, 31.38025266802871 ] ] ], [ [ [ 119.184514588460573, 31.381234177766746 ], [ 119.18448162, 31.38126005 ], [ 119.183554830483743, 31.381802038550383 ], [ 119.184481616247993, 31.381260053738099 ], [ 119.184514588460573, 31.381234177766746 ] ] ], [ [ [ 119.183158470402319, 31.382033245260178 ], [ 119.18296237, 31.3821481 ], [ 119.182910597923097, 31.382178614097622 ], [ 119.182962370617005, 31.3821481011563 ], [ 119.183158470402319, 31.382033245260178 ] ] ], [ [ [ 119.181548328815651, 31.382929340211458 ], [ 119.181456201608185, 31.382945788783509 ], [ 119.181548325761995, 31.3829293415763 ], [ 119.181548328815651, 31.382929340211458 ] ] ], [ [ [ 119.180341988653126, 31.383144998430652 ], [ 119.18025456, 31.38316094 ], [ 119.17975148, 31.383253 ], [ 119.179409492860145, 31.383314051319502 ], [ 119.180341988653126, 31.383144998430652 ] ] ], [ [ [ 119.17791926150835, 31.383580212127349 ], [ 119.17720799, 31.38364324 ], [ 119.17616675, 31.38352136 ], [ 119.176101033312364, 31.383514053381791 ], [ 119.17791926150835, 31.383580212127349 ] ] ], [ [ [ 119.175479136854321, 31.383442666661658 ], [ 119.17538506, 31.38343094 ], [ 119.175204416497678, 31.383410508759546 ], [ 119.175385064699, 31.383430943000899 ], [ 119.175479136854321, 31.383442666661658 ] ] ], [ [ [ 119.174228849414504, 31.383298043252761 ], [ 119.17408325, 31.38328157 ], [ 119.173960193388083, 31.383267180258414 ], [ 119.174083246307006, 31.383281572444101 ], [ 119.174228849414504, 31.383298043252761 ] ] ], [ [ [ 119.17359691016236, 31.383225556681388 ], [ 119.17330155, 31.38319214 ], [ 119.173133251029924, 31.383171168024873 ], [ 119.173301549067006, 31.383192144094 ], [ 119.17359691016236, 31.383225556681388 ] ] ], [ [ [ 119.17191013107437, 31.383029296489305 ], [ 119.17147858, 31.3829788 ], [ 119.171279326067747, 31.382956600658719 ], [ 119.171478579980999, 31.382978802789498 ], [ 119.17191013107437, 31.383029296489305 ] ] ], [ [ [ 119.16857472096342, 31.383273050344567 ], [ 119.16848396, 31.38345304 ], [ 119.16837971, 31.38366078 ], [ 119.16827546, 31.38386653 ], [ 119.16806697, 31.38427901 ], [ 119.168052453283764, 31.384307799746587 ], [ 119.168379713018993, 31.383660784954301 ], [ 119.16857472096342, 31.383273050344567 ] ] ], [ [ [ 119.167938938060459, 31.384529337274458 ], [ 119.16785045, 31.38469148 ], [ 119.16779484091478, 31.384802842207783 ], [ 119.167850454649994, 31.384691483858401 ], [ 119.167938938060459, 31.384529337274458 ] ] ], [ [ [ 119.167562484392832, 31.385266714960789 ], [ 119.16753771, 31.38531171 ], [ 119.167294227110474, 31.385795581835982 ], [ 119.167537709984003, 31.385311712185398 ], [ 119.167562484392832, 31.385266714960789 ] ] ], [ [ [ 119.1669388251171, 31.386498664131487 ], [ 119.16691222, 31.38655117 ], [ 119.16680897, 31.38675991 ], [ 119.166745245480115, 31.386885690122483 ], [ 119.166808974562997, 31.386759914762202 ], [ 119.1669388251171, 31.386498664131487 ] ] ], [ [ [ 119.166610516782214, 31.387137600993924 ], [ 119.16659146, 31.38717238 ], [ 119.166554503820961, 31.387270118771227 ], [ 119.166591458433999, 31.387172384522199 ], [ 119.166610516782214, 31.387137600993924 ] ] ], [ [ [ 119.166347379594484, 31.38803995940825 ], [ 119.16626162, 31.3884024 ], [ 119.166250133015978, 31.388451062680851 ], [ 119.166261620211003, 31.388402404239098 ], [ 119.166347379594484, 31.38803995940825 ] ] ], [ [ [ 119.166158183858656, 31.388841532182521 ], [ 119.16615735, 31.38884508 ], [ 119.1660621, 31.38928777 ], [ 119.16601798, 31.38950962 ], [ 119.165966946568034, 31.38969698014597 ], [ 119.166017982829999, 31.3895096236092 ], [ 119.166158183858656, 31.388841532182521 ] ] ], [ [ [ 119.16577101622795, 31.390596950050014 ], [ 119.16576733, 31.39061583 ], [ 119.165758827277614, 31.39064667339948 ], [ 119.165767330196005, 31.3906158315847 ], [ 119.16577101622795, 31.390596950050014 ] ] ], [ [ [ 119.165456634835223, 31.391973062880659 ], [ 119.16535927, 31.39238455 ], [ 119.165284026796755, 31.392738258229489 ], [ 119.165359270869004, 31.392384554668201 ], [ 119.165456634835223, 31.391973062880659 ] ] ], [ [ [ 119.165167184076722, 31.393238062883889 ], [ 119.16515975, 31.39326993 ], [ 119.16511563, 31.39349178 ], [ 119.165044543184848, 31.393716691723682 ], [ 119.165167184076722, 31.393238062883889 ] ] ], [ [ [ 119.164463826945877, 31.394735379429775 ], [ 119.16443903, 31.39477414 ], [ 119.164148689331554, 31.39528708098138 ], [ 119.164439030386006, 31.394774142338399 ], [ 119.164463826945877, 31.394735379429775 ] ] ], [ [ [ 119.163885056907517, 31.39628184336669 ], [ 119.16390068, 31.39659462 ], [ 119.163909315520272, 31.396709266425354 ], [ 119.163900681773995, 31.396594615724101 ], [ 119.163885056907517, 31.39628184336669 ] ] ], [ [ [ 119.16394532122969, 31.39739730359625 ], [ 119.16395271, 31.39749546 ], [ 119.163967111562172, 31.397686665699421 ], [ 119.163952712874007, 31.397495460031202 ], [ 119.16394532122969, 31.39739730359625 ] ] ], [ [ [ 119.164000013598994, 31.39826264572341 ], [ 119.16400474, 31.39839631 ], [ 119.16401374, 31.39862126 ], [ 119.164028898258309, 31.398822512152215 ], [ 119.164000013598994, 31.39826264572341 ] ] ], [ [ [ 119.164061575841259, 31.399416691523161 ], [ 119.16406577, 31.39952211 ], [ 119.164090711391864, 31.399952420900721 ], [ 119.164065774109005, 31.399522105889801 ], [ 119.164061575841259, 31.399416691523161 ] ] ], [ [ [ 119.164117840942509, 31.400314971903608 ], [ 119.1641258, 31.40064591 ], [ 119.164149427619094, 31.400945671918144 ], [ 119.164125802233002, 31.400645906671301 ], [ 119.164117840942509, 31.400314971903608 ] ] ], [ [ [ 119.164179117122856, 31.401444042295797 ], [ 119.16418685, 31.40154677 ], [ 119.16420485, 31.40199868 ], [ 119.164209383758319, 31.402058074365023 ], [ 119.164186853152003, 31.401546772384599 ], [ 119.164179117122856, 31.401444042295797 ] ] ], [ [ [ 119.164228101766696, 31.402304436144608 ], [ 119.16423888, 31.40244762 ], [ 119.164244078273029, 31.402617973182906 ], [ 119.164238884295003, 31.402447622151001 ], [ 119.164228101766696, 31.402304436144608 ] ] ], [ [ [ 119.164238804816861, 31.403308263150397 ], [ 119.16423879, 31.40341936 ], [ 119.164234554098826, 31.403538534943209 ], [ 119.164238794558003, 31.4034193555846 ], [ 119.164238804816861, 31.403308263150397 ] ] ], [ [ [ 119.164225953915789, 31.404106075761771 ], [ 119.16421263, 31.404544 ], [ 119.16421261, 31.40476994 ], [ 119.16420457, 31.40499486 ], [ 119.16420455, 31.4052208 ], [ 119.16419551, 31.40544672 ], [ 119.16418745, 31.40589858 ], [ 119.16418741, 31.40634746 ], [ 119.16417837, 31.40657339 ], [ 119.164171310456808, 31.4069742540701 ], [ 119.164187411997005, 31.406347463289102 ], [ 119.164187453455, 31.405898584675199 ], [ 119.164204553432, 31.405220800440201 ], [ 119.164204574299006, 31.404994861819301 ], [ 119.164212612661004, 31.404769938048901 ], [ 119.164212633527995, 31.404543999552601 ], [ 119.164225953915789, 31.404106075761771 ] ] ], [ [ [ 119.164164073810696, 31.407396762324591 ], [ 119.16416125, 31.40747611 ], [ 119.164161234890884, 31.407646042228329 ], [ 119.164161250587, 31.407476110213299 ], [ 119.164164073810696, 31.407396762324591 ] ] ], [ [ [ 119.16414523036407, 31.408343055809397 ], [ 119.16414413, 31.40837384 ], [ 119.164144123339113, 31.408449087931043 ], [ 119.164144130289998, 31.4083738374216 ], [ 119.16414523036407, 31.408343055809397 ] ] ], [ [ [ 119.164125955505028, 31.409837606457593 ], [ 119.16412594, 31.40995438 ], [ 119.164121434955078, 31.410080571750314 ], [ 119.164125944717995, 31.409954382008699 ], [ 119.164125955505028, 31.409837606457593 ] ] ], [ [ [ 119.164108833596956, 31.410752706827509 ], [ 119.16410882, 31.41085511 ], [ 119.164104886525053, 31.410965291384699 ], [ 119.164108824137003, 31.4108551111533 ], [ 119.164108833596956, 31.410752706827509 ] ] ], [ [ [ 119.164100776096731, 31.411184750197105 ], [ 119.16408268, 31.41175482 ], [ 119.16406556, 31.41265556 ], [ 119.164063443561105, 31.413414249175524 ], [ 119.164100776096731, 31.411184750197105 ] ] ], [ [ [ 119.164013134116303, 31.416063225501826 ], [ 119.1640131, 31.41639549 ], [ 119.164009895657955, 31.416485243501103 ], [ 119.164013103415996, 31.416395485087101 ], [ 119.164013134116303, 31.416063225501826 ] ] ], [ [ [ 119.164005053710227, 31.416743093707005 ], [ 119.164005, 31.41729324 ], [ 119.16399596, 31.41751916 ], [ 119.16399594, 31.41774511 ], [ 119.1639869, 31.41797103 ], [ 119.163986882815919, 31.418164299282697 ], [ 119.163995941337006, 31.4177451062729 ], [ 119.163995962214997, 31.417519164176401 ], [ 119.164005002875996, 31.417293239081602 ], [ 119.164005053710227, 31.416743093707005 ] ] ], [ [ [ 119.16398687988908, 31.41819597311699 ], [ 119.16397884, 31.4184219 ], [ 119.16397882, 31.41864784 ], [ 119.163971432907402, 31.418832460114086 ], [ 119.163978820547001, 31.418647843548499 ], [ 119.16398687988908, 31.41819597311699 ] ] ], [ [ [ 119.163935445232838, 31.421686236396511 ], [ 119.16392639, 31.42202689 ], [ 119.16392637, 31.42225183 ], [ 119.16391833, 31.42247776 ], [ 119.16391831, 31.42270371 ], [ 119.16390927, 31.42292963 ], [ 119.16390925, 31.42315458 ], [ 119.163871633936395, 31.423661924008623 ], [ 119.163935445232838, 31.421686236396511 ] ] ], [ [ [ 119.163776513288084, 31.424399623354379 ], [ 119.1637267, 31.42476583 ], [ 119.163695633183522, 31.425031997854301 ], [ 119.163726703427002, 31.424765834010302 ], [ 119.163776513288084, 31.424399623354379 ] ] ], [ [ [ 119.16365376355769, 31.425349710796134 ], [ 119.16364045, 31.42543751 ], [ 119.163622016760499, 31.425595788433679 ], [ 119.163640452359004, 31.425437506239501 ], [ 119.16365376355769, 31.425349710796134 ] ] ], [ [ [ 119.163549498134017, 31.426217667440699 ], [ 119.16353614, 31.42633209 ], [ 119.163524030255246, 31.426420934388631 ], [ 119.163536141161003, 31.426332090418398 ], [ 119.163549498134017, 31.426217667440699 ] ] ], [ [ [ 119.163326201910692, 31.427976972156614 ], [ 119.16327538, 31.42834811 ], [ 119.163238672997082, 31.42866259364019 ], [ 119.163275383694, 31.428348108864601 ], [ 119.163326201910692, 31.427976972156614 ] ] ], [ [ [ 119.163212283713364, 31.428868050727282 ], [ 119.16318913, 31.42902278 ], [ 119.16316528959922, 31.429227492012927 ], [ 119.163189132471999, 31.429022783447099 ], [ 119.163212283713364, 31.428868050727282 ] ] ], [ [ [ 119.163100372623163, 31.429737907194323 ], [ 119.1630758, 31.42991735 ], [ 119.163057432657183, 31.430075418330897 ], [ 119.163075801668995, 31.429917354805301 ], [ 119.163100372623163, 31.429737907194323 ] ] ], [ [ [ 119.162891015090125, 31.430898670663794 ], [ 119.16278905, 31.43121451 ], [ 119.16271988, 31.43143232 ], [ 119.16257252, 31.43186594 ], [ 119.16252540367006, 31.432013630655732 ], [ 119.162719882526005, 31.4314323236873 ], [ 119.162891015090125, 31.430898670663794 ] ] ], [ [ [ 119.162482266244211, 31.432148370045631 ], [ 119.162364, 31.4325164 ], [ 119.16229483, 31.43273422 ], [ 119.162171926591895, 31.433094206217429 ], [ 119.162482266244211, 31.432148370045631 ] ] ], [ [ [ 119.161992206065278, 31.433634462117393 ], [ 119.16185174, 31.43403408 ], [ 119.161715109387217, 31.43448522845198 ], [ 119.161851743827, 31.4340340793526 ], [ 119.161992206065278, 31.433634462117393 ] ] ], [ [ [ 119.161341637584783, 31.435600828293879 ], [ 119.16128741, 31.43576967 ], [ 119.16121824, 31.43598649 ], [ 119.161176767937235, 31.436107688839893 ], [ 119.161341637584783, 31.435600828293879 ] ] ], [ [ [ 119.161081884380678, 31.43638645859798 ], [ 119.16107088, 31.43641911 ], [ 119.161030653048002, 31.436535642289162 ], [ 119.161070880249, 31.436419112105298 ], [ 119.161081884380678, 31.43638645859798 ] ] ], [ [ [ 119.159148023207521, 31.441786011531995 ], [ 119.15912614, 31.44186323 ], [ 119.15909102, 31.44231506 ], [ 119.15907394, 31.44276393 ], [ 119.158931928492322, 31.442870553725449 ], [ 119.159073943845996, 31.4427639296539 ], [ 119.159148023207521, 31.441786011531995 ] ] ], [ [ [ 119.156758749063059, 31.442829099580482 ], [ 119.15670382, 31.44282552 ], [ 119.156591911815966, 31.442816982511388 ], [ 119.156703816713005, 31.442825520265298 ], [ 119.156758749063059, 31.442829099580482 ] ] ], [ [ [ 119.156161010814273, 31.44278604780861 ], [ 119.15565357, 31.4427516 ], [ 119.155449894504443, 31.442735598321264 ], [ 119.155653571645004, 31.442751602774901 ], [ 119.156161010814273, 31.44278604780861 ] ] ], [ [ [ 119.154714401756209, 31.442684198931023 ], [ 119.15461236, 31.44267671 ], [ 119.154323052719718, 31.44253680964421 ], [ 119.154612358083995, 31.442676711645699 ], [ 119.154714401756209, 31.442684198931023 ] ] ], [ [ [ 119.153556452495167, 31.442155550781376 ], [ 119.1533798, 31.4420696 ], [ 119.15315334, 31.44195422 ], [ 119.153094207632961, 31.441925875601282 ], [ 119.1533798026, 31.442069603275101 ], [ 119.153556452495167, 31.442155550781376 ] ] ], [ [ [ 119.152698089010187, 31.44173226932319 ], [ 119.15224246, 31.44150267 ], [ 119.152016, 31.44139029 ], [ 119.151883649576021, 31.441325898874254 ], [ 119.152698089010187, 31.44173226932319 ] ] ], [ [ [ 119.151443855262357, 31.441106710997129 ], [ 119.15133962, 31.44105115 ], [ 119.151179103849032, 31.440974212051319 ], [ 119.151339618444993, 31.441051153105999 ], [ 119.151443855262357, 31.441106710997129 ] ] ], [ [ [ 119.150504867387227, 31.440643680895672 ], [ 119.15041875, 31.44059961 ], [ 119.15019329, 31.44048723 ], [ 119.149516072813739, 31.44072489075301 ], [ 119.150193293458003, 31.440487234755601 ], [ 119.150504867387227, 31.440643680895672 ] ] ], [ [ [ 119.148477483321173, 31.441093274401361 ], [ 119.14806687, 31.44123631 ], [ 119.147794386152569, 31.441353469774857 ], [ 119.148066870711006, 31.441236313907702 ], [ 119.148477483321173, 31.441093274401361 ] ] ], [ [ [ 119.147754223084732, 31.441370738673658 ], [ 119.14756282, 31.44152437 ], [ 119.14751100137444, 31.441563769929832 ], [ 119.147562823553002, 31.441524368926601 ], [ 119.147754223084732, 31.441370738673658 ] ] ], [ [ [ 119.146878590839165, 31.442064693616313 ], [ 119.14679021, 31.44213189 ], [ 119.146515018690565, 31.442344024116025 ], [ 119.146790212067998, 31.442131890542001 ], [ 119.146878590839165, 31.442064693616313 ] ] ], [ [ [ 119.146237393799467, 31.442562346961108 ], [ 119.14620801, 31.44258578 ], [ 119.146048615786526, 31.442706976191896 ], [ 119.146208005488006, 31.442585783752602 ], [ 119.146237393799467, 31.442562346961108 ] ] ], [ [ [ 119.146008591838111, 31.44273740860238 ], [ 119.14600859, 31.44273741 ], [ 119.146004341710096, 31.442740793637171 ], [ 119.146008591838111, 31.44273740860238 ] ] ], [ [ [ 119.145294969844215, 31.443293499911775 ], [ 119.14522699, 31.44334493 ], [ 119.145165821706712, 31.44339320229054 ], [ 119.145226987838001, 31.443344932915299 ], [ 119.145294969844215, 31.443293499911775 ] ] ], [ [ [ 119.144729809852137, 31.443733963696005 ], [ 119.1446458, 31.44379784 ], [ 119.144533293463937, 31.443887573647164 ], [ 119.144645801330995, 31.443797843545099 ], [ 119.144729809852137, 31.443733963696005 ] ] ], [ [ [ 119.144225682222782, 31.444108832625773 ], [ 119.14407264, 31.44421478 ], [ 119.143981091099192, 31.444269181442188 ], [ 119.144072640803003, 31.444214781732001 ], [ 119.144225682222782, 31.444108832625773 ] ] ], [ [ [ 119.143520334404258, 31.444542820720848 ], [ 119.14342134, 31.4446016 ], [ 119.14299649, 31.44485983 ], [ 119.142754110978672, 31.445002419368706 ], [ 119.142996493526994, 31.444859834899301 ], [ 119.143520334404258, 31.444542820720848 ] ] ], [ [ [ 119.142285780579456, 31.445279838130201 ], [ 119.14168492, 31.44554451 ], [ 119.141434740952846, 31.445596817993874 ], [ 119.141684920605002, 31.445544513982501 ], [ 119.142285780579456, 31.445279838130201 ] ] ], [ [ [ 119.140981553762359, 31.445685694614575 ], [ 119.14066999, 31.44574481 ], [ 119.1404095, 31.44579438 ], [ 119.14015702, 31.44584396 ], [ 119.13989653, 31.44589153 ], [ 119.139788267995655, 31.44591263333043 ], [ 119.140157020008999, 31.4458439626823 ], [ 119.140981553762359, 31.445685694614575 ] ] ], [ [ [ 119.138675922799479, 31.446129293875654 ], [ 119.13861215, 31.44614143 ], [ 119.13835167, 31.44619101 ], [ 119.137844553699296, 31.446290816799088 ], [ 119.138675922799479, 31.446129293875654 ] ] ], [ [ [ 119.136028467744239, 31.446642379282238 ], [ 119.13579006, 31.44668594 ], [ 119.135651795414887, 31.446742520881205 ], [ 119.135790056212002, 31.4466859442093 ], [ 119.136028467744239, 31.446642379282238 ] ] ], [ [ [ 119.135529591984977, 31.446792529187707 ], [ 119.13552959, 31.44679253 ], [ 119.135516064804264, 31.446933344511795 ], [ 119.135529591984977, 31.446792529187707 ] ] ], [ [ [ 119.135455770468795, 31.447515348110414 ], [ 119.13541729, 31.44791411 ], [ 119.13536516, 31.44836294 ], [ 119.135303228073937, 31.448975569468203 ], [ 119.135417292800994, 31.4479141116134 ], [ 119.135455770468795, 31.447515348110414 ] ] ], [ [ [ 119.135174409376589, 31.450199083224678 ], [ 119.13515661, 31.45038518 ], [ 119.135182568586032, 31.4504954378185 ], [ 119.135156611414999, 31.4503851837033 ], [ 119.135174409376589, 31.450199083224678 ] ] ], [ [ [ 119.135285359768247, 31.450945834179148 ], [ 119.13534686, 31.45123229 ], [ 119.135509990570583, 31.451942430125058 ], [ 119.135346862177002, 31.451232287755602 ], [ 119.135285359768247, 31.450945834179148 ] ] ], [ [ [ 119.135591774248354, 31.452323344009994 ], [ 119.13564225, 31.45255845 ], [ 119.13573329401882, 31.452914129920835 ], [ 119.135642252547996, 31.452558450466501 ], [ 119.135591774248354, 31.452323344009994 ] ] ], [ [ [ 119.136010873609067, 31.453402269431251 ], [ 119.13611199, 31.45348697 ], [ 119.136268679585228, 31.453615276944451 ], [ 119.136111988102996, 31.453486966632301 ], [ 119.136010873609067, 31.453402269431251 ] ] ], [ [ [ 119.136702019359504, 31.453974895618277 ], [ 119.13686726, 31.45411399 ], [ 119.13707313281482, 31.454288300143308 ], [ 119.136867264106996, 31.4541139914155 ], [ 119.136702019359504, 31.453974895618277 ] ] ], [ [ [ 119.138336430952918, 31.455345953916002 ], [ 119.13836885, 31.45537307 ], [ 119.138460935613637, 31.455451075990702 ], [ 119.138368845594997, 31.455373065690001 ], [ 119.138336430952918, 31.455345953916002 ] ] ], [ [ [ 119.139216912271607, 31.456081154429093 ], [ 119.13949682, 31.45631966 ], [ 119.139719719051101, 31.456507281266195 ], [ 119.139496823439003, 31.456319657121199 ], [ 119.139216912271607, 31.456081154429093 ] ] ], [ [ [ 119.140410376912484, 31.457085860272581 ], [ 119.14043549, 31.457107 ], [ 119.14081718, 31.45741956 ], [ 119.14118985, 31.4577371 ], [ 119.141352151574466, 31.457872846451728 ], [ 119.140817179813993, 31.4574195565651 ], [ 119.140410376912484, 31.457085860272581 ] ] ], [ [ [ 119.142218408032249, 31.458597933424169 ], [ 119.14270061, 31.45899533 ], [ 119.142979660613847, 31.459230218197668 ], [ 119.142700612336995, 31.458995326655 ], [ 119.142218408032249, 31.458597933424169 ] ] ], [ [ [ 119.143638350114614, 31.459783730215023 ], [ 119.143653547868936, 31.45981224302259 ], [ 119.143638350974996, 31.459783730941201 ], [ 119.143638350114614, 31.459783730215023 ] ] ], [ [ [ 119.144913531771564, 31.462147390913387 ], [ 119.145123, 31.46252869 ], [ 119.14534039, 31.46293698 ], [ 119.145682149534323, 31.463565256089399 ], [ 119.145123003343002, 31.462528686675299 ], [ 119.144913531771564, 31.462147390913387 ] ] ], [ [ [ 119.146040267229765, 31.46422262812457 ], [ 119.146226, 31.46457317 ], [ 119.14646043, 31.46498149 ], [ 119.14666881, 31.46538877 ], [ 119.14690324, 31.4657991 ], [ 119.14724988, 31.46647657 ], [ 119.1473801, 31.46691071 ], [ 119.147528415522416, 31.467379394359284 ], [ 119.147249879152, 31.466476565289099 ], [ 119.146903244697, 31.4657990966287 ], [ 119.146668812452006, 31.4653887716353 ], [ 119.146460433068995, 31.464981492034699 ], [ 119.146040267229765, 31.46422262812457 ] ] ], [ [ [ 119.14763898007179, 31.467749764304919 ], [ 119.14771868, 31.46800009 ], [ 119.147816972733168, 31.468329272159604 ], [ 119.147718684436001, 31.4680000853593 ], [ 119.14763898007179, 31.467749764304919 ] ] ], [ [ [ 119.147977249763287, 31.468838245736514 ], [ 119.14811837, 31.46930853 ], [ 119.148153544310901, 31.469434624522826 ], [ 119.148118373269, 31.469308531791601 ], [ 119.147977249763287, 31.468838245736514 ] ] ], [ [ [ 119.148269826388514, 31.469830193103107 ], [ 119.1483097, 31.46996374 ], [ 119.14851806, 31.47061698 ], [ 119.14864829, 31.47105313 ], [ 119.148813763848707, 31.47158581048657 ], [ 119.148518064954004, 31.470616982686099 ], [ 119.148269826388514, 31.469830193103107 ] ] ], [ [ [ 119.148944161288028, 31.472009320086269 ], [ 119.14898688, 31.47214252 ], [ 119.149027314317792, 31.47227793755129 ], [ 119.148986880668005, 31.472142518907098 ], [ 119.148944161288028, 31.472009320086269 ] ] ], [ [ [ 119.149208127767366, 31.472870756571218 ], [ 119.14944668, 31.47366805 ], [ 119.14950443176572, 31.47385066672263 ], [ 119.149446681621001, 31.4736680451451 ], [ 119.149208127767366, 31.472870756571218 ] ] ], [ [ [ 119.149661699234585, 31.474361746111391 ], [ 119.14971515, 31.47454036 ], [ 119.149745429149391, 31.474635381177748 ], [ 119.149715152628005, 31.474540358486301 ], [ 119.149661699234585, 31.474361746111391 ] ] ], [ [ [ 119.149853315301215, 31.474987267876063 ], [ 119.1499155, 31.47519459 ], [ 119.150069774620277, 31.475685517004923 ], [ 119.149915504597004, 31.475194592970301 ], [ 119.149853315301215, 31.474987267876063 ] ] ], [ [ [ 119.150228438875274, 31.476205608240715 ], [ 119.15038433, 31.47672015 ], [ 119.15052080721378, 31.477185149823462 ], [ 119.150384331244993, 31.4767201467894 ], [ 119.150228438875274, 31.476205608240715 ] ] ], [ [ [ 119.150589369713742, 31.477742031352925 ], [ 119.15059265, 31.4779073 ], [ 119.150598973224163, 31.478074288910999 ], [ 119.150592652469001, 31.477907302498199 ], [ 119.150589369713742, 31.477742031352925 ] ] ], [ [ [ 119.150614822908324, 31.478616302538949 ], [ 119.15061862, 31.47880719 ], [ 119.150626338527559, 31.479195634783334 ], [ 119.150618622853003, 31.478807186657999 ], [ 119.150614822908324, 31.478616302538949 ] ] ], [ [ [ 119.150628353293826, 31.479301552086127 ], [ 119.15063557, 31.47970806 ], [ 119.150647996669775, 31.480332451908524 ], [ 119.150635574459997, 31.4797080555824 ], [ 119.150628353293826, 31.479301552086127 ] ] ], [ [ [ 119.150662684191516, 31.480852823718653 ], [ 119.15067052, 31.48105988 ], [ 119.15067474335001, 31.481272425497867 ], [ 119.150670521563001, 31.4810598777817 ], [ 119.150662684191516, 31.480852823718653 ] ] ], [ [ [ 119.149939615076264, 31.482644106704424 ], [ 119.14985468, 31.48269814 ], [ 119.149298144178488, 31.483030401515993 ], [ 119.149854683445994, 31.482698138566501 ], [ 119.149939615076264, 31.482644106704424 ] ] ], [ [ [ 119.148938141254774, 31.483249307694482 ], [ 119.14835252, 31.48360533 ], [ 119.148158140101557, 31.483721895221418 ], [ 119.148352523089997, 31.483605331599001 ], [ 119.148938141254774, 31.483249307694482 ] ] ], [ [ [ 119.147429755489981, 31.484161290371532 ], [ 119.14682435, 31.48452151 ], [ 119.146497742133263, 31.484663303431503 ], [ 119.146824349124998, 31.484521511305498 ], [ 119.147429755489981, 31.484161290371532 ] ] ], [ [ [ 119.145349848670548, 31.485162873385903 ], [ 119.1444806, 31.48554132 ], [ 119.144161578461038, 31.485679547019569 ], [ 119.144480603450006, 31.485541324613301 ], [ 119.145349848670548, 31.485162873385903 ] ] ], [ [ [ 119.143806085331278, 31.485833158812305 ], [ 119.14376919, 31.48584907 ], [ 119.143769189323123, 31.485849070806086 ], [ 119.143806085331278, 31.485833158812305 ] ] ], [ [ [ 119.143472056417508, 31.486437704839386 ], [ 119.14344749, 31.48659341 ], [ 119.143393253068879, 31.486944898879106 ], [ 119.143447491296996, 31.486593406357901 ], [ 119.143472056417508, 31.486437704839386 ] ] ], [ [ [ 119.143243766749492, 31.487960973775671 ], [ 119.14321289, 31.48815975 ], [ 119.14318682, 31.48838367 ], [ 119.143247901072499, 31.488782701933292 ], [ 119.143243766749492, 31.487960973775671 ] ] ], [ [ [ 119.143727021455788, 31.489648450135132 ], [ 119.1439251, 31.49000464 ], [ 119.144055982819495, 31.490249252819062 ], [ 119.143925102866007, 31.490004635964699 ], [ 119.143727021455788, 31.489648450135132 ] ] ], [ [ [ 119.14443706633989, 31.4909272353181 ], [ 119.14460231, 31.49122658 ], [ 119.144753974044662, 31.491499960142789 ], [ 119.144602314200995, 31.491226578040799 ], [ 119.14443706633989, 31.4909272353181 ] ] ], [ [ [ 119.145563402271449, 31.492519003314648 ], [ 119.14566127, 31.49263715 ], [ 119.14597386, 31.49300463 ], [ 119.14627743, 31.49337109 ], [ 119.14658201, 31.49373756 ], [ 119.146935943368248, 31.494164982602705 ], [ 119.146582007613006, 31.493737556747298 ], [ 119.145973861181005, 31.493004627883401 ], [ 119.145563402271449, 31.492519003314648 ] ] ], [ [ [ 119.148067335682256, 31.49503033617545 ], [ 119.14836148, 31.49503745 ], [ 119.14888254, 31.49504636 ], [ 119.14914207, 31.49505482 ], [ 119.149614741410886, 31.495062782715198 ], [ 119.149142072909001, 31.495054815052701 ], [ 119.148882542525001, 31.495046359046199 ], [ 119.148067335682256, 31.49503033617545 ] ] ], [ [ [ 119.14997499175989, 31.495069999843334 ], [ 119.15020225, 31.49507469 ], [ 119.150240776724658, 31.495075349511751 ], [ 119.150202252490004, 31.495074689597299 ], [ 119.14997499175989, 31.495069999843334 ] ] ], [ [ [ 119.153014355215021, 31.495133961313311 ], [ 119.15309228, 31.49513587 ], [ 119.153193260497929, 31.49513760242305 ], [ 119.153092280991004, 31.495135869315401 ], [ 119.153014355215021, 31.495133961313311 ] ] ], [ [ [ 119.154113289126954, 31.495154769539692 ], [ 119.15441207, 31.49515927 ], [ 119.154606825342526, 31.495164105995801 ], [ 119.154412072807006, 31.495159266246599 ], [ 119.154113289126954, 31.495154769539692 ] ] ], [ [ [ 119.155454207314662, 31.495184168260927 ], [ 119.15545429, 31.49518417 ], [ 119.155454290454443, 31.495184170008564 ], [ 119.155454207314662, 31.495184168260927 ] ] ], [ [ [ 119.156229345352699, 31.495198368375728 ], [ 119.15650454, 31.4952031 ], [ 119.15677412, 31.4952096 ], [ 119.157140596208038, 31.495217197694377 ], [ 119.156229345352699, 31.495198368375728 ] ] ], [ [ [ 119.157895250031487, 31.495232754771138 ], [ 119.15808495, 31.49523602 ], [ 119.15861409, 31.495247 ], [ 119.15865805394408, 31.495247755875464 ], [ 119.158084946347998, 31.495236018073701 ], [ 119.157895250031487, 31.495232754771138 ] ] ], [ [ [ 119.160352593857652, 31.495282222853245 ], [ 119.16106242, 31.49531856 ], [ 119.16155642, 31.49546441 ], [ 119.162460442771462, 31.495729160456612 ], [ 119.161062417493, 31.495318558039401 ], [ 119.160352593857652, 31.495282222853245 ] ] ], [ [ [ 119.163381799185785, 31.495998284517409 ], [ 119.16355374, 31.49604806 ], [ 119.163833983372868, 31.496130249294492 ], [ 119.163553740655004, 31.496048057583501 ], [ 119.163381799185785, 31.495998284517409 ] ] ], [ [ [ 119.164731238575101, 31.496431802493451 ], [ 119.16482148, 31.49647537 ], [ 119.16491667, 31.49668552 ], [ 119.16511607, 31.49710283 ], [ 119.16517707569696, 31.497249872063566 ], [ 119.164731238575101, 31.496431802493451 ] ] ], [ [ [ 119.165237519535012, 31.497382747649979 ], [ 119.16530645, 31.49752312 ], [ 119.165394422025571, 31.497715845798623 ], [ 119.165306454128995, 31.497523119016599 ], [ 119.165237519535012, 31.497382747649979 ] ] ], [ [ [ 119.166184159082675, 31.499430706088223 ], [ 119.16627038, 31.49961961 ], [ 119.16641768, 31.49984985 ], [ 119.166876271023042, 31.500027198595156 ], [ 119.166417683505998, 31.4998498487872 ], [ 119.166184159082675, 31.499430706088223 ] ] ], [ [ [ 119.166917153945306, 31.500043161387971 ], [ 119.16737275, 31.50022259 ], [ 119.16785079, 31.50040746 ], [ 119.16809331, 31.5005029 ], [ 119.16857034, 31.50068977 ], [ 119.16904838, 31.50087864 ], [ 119.17824132, 31.50208854 ], [ 119.178790675557451, 31.503067224599874 ], [ 119.178241320587006, 31.502088539039601 ], [ 119.169048378365005, 31.500878637335301 ], [ 119.168570343903994, 31.500689767970901 ], [ 119.167850786255002, 31.500407458495399 ], [ 119.166917153945306, 31.500043161387971 ] ] ], [ [ [ 119.181613564211986, 31.508901164548046 ], [ 119.18161787, 31.50911763 ], [ 119.181628703979484, 31.509405667277182 ], [ 119.181617873514, 31.509117628513099 ], [ 119.181613564211986, 31.508901164548046 ] ] ], [ [ [ 119.181637973339122, 31.509744411053912 ], [ 119.1816428, 31.51046948 ], [ 119.181650425229392, 31.510660945273791 ], [ 119.181642801633998, 31.5104694828857 ], [ 119.181637973339122, 31.509744411053912 ] ] ], [ [ [ 119.181669779987246, 31.511370409362492 ], [ 119.18166978, 31.51137041 ], [ 119.181728731509907, 31.511420079180127 ], [ 119.181669779987246, 31.511370409362492 ] ] ], [ [ [ 119.181930650987709, 31.511589061420207 ], [ 119.18226799, 31.51186541 ], [ 119.18265077, 31.51217805 ], [ 119.1829624, 31.51240557 ], [ 119.183017199949632, 31.512439118836195 ], [ 119.181930650987709, 31.511589061420207 ] ] ], [ [ [ 119.183484177048598, 31.512726047364559 ], [ 119.18381313, 31.51293101 ], [ 119.188506253212992, 31.518652357535586 ], [ 119.183813130228003, 31.512931005421802 ], [ 119.183484177048598, 31.512726047364559 ] ] ], [ [ [ 119.1887390103238, 31.519292257163098 ], [ 119.18891693, 31.51978193 ], [ 119.18917742, 31.52015032 ], [ 119.189205549158345, 31.520174736911592 ], [ 119.1887390103238, 31.519292257163098 ] ] ], [ [ [ 119.189842872518696, 31.52072408808796 ], [ 119.18991583, 31.52078648 ], [ 119.19003703240098, 31.520890079744856 ], [ 119.189915829873001, 31.520786478663201 ], [ 119.189842872518696, 31.52072408808796 ] ] ], [ [ [ 119.191157073860907, 31.521845330836523 ], [ 119.19140865, 31.5220598 ], [ 119.191636103590341, 31.522252998237441 ], [ 119.191408649769002, 31.5220597965731 ], [ 119.191157073860907, 31.521845330836523 ] ] ], [ [ [ 119.192009627350913, 31.522571586872356 ], [ 119.1925708, 31.52315456 ], [ 119.192857226521326, 31.523551276417397 ], [ 119.192570804276997, 31.523154561448798 ], [ 119.192009627350913, 31.522571586872356 ] ] ], [ [ [ 119.192931450454921, 31.523654081789768 ], [ 119.192966496239663, 31.523791960587079 ], [ 119.192931452408999, 31.5236540844963 ], [ 119.192931450454921, 31.523654081789768 ] ] ], [ [ [ 119.193001917367141, 31.524301032346177 ], [ 119.19298147, 31.52448406 ], [ 119.192847542906705, 31.524687508785892 ], [ 119.192981472116998, 31.524484063343799 ], [ 119.193001917367141, 31.524301032346177 ] ] ], [ [ [ 119.19363157991711, 31.525993929896057 ], [ 119.19363158, 31.52599393 ], [ 119.194191597657976, 31.52645376807693 ], [ 119.194191597914994, 31.5264537673545 ], [ 119.19363157991711, 31.525993929896057 ] ] ], [ [ [ 119.194091248945881, 31.526735823112425 ], [ 119.19403125, 31.52690446 ], [ 119.19401114, 31.52767433 ], [ 119.19392094, 31.52798415 ], [ 119.19323058, 31.52846399 ], [ 119.19306122, 31.52886467 ], [ 119.19292089, 31.52949437 ], [ 119.192852691803822, 31.52954600832086 ], [ 119.192920894926004, 31.529494367378799 ], [ 119.193230583577005, 31.528463988096 ], [ 119.193920944010998, 31.527984153135701 ], [ 119.194011143707002, 31.527674333923599 ], [ 119.194091248945881, 31.526735823112425 ] ] ], [ [ [ 119.192395416403684, 31.530096818101889 ], [ 119.19236075, 31.53018438 ], [ 119.19251095, 31.53115451 ], [ 119.192556689954969, 31.53122306032569 ], [ 119.192395416403684, 31.530096818101889 ] ] ], [ [ [ 119.192911438013226, 31.531558688885411 ], [ 119.19315113, 31.53170449 ], [ 119.193360511918996, 31.5319447959534 ], [ 119.193151133323994, 31.5317044856736 ], [ 119.192911438013226, 31.531558688885411 ] ] ], [ [ [ 119.191673906619968, 31.532064645927306 ], [ 119.19098089, 31.53211389 ], [ 119.19030157, 31.53193478 ], [ 119.18954207, 31.53183452 ], [ 119.188414868674542, 31.531888589162527 ], [ 119.189542070838002, 31.531834524222798 ], [ 119.190980887525996, 31.532113891782501 ], [ 119.191673906619968, 31.532064645927306 ] ] ], [ [ [ 119.187495416436164, 31.531766621624804 ], [ 119.1871112, 31.53167441 ], [ 119.18711119764852, 31.531674410303857 ], [ 119.187495416436164, 31.531766621624804 ] ] ], [ [ [ 119.186833886985951, 31.531710244078386 ], [ 119.18614222, 31.53163474 ], [ 119.185117512270594, 31.531700243907455 ], [ 119.186142221525003, 31.531634741142401 ], [ 119.186833886985951, 31.531710244078386 ] ] ], [ [ [ 119.183392529062672, 31.531644919070157 ], [ 119.18326227, 31.5315157 ], [ 119.18147157, 31.530752142216492 ], [ 119.183262267461004, 31.5315157026637 ], [ 119.183392529062672, 31.531644919070157 ] ] ], [ [ [ 119.181371646912908, 31.530699551933903 ], [ 119.18133228, 31.53068535 ], [ 119.18130547249504, 31.530712050506768 ], [ 119.181332281365002, 31.5306853521022 ], [ 119.181371646912908, 31.530699551933903 ] ] ], [ [ [ 119.181006307947939, 31.530635154083015 ], [ 119.1808623, 31.53057552 ], [ 119.180862299566499, 31.530575521007957 ], [ 119.181006307947939, 31.530635154083015 ] ] ], [ [ [ 119.180844140508114, 31.530617743233453 ], [ 119.180832221592922, 31.530645456296245 ], [ 119.180832224786997, 31.5306454569394 ], [ 119.180844140508114, 31.530617743233453 ] ] ], [ [ [ 119.177841888586087, 31.529985099014215 ], [ 119.177834755609723, 31.529980125846439 ], [ 119.177841887865, 31.5299850989094 ], [ 119.177841888586087, 31.529985099014215 ] ] ], [ [ [ 119.177483693031022, 31.52998501770854 ], [ 119.17748211210511, 31.529985439438438 ], [ 119.177482112117005, 31.5299854394639 ], [ 119.177483693031022, 31.52998501770854 ] ] ], [ [ [ 119.177395258629147, 31.529839845890216 ], [ 119.17730173, 31.52986512 ], [ 119.17731274, 31.53003512 ], [ 119.177210944082887, 31.530006641812207 ], [ 119.177312741951994, 31.530035122920602 ], [ 119.177395258629147, 31.529839845890216 ] ] ], [ [ [ 119.177172442061178, 31.529995870576627 ], [ 119.17717244, 31.52999587 ], [ 119.176912841908262, 31.530395347063518 ], [ 119.176912844553996, 31.530395346633199 ], [ 119.177172442061178, 31.529995870576627 ] ] ], [ [ [ 119.176542040426611, 31.530455656598239 ], [ 119.17655207, 31.53037568 ], [ 119.176411770829219, 31.530305430415201 ], [ 119.176552065604994, 31.5303756849057 ], [ 119.176542040426611, 31.530455656598239 ] ] ], [ [ [ 119.176426714514776, 31.530282268569888 ], [ 119.17650198, 31.53016562 ], [ 119.176501975558821, 31.530165618319572 ], [ 119.176426714514776, 31.530282268569888 ] ] ], [ [ [ 119.176409771405176, 31.53013073073063 ], [ 119.17634264, 31.53010533 ], [ 119.176392905186418, 31.53002128542353 ], [ 119.176342636854997, 31.530105330153901 ], [ 119.176409771405176, 31.53013073073063 ] ] ], [ [ [ 119.176486749163359, 31.529656475591374 ], [ 119.176482, 31.52947566 ], [ 119.176481996946833, 31.5294756604487 ], [ 119.176486749163359, 31.529656475591374 ] ] ], [ [ [ 119.176059332803774, 31.529501889548818 ], [ 119.17604205, 31.52945585 ], [ 119.17576244, 31.52947533 ], [ 119.17566225, 31.52918618 ], [ 119.175435628326838, 31.528904084533988 ], [ 119.175762436301994, 31.529475332285401 ], [ 119.176059332803774, 31.529501889548818 ] ] ], [ [ [ 119.174881507314623, 31.529645714046513 ], [ 119.17489051, 31.52975869 ], [ 119.174909025597685, 31.530001550166403 ], [ 119.174890513956996, 31.529758685763301 ], [ 119.174881507314623, 31.529645714046513 ] ] ], [ [ [ 119.174947986553789, 31.530506768624178 ], [ 119.17495958, 31.53065471 ], [ 119.174967200984099, 31.53075590968368 ], [ 119.174959581603005, 31.530654710500201 ], [ 119.174947986553789, 31.530506768624178 ] ] ], [ [ [ 119.175014592277179, 31.531251261702838 ], [ 119.17502065, 31.53133175 ], [ 119.175030241271742, 31.531457980603523 ], [ 119.175020652032003, 31.531331746291201 ], [ 119.175014592277179, 31.531251261702838 ] ] ], [ [ [ 119.175042312979187, 31.531617167798295 ], [ 119.17505468, 31.53178076 ], [ 119.175082917828377, 31.532044536698088 ], [ 119.175054684646, 31.531780758344102 ], [ 119.175042312979187, 31.531617167798295 ] ] ], [ [ [ 119.175125925429995, 31.532619631150865 ], [ 119.17514177, 31.53290479 ], [ 119.17517681, 31.53325682 ], [ 119.175201075212641, 31.533467435336398 ], [ 119.175125925429995, 31.532619631150865 ] ] ], [ [ [ 119.17520534974264, 31.53351560330335 ], [ 119.17523688, 31.53392886 ], [ 119.175265451647206, 31.534198147118786 ], [ 119.175236882733998, 31.533928855253698 ], [ 119.17520534974264, 31.53351560330335 ] ] ], [ [ [ 119.175285621894631, 31.534499844345973 ], [ 119.17529795, 31.53460689 ], [ 119.175318361836219, 31.534781715339214 ], [ 119.175297952956001, 31.5346068935762 ], [ 119.175285621894631, 31.534499844345973 ] ] ], [ [ [ 119.175330586121106, 31.534914468225519 ], [ 119.17535902, 31.53527893 ], [ 119.175385016932836, 31.535502589480146 ], [ 119.175359023707998, 31.535278933098699 ], [ 119.175330586121106, 31.534914468225519 ] ] ], [ [ [ 119.175401588108272, 31.535794027791852 ], [ 119.17542009, 31.53595397 ], [ 119.175434878596818, 31.536086275968756 ], [ 119.175420094155996, 31.535953972831301 ], [ 119.175401588108272, 31.535794027791852 ] ] ], [ [ [ 119.175462732659014, 31.536403623626935 ], [ 119.17548016, 31.53662701 ], [ 119.175498128772048, 31.53678229082842 ], [ 119.175480162583995, 31.536627011464802 ], [ 119.175462732659014, 31.536403623626935 ] ] ], [ [ [ 119.175533654058597, 31.537201389299518 ], [ 119.17554123, 31.53730205 ], [ 119.17556126788493, 31.537475211491802 ], [ 119.175541232979995, 31.537302052274899 ], [ 119.175533654058597, 31.537201389299518 ] ] ], [ [ [ 119.175575190144542, 31.537628373290282 ], [ 119.1756023, 31.53797509 ], [ 119.175624892251008, 31.538170325570004 ], [ 119.175602303535001, 31.537975093835399 ], [ 119.175575190144542, 31.537628373290282 ] ] ], [ [ [ 119.175660355467926, 31.538592402894835 ], [ 119.17566237, 31.53864913 ], [ 119.175671823007846, 31.538731183124515 ], [ 119.175662371792995, 31.538649133973902 ], [ 119.175660355467926, 31.538592402894835 ] ] ], [ [ [ 119.175705360431891, 31.539091465511355 ], [ 119.17572344, 31.53932218 ], [ 119.175737822053591, 31.539447012248655 ], [ 119.175723442294, 31.539322176605499 ], [ 119.175705360431891, 31.539091465511355 ] ] ], [ [ [ 119.175758388320176, 31.539625212650435 ], [ 119.17578451, 31.53999722 ], [ 119.17595787, 31.54019052 ], [ 119.17610517, 31.54037277 ], [ 119.176145249283636, 31.540416955380195 ], [ 119.175957871098007, 31.540190519827998 ], [ 119.175784512582993, 31.539997219564899 ], [ 119.175758388320176, 31.539625212650435 ] ] ], [ [ [ 119.176674609206671, 31.541036727660568 ], [ 119.17673046, 31.54110185 ], [ 119.1770431, 31.54146439 ], [ 119.177144242746081, 31.541582315467455 ], [ 119.177043104250004, 31.5414643889609 ], [ 119.176674609206671, 31.541036727660568 ] ] ], [ [ [ 119.177402916816305, 31.541884281387162 ], [ 119.17751106, 31.54201119 ], [ 119.177550323037224, 31.542056427467479 ], [ 119.177511064437994, 31.542011192934801 ], [ 119.177402916816305, 31.541884281387162 ] ] ], [ [ [ 119.178241345117016, 31.542861885336471 ], [ 119.17829266, 31.54291753 ], [ 119.17843996, 31.54309978 ], [ 119.178455635412277, 31.543117940283445 ], [ 119.178292664457004, 31.542917533114199 ], [ 119.178241345117016, 31.542861885336471 ] ] ], [ [ [ 119.178702011125154, 31.543404949488007 ], [ 119.1787526, 31.54346432 ], [ 119.17890892, 31.54364659 ], [ 119.17913956460616, 31.543914040067403 ], [ 119.178702011125154, 31.543404949488007 ] ] ], [ [ [ 119.180190949412491, 31.544901146747367 ], [ 119.1802637, 31.54495092 ], [ 119.18067955, 31.54523364 ], [ 119.180879968724867, 31.545374989100686 ], [ 119.180190949412491, 31.544901146747367 ] ] ], [ [ [ 119.181133067897576, 31.545639860104874 ], [ 119.181157529372214, 31.54566545934302 ], [ 119.181157529328004, 31.5456654592547 ], [ 119.181133067897576, 31.545639860104874 ] ] ], [ [ [ 119.181168169179244, 31.545686714874694 ], [ 119.18126173, 31.54587363 ], [ 119.18151777142819, 31.546381128564498 ], [ 119.181261730930004, 31.5458736266065 ], [ 119.181168169179244, 31.545686714874694 ] ] ], [ [ [ 119.181639509471125, 31.546625593098252 ], [ 119.18167753, 31.54670229 ], [ 119.181773207047911, 31.546907350611274 ], [ 119.181677534271003, 31.546702293903401 ], [ 119.181639509471125, 31.546625593098252 ] ] ], [ [ [ 119.18177371865589, 31.546908447119229 ], [ 119.18177372, 31.54690845 ], [ 119.181777555765692, 31.546916112696614 ], [ 119.18177371865589, 31.546908447119229 ] ] ], [ [ [ 119.182022178387811, 31.547417108513503 ], [ 119.1820773, 31.54753193 ], [ 119.182123419405457, 31.547616730722734 ], [ 119.182077301571994, 31.547531931295499 ], [ 119.182022178387811, 31.547417108513503 ] ] ], [ [ [ 119.182190520797164, 31.5477401137864 ], [ 119.18226865, 31.54811122 ], [ 119.182254792045185, 31.548181876405277 ], [ 119.182268651319006, 31.5481112190377 ], [ 119.182190520797164, 31.5477401137864 ] ] ], [ [ [ 119.182181170413884, 31.548615574582701 ], [ 119.18215535, 31.54878195 ], [ 119.182145170399835, 31.548846619035896 ], [ 119.182155350757, 31.548781954485801 ], [ 119.182181170413884, 31.548615574582701 ] ] ], [ [ [ 119.181891373834333, 31.549885393262645 ], [ 119.1817734, 31.55031113 ], [ 119.181688161528655, 31.550596804143119 ], [ 119.181773403834001, 31.5503111314605 ], [ 119.181891373834333, 31.549885393262645 ] ] ], [ [ [ 119.181549772064841, 31.551061304289085 ], [ 119.18151277, 31.55118559 ], [ 119.181554017103466, 31.551420563474711 ], [ 119.181512772201998, 31.5511855856093 ], [ 119.181549772064841, 31.551061304289085 ] ] ], [ [ [ 119.181742785525799, 31.551704475642762 ], [ 119.18174722, 31.55170896 ], [ 119.181903530556781, 31.551885220569755 ], [ 119.181747219532994, 31.551708959399001 ], [ 119.181742785525799, 31.551704475642762 ] ] ], [ [ [ 119.182692575620607, 31.552707162686207 ], [ 119.18273721, 31.55275664 ], [ 119.182791281751818, 31.552814640533636 ], [ 119.182737208027007, 31.552756635113099 ], [ 119.182692575620607, 31.552707162686207 ] ] ], [ [ [ 119.183183681281562, 31.553224131920437 ], [ 119.18340554, 31.55345576 ], [ 119.18379634, 31.55364044 ], [ 119.18440930476477, 31.553660089955716 ], [ 119.183796342804001, 31.553640436435401 ], [ 119.183183681281562, 31.553224131920437 ] ] ], [ [ [ 119.185675994636597, 31.553702360343589 ], [ 119.18721637, 31.55375539 ], [ 119.18764925, 31.55376113 ], [ 119.187733428302707, 31.553761918373926 ], [ 119.185675994636597, 31.553702360343589 ] ] ], [ [ [ 119.188284998459096, 31.553763806904186 ], [ 119.18896089, 31.55376836 ], [ 119.189115797817266, 31.553766889027578 ], [ 119.188960891155006, 31.553768358072801 ], [ 119.188284998459096, 31.553763806904186 ] ] ], [ [ [ 119.189443278811012, 31.553767812883077 ], [ 119.18948995, 31.55376825 ], [ 119.189528192614532, 31.553768171962535 ], [ 119.189489947021002, 31.553768249657001 ], [ 119.189443278811012, 31.553767812883077 ] ] ], [ [ [ 119.189891391124064, 31.553768935464237 ], [ 119.19002, 31.55377014 ], [ 119.190185712077792, 31.553770414579759 ], [ 119.190019999393002, 31.553770137969099 ], [ 119.189891391124064, 31.553768935464237 ] ] ], [ [ [ 119.192040842266977, 31.553773870573547 ], [ 119.19212011, 31.55377461 ], [ 119.19238863, 31.55377405 ], [ 119.192615440252126, 31.553845151313681 ], [ 119.192040842266977, 31.553773870573547 ] ] ], [ [ [ 119.19327033443723, 31.554282263697615 ], [ 119.19375116, 31.55468317 ], [ 119.19451556, 31.55530834 ], [ 119.194570421551546, 31.555343713665327 ], [ 119.19327033443723, 31.554282263697615 ] ] ], [ [ [ 119.195131899553218, 31.555700346567559 ], [ 119.19537512, 31.55585965 ], [ 119.19591143181259, 31.556199260666933 ], [ 119.195375117233993, 31.555859645923 ], [ 119.195131899553218, 31.555700346567559 ] ] ], [ [ [ 119.196978679470803, 31.556877650321606 ], [ 119.19706714, 31.55693318 ], [ 119.19727551, 31.55707049 ], [ 119.197325655752465, 31.557101967011235 ], [ 119.197067142237003, 31.556933181202801 ], [ 119.196978679470803, 31.556877650321606 ] ] ], [ [ [ 119.197987369230404, 31.557519616626163 ], [ 119.198126, 31.55760774 ], [ 119.19853177271527, 31.55786831011568 ], [ 119.198125999419005, 31.557607736463201 ], [ 119.197987369230404, 31.557519616626163 ] ] ], [ [ [ 119.198551864801971, 31.557881074747463 ], [ 119.1987601, 31.55801166 ], [ 119.19917681, 31.55827926 ], [ 119.19980989, 31.55868216 ], [ 119.20002726, 31.55881847 ], [ 119.20043899760654, 31.559157539145126 ], [ 119.198551864801971, 31.557881074747463 ] ] ], [ [ [ 119.200962653026565, 31.55966122255014 ], [ 119.20117315, 31.55987105 ], [ 119.20152873, 31.56020953 ], [ 119.2015221262007, 31.560290827405055 ], [ 119.200962653026565, 31.55966122255014 ] ] ], [ [ [ 119.201361142725517, 31.562523606743298 ], [ 119.20129403, 31.56345594 ], [ 119.20128499, 31.56368192 ], [ 119.20119874, 31.56480371 ], [ 119.201213683602191, 31.565025105484285 ], [ 119.201361142725517, 31.562523606743298 ] ] ], [ [ [ 119.201215749697681, 31.565055715520909 ], [ 119.20121575, 31.56505572 ], [ 119.20146838053914, 31.565250722269273 ], [ 119.201215749697681, 31.565055715520909 ] ] ], [ [ [ 119.202097504236562, 31.565744001579613 ], [ 119.20218834, 31.56581305 ], [ 119.202220622963367, 31.565838741710689 ], [ 119.202188337059994, 31.5658130460187 ], [ 119.202097504236562, 31.565744001579613 ] ] ], [ [ [ 119.202813981941105, 31.56629978690242 ], [ 119.20296959, 31.5664211 ], [ 119.203053805478078, 31.566488030750143 ], [ 119.202969593313995, 31.566421098487702 ], [ 119.202813981941105, 31.56629978690242 ] ] ], [ [ [ 119.203262883826014, 31.566651028175638 ], [ 119.20335921, 31.56672462 ], [ 119.203459800446566, 31.566804146972157 ], [ 119.203359213279995, 31.566724617723999 ], [ 119.203262883826014, 31.566651028175638 ] ] ], [ [ [ 119.203839964379853, 31.567099869993072 ], [ 119.20394113, 31.56718039 ], [ 119.204087882165624, 31.567296334209683 ], [ 119.203941130825001, 31.5671803860021 ], [ 119.203839964379853, 31.567099869993072 ] ] ], [ [ [ 119.204464030152337, 31.567590703196547 ], [ 119.20471333, 31.56778739 ], [ 119.20491364, 31.56793965 ], [ 119.20510393, 31.5680909 ], [ 119.20527872791402, 31.568223758980622 ], [ 119.204913642277006, 31.567939650993999 ], [ 119.204713332873993, 31.5677873921342 ], [ 119.204464030152337, 31.567590703196547 ] ] ], [ [ [ 119.205720663097381, 31.568569944209941 ], [ 119.20588512, 31.56869689 ], [ 119.205947179721051, 31.568743750030993 ], [ 119.205885124014998, 31.568696890385201 ], [ 119.205720663097381, 31.568569944209941 ] ] ], [ [ [ 119.20655585569439, 31.569225340362365 ], [ 119.20665828, 31.56930686 ], [ 119.20724815, 31.56975959 ], [ 119.20754708405903, 31.56999794664182 ], [ 119.207248154284002, 31.569759587326299 ], [ 119.20655585569439, 31.569225340362365 ] ] ], [ [ [ 119.207674580086632, 31.570097933871399 ], [ 119.20783, 31.5702153 ], [ 119.20802028, 31.57036953 ], [ 119.208375532902167, 31.570644204258159 ], [ 119.207830003137005, 31.5702152963669 ], [ 119.207674580086632, 31.570097933871399 ] ] ], [ [ [ 119.208627141739413, 31.570843247233356 ], [ 119.20879238, 31.57097545 ], [ 119.209075662890655, 31.571192738924633 ], [ 119.208792382960993, 31.570975448362901 ], [ 119.208627141739413, 31.570843247233356 ] ] ], [ [ [ 119.209480392690054, 31.571508499008612 ], [ 119.20957448, 31.57158437 ], [ 119.20996402, 31.57188582 ], [ 119.2101643, 31.57203805 ], [ 119.21035556, 31.57219027 ], [ 119.21055483, 31.57234149 ], [ 119.210694, 31.57268864 ], [ 119.21105844, 31.57353501 ], [ 119.21146097819215, 31.574446944780131 ], [ 119.210554834518007, 31.572341492698101 ], [ 119.210355562155002, 31.572190265765101 ], [ 119.210164300152996, 31.5720380473383 ], [ 119.209480392690054, 31.571508499008612 ] ] ], [ [ [ 119.211674673103957, 31.574943236903184 ], [ 119.21179632, 31.57522576 ], [ 119.211855084772665, 31.575362232815795 ], [ 119.211796323030995, 31.575225761589301 ], [ 119.211674673103957, 31.574943236903184 ] ] ], [ [ [ 119.212293545339691, 31.576399904276229 ], [ 119.21251616, 31.57691648 ], [ 119.21261227, 31.57712858 ], [ 119.212632928359668, 31.577290555989585 ], [ 119.212293545339691, 31.576399904276229 ] ] ], [ [ [ 119.212545986892962, 31.578656303433153 ], [ 119.21246391, 31.57881931 ], [ 119.21236876, 31.57903019 ], [ 119.2122646, 31.57923806 ], [ 119.21216945, 31.57944694 ], [ 119.21206529, 31.57965681 ], [ 119.212032960935957, 31.57972704291625 ], [ 119.212169452020007, 31.579446944417501 ], [ 119.212264602261001, 31.579238063914801 ], [ 119.212368764464003, 31.579030193321199 ], [ 119.212463914238, 31.5788193124618 ], [ 119.212545986892962, 31.578656303433153 ] ] ], [ [ [ 119.211817077783593, 31.58018877667249 ], [ 119.21176982, 31.58028444 ], [ 119.21167467, 31.58049232 ], [ 119.21147535, 31.58090907 ], [ 119.211438013679796, 31.580990180874302 ], [ 119.211674669537999, 31.580492321682801 ], [ 119.211769821293998, 31.580284442279101 ], [ 119.211817077783593, 31.58018877667249 ] ] ], [ [ [ 119.211202063851218, 31.581505618053182 ], [ 119.21118789, 31.5815367 ], [ 119.211164052433077, 31.581584733298151 ], [ 119.211187890144004, 31.581536702322701 ], [ 119.211202063851218, 31.581505618053182 ] ] ], [ [ [ 119.210963658923859, 31.582003635643076 ], [ 119.2108844, 31.58216331 ], [ 119.2107973820182, 31.582427473036788 ], [ 119.210884402434004, 31.582163314547198 ], [ 119.210963658923859, 31.582003635643076 ] ] ], [ [ [ 119.210789240416744, 31.582452188734887 ], [ 119.21080622, 31.58290318 ], [ 119.21080618, 31.58335516 ], [ 119.21081515, 31.58380415 ], [ 119.210822353639855, 31.583995370810744 ], [ 119.210806223128003, 31.582903184636901 ], [ 119.210789240416744, 31.582452188734887 ] ] ], [ [ [ 119.21085308432761, 31.585006831180308 ], [ 119.21086706, 31.58560812 ], [ 119.210867030700783, 31.585938453972979 ], [ 119.210867061111003, 31.585608122828798 ], [ 119.21085308432761, 31.585006831180308 ] ] ], [ [ [ 119.210868949343194, 31.58610727992744 ], [ 119.21089297, 31.58696009 ], [ 119.21093540909672, 31.587119093953408 ], [ 119.210892973686001, 31.586960089895999 ], [ 119.210868949343194, 31.58610727992744 ] ] ], [ [ [ 119.21109531006735, 31.587511121348982 ], [ 119.21124039, 31.58775146 ], [ 119.211341592489703, 31.587917528414945 ], [ 119.211240392975995, 31.587751459968199 ], [ 119.21109531006735, 31.587511121348982 ] ] ], [ [ [ 119.211697899665111, 31.588518897970037 ], [ 119.21196129, 31.58895424 ], [ 119.212030153911883, 31.589076517350925 ], [ 119.211961290426004, 31.5889542378582 ], [ 119.211697899665111, 31.588518897970037 ] ] ], [ [ [ 119.212852712215422, 31.590438524289379 ], [ 119.21292446, 31.59055726 ], [ 119.212975018169871, 31.590647479327401 ], [ 119.212924462239002, 31.590557255615099 ], [ 119.212852712215422, 31.590438524289379 ] ] ], [ [ [ 119.213126652689624, 31.590905661284303 ], [ 119.21315874, 31.5909585 ], [ 119.213186402253555, 31.591004193521925 ], [ 119.213158741403007, 31.5909584989016 ], [ 119.213126652689624, 31.590905661284303 ] ] ], [ [ [ 119.213426765308668, 31.59141621055733 ], [ 119.21351416, 31.59155987 ], [ 119.213593198532564, 31.591682611691663 ], [ 119.213514161961001, 31.591559865440701 ], [ 119.213426765308668, 31.59141621055733 ] ] ], [ [ [ 119.214128845639465, 31.592246440031555 ], [ 119.21460649, 31.592724 ], [ 119.21531923, 31.59456767 ], [ 119.215346914954964, 31.594613483681815 ], [ 119.214606489724005, 31.592723996766502 ], [ 119.214128845639465, 31.592246440031555 ] ] ], [ [ [ 119.215494949025455, 31.594857866079828 ], [ 119.21577974, 31.59533312 ], [ 119.215933118230922, 31.595576811200704 ], [ 119.215779743933993, 31.595333121966501 ], [ 119.215494949025455, 31.594857866079828 ] ] ], [ [ [ 119.216078790595162, 31.595813978891371 ], [ 119.21626527, 31.59613259 ], [ 119.216460571294903, 31.596452295819336 ], [ 119.216265274294997, 31.596132587040401 ], [ 119.216078790595162, 31.595813978891371 ] ] ], [ [ [ 119.216867367454256, 31.597329981469585 ], [ 119.216969, 31.59757924 ], [ 119.21712415, 31.59800738 ], [ 119.21729031, 31.59843453 ], [ 119.217326407416493, 31.598523569738152 ], [ 119.216969001383006, 31.597579239388601 ], [ 119.216867367454256, 31.597329981469585 ] ] ], [ [ [ 119.217538010285992, 31.599066998670519 ], [ 119.21754155, 31.59907675 ], [ 119.217555426445173, 31.599112638372191 ], [ 119.217541550145995, 31.599076749957899 ], [ 119.217538010285992, 31.599066998670519 ] ] ], [ [ [ 119.217819941260956, 31.599799232513316 ], [ 119.21787086, 31.59993204 ], [ 119.217893029403214, 31.599986410216335 ], [ 119.217870860873006, 31.599932040186498 ], [ 119.217819941260956, 31.599799232513316 ] ] ], [ [ [ 119.218425785235695, 31.601364768836856 ], [ 119.21853948, 31.60164362 ], [ 119.21861755, 31.60185869 ], [ 119.2187827, 31.60228583 ], [ 119.21894785, 31.60271397 ], [ 119.218949461477592, 31.602717945182782 ], [ 119.218539481720995, 31.6016436219331 ], [ 119.218425785235695, 31.601364768836856 ] ] ], [ [ [ 119.219169838206653, 31.603267415750231 ], [ 119.21944229, 31.60399639 ], [ 119.21969351, 31.6046386 ], [ 119.219932423462652, 31.605191616103451 ], [ 119.219169838206653, 31.603267415750231 ] ] ], [ [ [ 119.220044110737192, 31.605464652202958 ], [ 119.2201359, 31.60568897 ], [ 119.220180207426992, 31.605785838605087 ], [ 119.220135900317999, 31.605688966224498 ], [ 119.220044110737192, 31.605464652202958 ] ] ], [ [ [ 119.220283872533585, 31.606019577554697 ], [ 119.22041414, 31.6063222 ], [ 119.22050122, 31.60653527 ], [ 119.22050804709896, 31.606551128688249 ], [ 119.220414144333006, 31.6063221954734 ], [ 119.220283872533585, 31.606019577554697 ] ] ], [ [ [ 119.220757994662364, 31.607140152018978 ], [ 119.22077045, 31.60717049 ], [ 119.2209526, 31.60759363 ], [ 119.220986170466603, 31.607676725484659 ], [ 119.220952603952, 31.607593632064599 ], [ 119.220757994662364, 31.607140152018978 ] ] ], [ [ [ 119.221199362212431, 31.608177940394132 ], [ 119.22122183, 31.60822985 ], [ 119.221250056840219, 31.608292808203654 ], [ 119.221221829556001, 31.608229847390199 ], [ 119.221199362212431, 31.608177940394132 ] ] ], [ [ [ 119.221407203408191, 31.608662589705109 ], [ 119.22149005, 31.60886506 ], [ 119.22157712, 31.60907613 ], [ 119.22175927, 31.60949927 ], [ 119.22184634, 31.60971134 ], [ 119.221956491142564, 31.60996722446043 ], [ 119.221407203408191, 31.608662589705109 ] ] ], [ [ [ 119.222155434575157, 31.610422993071591 ], [ 119.2222977, 31.61077069 ], [ 119.222376111657368, 31.610946406994476 ], [ 119.222297703422001, 31.610770688069302 ], [ 119.222155434575157, 31.610422993071591 ] ] ], [ [ [ 119.22263302040524, 31.611569775346727 ], [ 119.22265298, 31.61161896 ], [ 119.22283512, 31.6120421 ], [ 119.222916029370936, 31.612219000827984 ], [ 119.22263302040524, 31.611569775346727 ] ] ], [ [ [ 119.223074924302594, 31.612604262580479 ], [ 119.22310433, 31.6126763 ], [ 119.2232004, 31.61288837 ], [ 119.22337353, 31.6133115 ], [ 119.223424527304076, 31.613424593209604 ], [ 119.223200403318998, 31.612888368935799 ], [ 119.223074924302594, 31.612604262580479 ] ] ], [ [ [ 119.223627102536184, 31.614052342545509 ], [ 119.22365172, 31.6141407 ], [ 119.223728608788676, 31.614398447957953 ], [ 119.223651723515005, 31.614140698011902 ], [ 119.223627102536184, 31.614052342545509 ] ] ], [ [ [ 119.223918410341923, 31.615036527616532 ], [ 119.22403296, 31.61545197 ], [ 119.224114805735908, 31.615723617427211 ], [ 119.224032964464001, 31.615451968664399 ], [ 119.223918410341923, 31.615036527616532 ] ] ], [ [ [ 119.22425018748379, 31.616199458676419 ], [ 119.22428512, 31.61632615 ], [ 119.22435416, 31.61654519 ], [ 119.224457842793242, 31.617195574077716 ], [ 119.22425018748379, 31.616199458676419 ] ] ], [ [ [ 119.224507022554477, 31.617691249129905 ], [ 119.2245282, 31.61787331 ], [ 119.224534859980992, 31.618061689938166 ], [ 119.224528202898, 31.6178733082779 ], [ 119.224507022554477, 31.617691249129905 ] ] ], [ [ [ 119.224541563732103, 31.618145817584622 ], [ 119.22456219, 31.61832433 ], [ 119.224576291370497, 31.61844128627618 ], [ 119.224562192722004, 31.618324328807901 ], [ 119.224541563732103, 31.618145817584622 ] ] ], [ [ [ 119.224598860959219, 31.618676296582265 ], [ 119.22460619, 31.61877336 ], [ 119.224641476610486, 31.619142654894183 ], [ 119.224606191872994, 31.618773356852699 ], [ 119.224598860959219, 31.618676296582265 ] ] ], [ [ [ 119.224680640914102, 31.619625331200456 ], [ 119.22468418, 31.61967241 ], [ 119.22471018, 31.61989742 ], [ 119.224721926335732, 31.620052202156906 ], [ 119.224710183788005, 31.619897423311201 ], [ 119.224680640914102, 31.619625331200456 ] ] ], [ [ [ 119.224780242435472, 31.620689413133292 ], [ 119.22478817, 31.62079347 ], [ 119.22489123964948, 31.621135839040921 ], [ 119.224788172562995, 31.620793473506499 ], [ 119.224780242435472, 31.620689413133292 ] ] ], [ [ [ 119.225130641483901, 31.621648628980786 ], [ 119.22523047, 31.62184678 ], [ 119.22543962, 31.62225893 ], [ 119.225549318922575, 31.622477189484957 ], [ 119.225439622745, 31.622258928841099 ], [ 119.225130641483901, 31.621648628980786 ] ] ], [ [ [ 119.225908197791711, 31.623191496769802 ], [ 119.22595998, 31.62329428 ], [ 119.22617713, 31.62370843 ], [ 119.22627219, 31.62391449 ], [ 119.22648934, 31.62432864 ], [ 119.22668947, 31.62474177 ], [ 119.22680154, 31.62494984 ], [ 119.22700167, 31.62536197 ], [ 119.227252002322345, 31.625848758796412 ], [ 119.226801543332002, 31.6249498410053 ], [ 119.226689469161997, 31.6247417680813 ], [ 119.226489339281997, 31.624328636978699 ], [ 119.226272193398003, 31.623914493242001 ], [ 119.226177131211998, 31.6237084299323 ], [ 119.225908197791711, 31.623191496769802 ] ] ], [ [ [ 119.227605840903678, 31.626546213143087 ], [ 119.22773913, 31.62681144 ], [ 119.227798430057831, 31.62692885491224 ], [ 119.227739132804004, 31.626811435521301 ], [ 119.227605840903678, 31.626546213143087 ] ] ], [ [ [ 119.227970139520139, 31.627270092078966 ], [ 119.22805132, 31.62743163 ], [ 119.22818934202266, 31.627716557333617 ], [ 119.228051321132, 31.6274316273851 ], [ 119.227970139520139, 31.627270092078966 ] ] ], [ [ [ 119.228724436259952, 31.628771060213637 ], [ 119.22883277, 31.62898809 ], [ 119.228832771929405, 31.628988088592735 ], [ 119.228724436259952, 31.628771060213637 ] ] ] ] } },
{ "type": "Feature", "properties": { "gml_id": "layer_city_boundary_pg.195", "Name": "扬州市", "layer": "市", "code": "321000000000", "grade": 2 }, "geometry": { "type": "MultiPolygon", "coordinates": [ [ [ [ 119.223721053416583, 32.224222941780312 ], [ 119.1718262, 32.24087579 ], [ 119.14832673, 32.24559695 ], [ 119.14652966259969, 32.245719386676868 ], [ 119.148326733421996, 32.2455969500732 ], [ 119.171826196715998, 32.240875792771597 ], [ 119.223721053416583, 32.224222941780312 ] ] ], [ [ [ 119.102006857321129, 32.245838419648628 ], [ 119.101096013559186, 32.245718950362082 ], [ 119.102006855726003, 32.245838419570099 ], [ 119.102006857321129, 32.245838419648628 ] ] ], [ [ [ 119.077978609374625, 32.244474294677609 ], [ 119.07369081, 32.24692288 ], [ 119.072737881363082, 32.247691252049769 ], [ 119.073690812620995, 32.246922883545203 ], [ 119.077978609374625, 32.244474294677609 ] ] ], [ [ [ 119.071038144737273, 32.249545174241916 ], [ 119.07069498, 32.24995596 ], [ 119.070260006283149, 32.250237241823179 ], [ 119.070694979262996, 32.249955961940202 ], [ 119.071038144737273, 32.249545174241916 ] ] ], [ [ [ 119.052174326472667, 32.253438068722765 ], [ 119.05112467, 32.25359604 ], [ 119.051124668559169, 32.253596040496447 ], [ 119.052174326472667, 32.253438068722765 ] ] ], [ [ [ 119.046847380809766, 32.255069819347135 ], [ 119.03440139, 32.2593582 ], [ 119.03169321, 32.26183206 ], [ 119.03155359, 32.26221445 ], [ 119.03188336, 32.26467984 ], [ 119.03304157036608, 32.266239974181829 ], [ 119.031883362645004, 32.264679837726497 ], [ 119.031553594038002, 32.262214446410198 ], [ 119.031693208587996, 32.261832064483599 ], [ 119.034401394487006, 32.259358200294898 ], [ 119.046847380809766, 32.255069819347135 ] ] ], [ [ [ 119.035219241278085, 32.271431102953699 ], [ 119.03548697, 32.27261871 ], [ 119.035535900473903, 32.27292800158714 ], [ 119.035486972225996, 32.272618712176097 ], [ 119.035219241278085, 32.271431102953699 ] ] ], [ [ [ 119.035555686663145, 32.276158609394237 ], [ 119.03546047, 32.27861422 ], [ 119.03447109, 32.28127978 ], [ 119.0349132, 32.28757912 ], [ 119.034567491057388, 32.289465560729347 ], [ 119.034913200893996, 32.287579122057501 ], [ 119.034471092667005, 32.281279775201199 ], [ 119.035460474556999, 32.278614219828398 ], [ 119.035555686663145, 32.276158609394237 ] ] ], [ [ [ 119.03425906832166, 32.291132006585237 ], [ 119.03403736, 32.29172448 ], [ 119.03395669737462, 32.292893766739631 ], [ 119.034037363449997, 32.2917244795361 ], [ 119.03425906832166, 32.291132006585237 ] ] ], [ [ [ 119.032135394181992, 32.29539208473166 ], [ 119.0309292, 32.29658942 ], [ 119.03094611, 32.2969714 ], [ 119.03247421, 32.29994674 ], [ 119.033776735070887, 32.3018879255388 ], [ 119.032474213149996, 32.299946739095603 ], [ 119.030946113926007, 32.2969713988523 ], [ 119.030929202015002, 32.296589421576499 ], [ 119.032135394181992, 32.29539208473166 ] ] ], [ [ [ 119.034375993789553, 32.30287854652169 ], [ 119.034445079544795, 32.303091078599621 ], [ 119.034445079340003, 32.303091075301403 ], [ 119.034375993789553, 32.30287854652169 ] ] ], [ [ [ 119.03444283250353, 32.305657292267007 ], [ 119.03442788, 32.30569123 ], [ 119.034036277107148, 32.306124798878066 ], [ 119.034427880438002, 32.3056912299649 ], [ 119.03444283250353, 32.305657292267007 ] ] ], [ [ [ 119.030717802287327, 32.309961760799233 ], [ 119.03019111, 32.31067791 ], [ 119.03107621, 32.31271975 ], [ 119.03209282, 32.31598632 ], [ 119.03176249, 32.31939324 ], [ 119.032091979739107, 32.324794545723236 ], [ 119.031762490530994, 32.319393236831999 ], [ 119.032092821389, 32.315986317839801 ], [ 119.031076210113, 32.312719749320898 ], [ 119.030191112034004, 32.310677910175201 ], [ 119.030717802287327, 32.309961760799233 ] ] ], [ [ [ 119.03048753828898, 32.327449632986372 ], [ 119.03252812, 32.33052357 ], [ 119.03661584, 32.33411177 ], [ 119.036585588807796, 32.334549219796351 ], [ 119.036615842477005, 32.334111769608803 ], [ 119.032528121794002, 32.330523565206001 ], [ 119.03048753828898, 32.327449632986372 ] ] ], [ [ [ 119.022927400916245, 32.347378051419547 ], [ 119.02193479, 32.34983928 ], [ 119.021890983163829, 32.350104876203439 ], [ 119.02193479492, 32.349839284404098 ], [ 119.022927400916245, 32.347378051419547 ] ] ], [ [ [ 119.021906541781263, 32.352371514792118 ], [ 119.02192549, 32.35333327 ], [ 119.021968462609493, 32.353379651243358 ], [ 119.021925491735999, 32.3533332718183 ], [ 119.021906541781263, 32.352371514792118 ] ] ], [ [ [ 119.026461585552539, 32.356295979069763 ], [ 119.02879302, 32.35684295 ], [ 119.02975464290563, 32.357345428246582 ], [ 119.028793018244002, 32.356842945056897 ], [ 119.026461585552539, 32.356295979069763 ] ] ], [ [ [ 119.030999337386817, 32.358165455545432 ], [ 119.03161416, 32.35877876 ], [ 119.031989847000659, 32.360841364400954 ], [ 119.031614162207006, 32.3587787577708 ], [ 119.030999337386817, 32.358165455545432 ] ] ], [ [ [ 119.032083499368525, 32.361355536533061 ], [ 119.0320835, 32.36135554 ], [ 119.033923760871687, 32.364026950655862 ], [ 119.032083499368525, 32.361355536533061 ] ] ], [ [ [ 119.03440833225801, 32.364391542168043 ], [ 119.03566855, 32.36533973 ], [ 119.037668653183374, 32.366535254426189 ], [ 119.035668554061004, 32.3653397299434 ], [ 119.03440833225801, 32.364391542168043 ] ] ], [ [ [ 119.038369736834809, 32.367128382136514 ], [ 119.034870925635943, 32.36949009818791 ], [ 119.038369739504006, 32.367128384394697 ], [ 119.038369736834809, 32.367128382136514 ] ] ], [ [ [ 119.032165510163139, 32.371317439091627 ], [ 119.03214535, 32.37133409 ], [ 119.032114429246789, 32.37135059018955 ], [ 119.032145354327994, 32.3713340935427 ], [ 119.032165510163139, 32.371317439091627 ] ] ], [ [ [ 119.032111450617776, 32.371352179670339 ], [ 119.03040752, 32.3725034 ], [ 119.028870576417646, 32.373077235116213 ], [ 119.030407521308007, 32.3725034047458 ], [ 119.032111450617776, 32.371352179670339 ] ] ], [ [ [ 119.022112730055724, 32.375447009115 ], [ 119.01636105, 32.37744518 ], [ 119.01564047, 32.37822421 ], [ 119.015573962700259, 32.378321934764742 ], [ 119.016361050268003, 32.377445182719697 ], [ 119.022112730055724, 32.375447009115 ] ] ], [ [ [ 119.014797009107184, 32.380245372788032 ], [ 119.01480717, 32.38029851 ], [ 119.014867367694322, 32.380507551533114 ], [ 119.014807170942007, 32.3802985109769 ], [ 119.014797009107184, 32.380245372788032 ] ] ], [ [ [ 119.016423687882863, 32.382077651380648 ], [ 119.01718573, 32.38244461 ], [ 119.03021716, 32.38233147 ], [ 119.03299464, 32.38353448 ], [ 119.03358557, 32.38679986 ], [ 119.03256042, 32.38887926 ], [ 119.032055396155954, 32.390752587853655 ], [ 119.032560423125005, 32.388879259614797 ], [ 119.033585572280003, 32.386799861297902 ], [ 119.032994640091999, 32.383534477705801 ], [ 119.030217162371997, 32.3823314679031 ], [ 119.017185731072999, 32.382444606919499 ], [ 119.016423687882863, 32.382077651380648 ] ] ], [ [ [ 119.03193884076552, 32.390909883853958 ], [ 119.03174466, 32.39110115 ], [ 119.03021727, 32.39158696 ], [ 119.02824646, 32.39091405 ], [ 119.02209040958428, 32.390284500256271 ], [ 119.028246460164993, 32.390914051577703 ], [ 119.030217273223997, 32.391586962102103 ], [ 119.031744663641007, 32.391101152523397 ], [ 119.03193884076552, 32.390909883853958 ] ] ], [ [ [ 119.021341651327575, 32.39074608206549 ], [ 119.01779364, 32.3929333 ], [ 119.017637149991415, 32.393256721461356 ], [ 119.017793643195006, 32.3929333024588 ], [ 119.021341651327575, 32.39074608206549 ] ] ], [ [ [ 119.017463448302294, 32.39657206747281 ], [ 119.01670884, 32.39843102 ], [ 119.016378951580279, 32.398742938505805 ], [ 119.016708844582993, 32.398431019200402 ], [ 119.017463448302294, 32.39657206747281 ] ] ], [ [ [ 119.012074113200583, 32.402327022048951 ], [ 119.01189015, 32.40407652 ], [ 119.011432685705813, 32.405994586974089 ], [ 119.011890154099007, 32.404076523761503 ], [ 119.012074113200583, 32.402327022048951 ] ] ], [ [ [ 119.011626284602741, 32.417341199947657 ], [ 119.01190771, 32.41851023 ], [ 119.01266288, 32.42019687 ], [ 119.01661286113486, 32.422612240127528 ], [ 119.012662882902006, 32.420196866536202 ], [ 119.011907713854995, 32.418510233866101 ], [ 119.011626284602741, 32.417341199947657 ] ] ], [ [ [ 119.019863182632776, 32.426449537637964 ], [ 119.01988531, 32.42659461 ], [ 119.020568204031434, 32.427213325560693 ], [ 119.019885309754997, 32.426594607702199 ], [ 119.019863182632776, 32.426449537637964 ] ] ], [ [ [ 119.024028975049958, 32.430744978052374 ], [ 119.024078977633351, 32.430807657033384 ], [ 119.024078977597995, 32.430807656606198 ], [ 119.024028975049958, 32.430744978052374 ] ] ], [ [ [ 119.024169241772597, 32.431898019721437 ], [ 119.0242094, 32.43238313 ], [ 119.02252454, 32.43644722 ], [ 119.017204831449888, 32.442196565487514 ], [ 119.022524544630002, 32.436447221750903 ], [ 119.024209400808004, 32.432383128361103 ], [ 119.024169241772597, 32.431898019721437 ] ] ], [ [ [ 119.017099300395429, 32.442310619572631 ], [ 119.0166906, 32.44341564 ], [ 119.01645706, 32.44701584 ], [ 119.01725499, 32.45036611 ], [ 119.01776988875794, 32.453919476440937 ], [ 119.017254993207004, 32.450366113453804 ], [ 119.016457064175, 32.447015836333698 ], [ 119.016690602740994, 32.443415640865801 ], [ 119.017099300395429, 32.442310619572631 ] ] ], [ [ [ 119.017814281251788, 32.454222742385348 ], [ 119.01782466, 32.45427395 ], [ 119.01782713409149, 32.454313659582041 ], [ 119.017824663886003, 32.454273952664003 ], [ 119.017814281251788, 32.454222742385348 ] ] ], [ [ [ 119.017845169640353, 32.454439801767919 ], [ 119.017854539476062, 32.454502836475243 ], [ 119.017854539628004, 32.454502835522298 ], [ 119.017845169640353, 32.454439801767919 ] ] ], [ [ [ 119.029018478599525, 32.455403762939568 ], [ 119.03049438, 32.4543909 ], [ 119.035881598841925, 32.459879440125135 ], [ 119.030494382143999, 32.4543908979146 ], [ 119.029018478599525, 32.455403762939568 ] ] ], [ [ [ 119.038408924476315, 32.462339930664029 ], [ 119.04156464, 32.46483322 ], [ 119.043680029999507, 32.465222233727886 ], [ 119.041564644798001, 32.464833219274297 ], [ 119.038408924476315, 32.462339930664029 ] ] ], [ [ [ 119.052050677486875, 32.466107731051835 ], [ 119.05333735, 32.46605993 ], [ 119.053337352619678, 32.466059927822755 ], [ 119.052050677486875, 32.466107731051835 ] ] ], [ [ [ 119.05938964373847, 32.463547570783341 ], [ 119.06145594, 32.46398053 ], [ 119.061951062272001, 32.464312786783402 ], [ 119.061455939788004, 32.463980525172303 ], [ 119.05938964373847, 32.463547570783341 ] ] ] ] } },
{ "type": "Feature", "properties": { "gml_id": "layer_city_boundary_pg.196", "Name": "镇江市", "layer": "市", "code": "321100000000", "grade": 2 }, "geometry": { "type": "MultiPolygon", "coordinates": [ [ [ [ 119.22883277, 31.62898809 ], [ 119.228376781098959, 31.629619132482205 ], [ 119.228832774748994, 31.628988094241201 ], [ 119.22883277, 31.62898809 ] ] ], [ [ [ 119.228083637711848, 31.630745792991991 ], [ 119.22727908011467, 31.63422017950483 ], [ 119.227279082728003, 31.634220180514301 ], [ 119.228083637711848, 31.630745792991991 ] ] ], [ [ [ 119.227038982274451, 31.6341274350901 ], [ 119.22202847, 31.63204934 ], [ 119.22156801, 31.63197296 ], [ 119.21709898, 31.6321429 ], [ 119.215187528993354, 31.631655299093314 ], [ 119.217098979509004, 31.632142904518801 ], [ 119.222028473829994, 31.6320493447266 ], [ 119.227038982274451, 31.6341274350901 ] ] ], [ [ [ 119.214989408368851, 31.631604759102547 ], [ 119.213863660816159, 31.630985378186768 ], [ 119.214989406567, 31.631604758642901 ], [ 119.214989408368851, 31.631604759102547 ] ] ], [ [ [ 119.212562823018089, 31.630334616108073 ], [ 119.21132765, 31.6297507 ], [ 119.21092809, 31.62968523 ], [ 119.20716952, 31.62965762 ], [ 119.20638821, 31.63065662 ], [ 119.206668899212119, 31.631887460468683 ], [ 119.206388213964999, 31.630656616849102 ], [ 119.207169521264007, 31.629657621616399 ], [ 119.210928092654996, 31.629685234883301 ], [ 119.212562823018089, 31.630334616108073 ] ] ], [ [ [ 119.206527998888575, 31.635369830927644 ], [ 119.206275583083041, 31.635580507426759 ], [ 119.206527998488994, 31.635369833666601 ], [ 119.206527998888575, 31.635369830927644 ] ] ], [ [ [ 119.205519277131089, 31.635918424455298 ], [ 119.20331668, 31.63690254 ], [ 119.20095549016294, 31.639018232219911 ], [ 119.203316680886005, 31.636902543086499 ], [ 119.205519277131089, 31.635918424455298 ] ] ], [ [ [ 119.201405695585066, 31.645930806286859 ], [ 119.20026148, 31.64773139 ], [ 119.19947202, 31.64856525 ], [ 119.197493205867787, 31.648450011070459 ], [ 119.199472017234996, 31.6485652538796 ], [ 119.200261480026001, 31.647731392868401 ], [ 119.201405695585066, 31.645930806286859 ] ] ], [ [ [ 119.193825588896033, 31.649242570113447 ], [ 119.190762746773729, 31.649557315150354 ], [ 119.193825585053006, 31.649242572077402 ], [ 119.193825588896033, 31.649242570113447 ] ] ], [ [ [ 119.18901039939702, 31.649761957752808 ], [ 119.18490666, 31.65089863 ], [ 119.182978376413416, 31.650995969602793 ], [ 119.184906663069, 31.650898630883699 ], [ 119.18901039939702, 31.649761957752808 ] ] ], [ [ [ 119.18201660429942, 31.651044519782964 ], [ 119.18181716, 31.65125117 ], [ 119.18079282, 31.65308238 ], [ 119.180829351013173, 31.653204116780433 ], [ 119.18201660429942, 31.651044519782964 ] ] ], [ [ [ 119.18264203469613, 31.655040914199059 ], [ 119.18509841, 31.65786718 ], [ 119.18698192, 31.66173659 ], [ 119.186142599987434, 31.663501213898471 ], [ 119.186981923562001, 31.661736594380901 ], [ 119.185098414779006, 31.657867183618599 ], [ 119.18264203469613, 31.655040914199059 ] ] ], [ [ [ 119.18485438381424, 31.665643941209623 ], [ 119.18395219, 31.66698653 ], [ 119.18213822, 31.66871639 ], [ 119.18075787, 31.67334514 ], [ 119.18131347, 31.67955648 ], [ 119.181425253643866, 31.679870920832524 ], [ 119.180757870627005, 31.673345141876599 ], [ 119.182138224209993, 31.668716392226202 ], [ 119.183952189886995, 31.666986533887499 ], [ 119.18485438381424, 31.665643941209623 ] ] ], [ [ [ 119.183207943275875, 31.68254571917079 ], [ 119.18489848, 31.68503717 ], [ 119.18495753024925, 31.685221366516124 ], [ 119.184898484149002, 31.685037174445998 ], [ 119.183207943275875, 31.68254571917079 ] ] ], [ [ [ 119.185084815008366, 31.687977089380045 ], [ 119.185106549960125, 31.688958798198986 ], [ 119.185106551369998, 31.688958795234399 ], [ 119.185084815008366, 31.687977089380045 ] ] ], [ [ [ 119.182245868593029, 31.694272071812179 ], [ 119.18112254, 31.69601423 ], [ 119.17954308, 31.69702345 ], [ 119.178883328257527, 31.697035287221002 ], [ 119.179543081201999, 31.697023450633399 ], [ 119.181122542810002, 31.6960142283205 ], [ 119.182245868593029, 31.694272071812179 ] ] ], [ [ [ 119.177069391332054, 31.697148572244583 ], [ 119.17507236, 31.69758829 ], [ 119.17324931, 31.69831296 ], [ 119.171196997633402, 31.698389965051515 ], [ 119.173249310607005, 31.698312961396802 ], [ 119.175072362744004, 31.6975882919638 ], [ 119.177069391332054, 31.697148572244583 ] ] ], [ [ [ 119.163736230899502, 31.699745230213267 ], [ 119.16373623, 31.69974523 ], [ 119.162780585435613, 31.700837254810008 ], [ 119.163736230899502, 31.699745230213267 ] ] ], [ [ [ 119.152141607110707, 31.701362047177273 ], [ 119.15201581, 31.70145275 ], [ 119.150826890085909, 31.70607499966604 ], [ 119.152015810929001, 31.701452751856799 ], [ 119.152141607110707, 31.701362047177273 ] ] ], [ [ [ 119.15026394640465, 31.705934444368662 ], [ 119.14817249, 31.70541225 ], [ 119.143219678929512, 31.713012817367296 ], [ 119.148172490329998, 31.705412251402802 ], [ 119.15026394640465, 31.705934444368662 ] ] ], [ [ [ 119.133144198224642, 31.723977585428798 ], [ 119.132890180809056, 31.724104359596218 ], [ 119.132890182327998, 31.724104359391902 ], [ 119.133144198224642, 31.723977585428798 ] ] ], [ [ [ 119.130613502606138, 31.724386126341393 ], [ 119.12953873, 31.7245037 ], [ 119.127592081080564, 31.724219759378776 ], [ 119.129538731015998, 31.724503703040899 ], [ 119.130613502606138, 31.724386126341393 ] ] ], [ [ [ 119.125301653968037, 31.723999239042467 ], [ 119.12514624, 31.72407297 ], [ 119.12384331, 31.72539453 ], [ 119.12131721, 31.73367951 ], [ 119.11956368, 31.73758705 ], [ 119.11514351, 31.74056008 ], [ 119.11199148, 31.74100848 ], [ 119.110941701444446, 31.741330420986113 ], [ 119.111991482025999, 31.741008481298 ], [ 119.115143508489993, 31.7405600815189 ], [ 119.119563682199001, 31.737587053851598 ], [ 119.121317210586, 31.733679511193898 ], [ 119.123843311095001, 31.7253945332053 ], [ 119.125301653968037, 31.723999239042467 ] ] ], [ [ [ 119.108987950571219, 31.742042419666589 ], [ 119.10510601, 31.74635863 ], [ 119.103785151280817, 31.748163168023908 ], [ 119.105106013246996, 31.746358631935699 ], [ 119.108987950571219, 31.742042419666589 ] ] ], [ [ [ 119.099770709060962, 31.753186319671038 ], [ 119.09596319, 31.75427662 ], [ 119.09131809, 31.75588167 ], [ 119.089892985093869, 31.756759422648809 ], [ 119.091318094691005, 31.755881671292101 ], [ 119.095963189707007, 31.754276622692601 ], [ 119.099770709060962, 31.753186319671038 ] ] ], [ [ [ 119.085503076455282, 31.768906430486009 ], [ 119.08444178, 31.7714253 ], [ 119.081787994673874, 31.774248695946042 ], [ 119.084441782376999, 31.7714252988252 ], [ 119.085503076455282, 31.768906430486009 ] ] ], [ [ [ 119.080342858812571, 31.775746829993842 ], [ 119.07574503320221, 31.775722996917679 ], [ 119.080342855919994, 31.7757468329925 ], [ 119.080342858812571, 31.775746829993842 ] ] ], [ [ [ 119.071775099089209, 31.77701457569259 ], [ 119.07171188, 31.77723756 ], [ 119.07170285, 31.77761962 ], [ 119.072505748815885, 31.782082146193581 ], [ 119.071702854872996, 31.7776196238169 ], [ 119.071775099089209, 31.77701457569259 ] ] ], [ [ [ 119.072743431045922, 31.783420276789368 ], [ 119.07266716, 31.78377265 ], [ 119.072416293869523, 31.78426839831663 ], [ 119.072667162784001, 31.783772647999701 ], [ 119.072743431045922, 31.783420276789368 ] ] ], [ [ [ 119.064279278984444, 31.785669098794841 ], [ 119.06409659, 31.7854523 ], [ 119.063699439927532, 31.78437825500999 ], [ 119.064096585548995, 31.785452299696399 ], [ 119.064279278984444, 31.785669098794841 ] ] ], [ [ [ 119.063453770115743, 31.783713870313015 ], [ 119.06345377, 31.78371387 ], [ 119.062519255419517, 31.783728654972105 ], [ 119.063453770115743, 31.783713870313015 ] ] ], [ [ [ 119.047116086146417, 31.790707770003262 ], [ 119.04417023, 31.79061794 ], [ 119.03905585545651, 31.790186170140544 ], [ 119.044170225974, 31.7906179417526 ], [ 119.047116086146417, 31.790707770003262 ] ] ], [ [ [ 119.033815862771661, 31.788412662070126 ], [ 119.02961862, 31.78553306 ], [ 119.0275271, 31.78574549 ], [ 119.025995800763539, 31.786156292298351 ], [ 119.027527100940006, 31.785745490934001 ], [ 119.029618619838999, 31.785533061672801 ], [ 119.033815862771661, 31.788412662070126 ] ] ], [ [ [ 119.018194359316553, 31.782074729731363 ], [ 119.01624878, 31.7805186 ], [ 119.016069891951858, 31.780475827982769 ], [ 119.016248777125, 31.78051860071 ], [ 119.018194359316553, 31.782074729731363 ] ] ], [ [ [ 119.013960313360712, 31.78041677848914 ], [ 119.011925820447033, 31.78040108000345 ], [ 119.011925821675007, 31.780401082504198 ], [ 119.013960313360712, 31.78041677848914 ] ] ], [ [ [ 119.011839259457147, 31.780224799147334 ], [ 119.01135793, 31.77924457 ], [ 119.009100374692906, 31.779275508496294 ], [ 119.011357929569002, 31.7792445741654 ], [ 119.011839259457147, 31.780224799147334 ] ] ], [ [ [ 119.005298782147648, 31.780025687765438 ], [ 119.00403501, 31.78063257 ], [ 119.003856831367685, 31.780671434570692 ], [ 119.004035007827994, 31.780632573519799 ], [ 119.005298782147648, 31.780025687765438 ] ] ], [ [ [ 118.992701891483208, 31.769618377742137 ], [ 118.99051121, 31.77060213 ], [ 118.988250076405762, 31.769049821531411 ], [ 118.990511212046997, 31.7706021335981 ], [ 118.992701891483208, 31.769618377742137 ] ] ], [ [ [ 118.986014910365697, 31.767515340251059 ], [ 118.97895843, 31.76608721 ], [ 118.97530423, 31.76669096 ], [ 118.975028372525827, 31.767194751308217 ], [ 118.975304232422999, 31.7666909627638 ], [ 118.978958425699005, 31.7660872122093 ], [ 118.986014910365697, 31.767515340251059 ] ] ], [ [ [ 118.974488009030907, 31.768471969923535 ], [ 118.97445301, 31.76868169 ], [ 118.974183922871006, 31.768941502693902 ], [ 118.974453011806006, 31.768681694235799 ], [ 118.974488009030907, 31.768471969923535 ] ] ], [ [ [ 118.975467072158509, 31.770398388726019 ], [ 118.9758768, 31.77141797 ], [ 118.976060514507637, 31.771916933931159 ], [ 118.975876799361004, 31.771417965818699 ], [ 118.975467072158509, 31.770398388726019 ] ] ], [ [ [ 118.977549184449273, 31.776295422420777 ], [ 118.9777517, 31.7769593 ], [ 118.977770837434292, 31.777130048746564 ], [ 118.977751700897997, 31.776959298330901 ], [ 118.977549184449273, 31.776295422420777 ] ] ], [ [ [ 118.976962326031227, 31.779590832088065 ], [ 118.97686653, 31.78007234 ], [ 118.977390381835789, 31.784963367694445 ], [ 118.976866534503998, 31.780072343468898 ], [ 118.976962326031227, 31.779590832088065 ] ] ], [ [ [ 118.97742842342663, 31.785054113525309 ], [ 118.97762936, 31.78532991 ], [ 118.97992992744291, 31.786300317374728 ], [ 118.977629364725999, 31.785329905992398 ], [ 118.97742842342663, 31.785054113525309 ] ] ], [ [ [ 118.987747417772297, 31.786010790000045 ], [ 118.997689699692387, 31.785402530018818 ], [ 118.997689697493001, 31.785402526247001 ], [ 118.987747417772297, 31.786010790000045 ] ] ], [ [ [ 119.000443851574957, 31.79025186523447 ], [ 119.00163062, 31.79269469 ], [ 119.002304254684773, 31.793778936369176 ], [ 119.001630622955005, 31.792694686995201 ], [ 119.000443851574957, 31.79025186523447 ] ] ], [ [ [ 119.002222540375584, 31.794757830205644 ], [ 119.00206483, 31.79494473 ], [ 119.00107541, 31.79524877 ], [ 119.000901029449309, 31.795444332288156 ], [ 119.001075409430996, 31.795248774810702 ], [ 119.002064833274005, 31.7949447296416 ], [ 119.002222540375584, 31.794757830205644 ] ] ], [ [ [ 119.000814310165666, 31.795804659311653 ], [ 119.00081431, 31.79580466 ], [ 119.000815685005875, 31.795986648081207 ], [ 119.000814310165666, 31.795804659311653 ] ] ], [ [ [ 119.000867538985815, 31.798397346748729 ], [ 119.00094454, 31.79893376 ], [ 119.001217303432512, 31.799779327858449 ], [ 119.000944544836997, 31.798933764889799 ], [ 119.000867538985815, 31.798397346748729 ] ] ], [ [ [ 119.001137472689649, 31.800482792170605 ], [ 119.00110979, 31.80057453 ], [ 119.00053045023931, 31.800993487168231 ], [ 119.001109790005998, 31.800574531176999 ], [ 119.001137472689649, 31.800482792170605 ] ] ], [ [ [ 119.000061878670223, 31.801239495497914 ], [ 118.99994598, 31.80124917 ], [ 118.999945976968078, 31.801249172691662 ], [ 119.000061878670223, 31.801239495497914 ] ] ], [ [ [ 118.999612247908601, 31.801545447651787 ], [ 118.99955936, 31.8015924 ], [ 118.998742956151503, 31.801974945349752 ], [ 118.999559356204003, 31.801592403593698 ], [ 118.999612247908601, 31.801545447651787 ] ] ], [ [ [ 118.995791474460049, 31.803288749602856 ], [ 118.99551102, 31.80338202 ], [ 118.99369649, 31.80336745 ], [ 118.99362277472764, 31.803380331341163 ], [ 118.995511018548996, 31.803382023407501 ], [ 118.995791474460049, 31.803288749602856 ] ] ], [ [ [ 118.993050433035322, 31.803572224099437 ], [ 118.99294124, 31.8036578 ], [ 118.99276784, 31.8040634 ], [ 118.991557143088301, 31.805664586452124 ], [ 118.992767841741994, 31.804063399865601 ], [ 118.993050433035322, 31.803572224099437 ] ] ], [ [ [ 118.990134840886711, 31.807064610318335 ], [ 118.9898074, 31.80737097 ], [ 118.989807398277364, 31.807370972434761 ], [ 118.990134840886711, 31.807064610318335 ] ] ], [ [ [ 118.98968792366054, 31.807539836095295 ], [ 118.98818412, 31.80966529 ], [ 118.98746364, 31.81088268 ], [ 118.98710782, 31.81213097 ], [ 118.98688407036461, 31.814126533729212 ], [ 118.987107824486003, 31.812130974501098 ], [ 118.987463641882997, 31.810882683754599 ], [ 118.98968792366054, 31.807539836095295 ] ] ], [ [ [ 118.986841354409123, 31.814468266128596 ], [ 118.98675188, 31.81470049 ], [ 118.98625768, 31.814787 ], [ 118.9857884, 31.81464139 ], [ 118.98532907, 31.81461277 ], [ 118.984894735227954, 31.814790399783497 ], [ 118.985329068062001, 31.814612774464099 ], [ 118.986257676313002, 31.8147870025869 ], [ 118.986751884726004, 31.814700493746599 ], [ 118.986841354409123, 31.814468266128596 ] ] ], [ [ [ 118.982456180414076, 31.817601919745108 ], [ 118.98184822, 31.81922701 ], [ 118.981272912821225, 31.819848119781607 ], [ 118.981848218983004, 31.819227014513899 ], [ 118.982456180414076, 31.817601919745108 ] ] ], [ [ [ 118.974977479184517, 31.82312508028286 ], [ 118.97485262, 31.82323226 ], [ 118.97418387, 31.82407433 ], [ 118.973866991933974, 31.82431283482158 ], [ 118.974183867589005, 31.824074334492401 ], [ 118.974977479184517, 31.82312508028286 ] ] ], [ [ [ 118.966471483031313, 31.826572575299995 ], [ 118.96614677, 31.82677429 ], [ 118.96526154, 31.82814793 ], [ 118.966391888324623, 31.829343933241908 ], [ 118.965261541209003, 31.828147928126 ], [ 118.966146774313998, 31.826774289115601 ], [ 118.966471483031313, 31.826572575299995 ] ] ], [ [ [ 118.967783412048703, 31.831705675556844 ], [ 118.96777892, 31.83185676 ], [ 118.967008274986398, 31.83225230764625 ], [ 118.967778921109996, 31.831856760162701 ], [ 118.967783412048703, 31.831705675556844 ] ] ], [ [ [ 118.965384596227111, 31.833678488710238 ], [ 118.96441957, 31.83578259 ], [ 118.964324800056488, 31.836668000051986 ], [ 118.964419574340994, 31.835782586738802 ], [ 118.965384596227111, 31.833678488710238 ] ] ], [ [ [ 118.965320727146349, 31.837584590744566 ], [ 118.96613874, 31.83833744 ], [ 118.966389826132499, 31.838468447185019 ], [ 118.966138742911994, 31.838337438680401 ], [ 118.965320727146349, 31.837584590744566 ] ] ], [ [ [ 118.97195943744957, 31.838053402967489 ], [ 118.972664808371377, 31.838314289397644 ], [ 118.972664806181001, 31.8383142867328 ], [ 118.97195943744957, 31.838053402967489 ] ] ], [ [ [ 118.974166439805202, 31.840280361307194 ], [ 118.974095147502794, 31.840758767856844 ], [ 118.974166440426004, 31.8402803626863 ], [ 118.974166439805202, 31.840280361307194 ] ] ], [ [ [ 118.984700278911504, 31.84581602164366 ], [ 118.98706484, 31.84614529 ], [ 118.987705134080599, 31.846084391460071 ], [ 118.987064841312005, 31.846145289381798 ], [ 118.984700278911504, 31.84581602164366 ] ] ], [ [ [ 118.991642635078151, 31.844831289883643 ], [ 118.991691028589727, 31.844794971058395 ], [ 118.991691028551003, 31.8447949710384 ], [ 118.991642635078151, 31.844831289883643 ] ] ], [ [ [ 118.994499001978141, 31.846169087353768 ], [ 118.9981323, 31.84775301 ], [ 119.000305742309848, 31.847835848171677 ], [ 118.998132295987006, 31.847753005569899 ], [ 118.994499001978141, 31.846169087353768 ] ] ], [ [ [ 119.006698117911199, 31.848081931705281 ], [ 119.00781111, 31.84830892 ], [ 119.008447923354467, 31.848394175081825 ], [ 119.007811106424995, 31.848308916938301 ], [ 119.006698117911199, 31.848081931705281 ] ] ], [ [ [ 119.010811107869586, 31.848277299968526 ], [ 119.01505162, 31.84785962 ], [ 119.01727387256463, 31.848025390158213 ], [ 119.015051616988998, 31.847859617412499 ], [ 119.010811107869586, 31.848277299968526 ] ] ], [ [ [ 119.021699090573506, 31.849376126211165 ], [ 119.02263876, 31.85030381 ], [ 119.023255041646351, 31.851485481423829 ], [ 119.022638763016005, 31.850303808416498 ], [ 119.021699090573506, 31.849376126211165 ] ] ], [ [ [ 119.027465737412911, 31.85564696768316 ], [ 119.03059998, 31.85619303 ], [ 119.03621747, 31.85573922 ], [ 119.036605894411821, 31.855859846356186 ], [ 119.036217470050005, 31.855739218802999 ], [ 119.030599982154001, 31.8561930276142 ], [ 119.027465737412911, 31.85564696768316 ] ] ], [ [ [ 119.04285309274573, 31.861138505804217 ], [ 119.04464731, 31.86179774 ], [ 119.047175999444875, 31.862270309836656 ], [ 119.044647312923999, 31.861797737455898 ], [ 119.04285309274573, 31.861138505804217 ] ] ], [ [ [ 119.050316465925803, 31.862898187409254 ], [ 119.05051726, 31.86296847 ], [ 119.053675398997626, 31.864811163511078 ], [ 119.050517256584001, 31.862968465989098 ], [ 119.050316465925803, 31.862898187409254 ] ] ], [ [ [ 119.063812049518759, 31.870948145445595 ], [ 119.06394074, 31.87093194 ], [ 119.064094484147006, 31.870801205601211 ], [ 119.063940737506002, 31.8709319389237 ], [ 119.063812049518759, 31.870948145445595 ] ] ], [ [ [ 119.065856319185258, 31.868330415126248 ], [ 119.06649321, 31.86732105 ], [ 119.066702072797426, 31.867154137561492 ], [ 119.066493205569998, 31.867321049972801 ], [ 119.065856319185258, 31.868330415126248 ] ] ], [ [ [ 119.069299618380171, 31.866183885807558 ], [ 119.06995762, 31.86599796 ], [ 119.07390809, 31.8652221 ], [ 119.08127988, 31.86360974 ], [ 119.084027263261191, 31.862951072934891 ], [ 119.081279879638998, 31.8636097375528 ], [ 119.069957616327997, 31.865997959906501 ], [ 119.069299618380171, 31.866183885807558 ] ] ], [ [ [ 119.087228128627586, 31.862208407301562 ], [ 119.08757589, 31.86215509 ], [ 119.087790817060409, 31.86216477699055 ], [ 119.087575887417003, 31.8621550868897 ], [ 119.087228128627586, 31.862208407301562 ] ] ], [ [ [ 119.088312579339558, 31.862264009851611 ], [ 119.08906039, 31.86281092 ], [ 119.089612971096074, 31.863477739542699 ], [ 119.089060394141001, 31.862810921023701 ], [ 119.088312579339558, 31.862264009851611 ] ] ], [ [ [ 119.090323583733095, 31.864506608421014 ], [ 119.09037994, 31.8645971 ], [ 119.09100535627347, 31.865198891576757 ], [ 119.090379939014994, 31.8645970980252 ], [ 119.090323583733095, 31.864506608421014 ] ] ], [ [ [ 119.094830949704587, 31.867583628320617 ], [ 119.09523334, 31.86804379 ], [ 119.0955293, 31.86872596 ], [ 119.095952064468875, 31.87108045023972 ], [ 119.095529302697003, 31.868725956392201 ], [ 119.095233344348998, 31.868043785164598 ], [ 119.094830949704587, 31.867583628320617 ] ] ], [ [ [ 119.097156117012915, 31.873973170318287 ], [ 119.09745693, 31.87536662 ], [ 119.09738771, 31.87755206 ], [ 119.09751764, 31.87853529 ], [ 119.097634007397531, 31.878993337746749 ], [ 119.097387712035001, 31.8775520597022 ], [ 119.097456932244995, 31.875366621441501 ], [ 119.097156117012915, 31.873973170318287 ] ] ], [ [ [ 119.098090133343533, 31.880275663512752 ], [ 119.0982996, 31.88067291 ], [ 119.099240861572412, 31.881700721520136 ], [ 119.098299601302998, 31.8806729054571 ], [ 119.098090133343533, 31.880275663512752 ] ] ], [ [ [ 119.10220872582002, 31.88676706750087 ], [ 119.10231932, 31.88694951 ], [ 119.10287452, 31.88745985 ], [ 119.10360382, 31.88784925 ], [ 119.10833651, 31.88954922 ], [ 119.109945327038417, 31.890800229942784 ], [ 119.108336512039003, 31.889549217986801 ], [ 119.103603823032998, 31.8878492501388 ], [ 119.102874516133994, 31.8874598461008 ], [ 119.10220872582002, 31.88676706750087 ] ] ], [ [ [ 119.110760243081813, 31.891882592461339 ], [ 119.11101132, 31.89229266 ], [ 119.111481233804682, 31.894017843452708 ], [ 119.111011324659998, 31.892292663338701 ], [ 119.110760243081813, 31.891882592461339 ] ] ], [ [ [ 119.111558345937027, 31.894965206069052 ], [ 119.1112367, 31.90085567 ], [ 119.10935050223344, 31.901443675676738 ], [ 119.111236701240998, 31.900855671541901 ], [ 119.111558345937027, 31.894965206069052 ] ] ], [ [ [ 119.106436508234879, 31.902526414430721 ], [ 119.10583558, 31.90313164 ], [ 119.105775139406418, 31.903304271675069 ], [ 119.105835583079994, 31.903131643926599 ], [ 119.106436508234879, 31.902526414430721 ] ] ], [ [ [ 119.106962776247116, 31.906682321087441 ], [ 119.10722493, 31.90864164 ], [ 119.10581889, 31.91027719 ], [ 119.1047241, 31.91206301 ], [ 119.104614403521381, 31.912349694987462 ], [ 119.105818894069998, 31.910277193587099 ], [ 119.107224933883003, 31.908641641489101 ], [ 119.106962776247116, 31.906682321087441 ] ] ], [ [ [ 119.102054201281149, 31.926708426931494 ], [ 119.10016636, 31.93063828 ], [ 119.09604109, 31.93454422 ], [ 119.094891314187606, 31.934226906833228 ], [ 119.096041094796007, 31.9345442241036 ], [ 119.100166361478003, 31.930638280973 ], [ 119.102054201281149, 31.926708426931494 ] ] ], [ [ [ 119.084414442877005, 31.933139259977267 ], [ 119.08441444, 31.93313926 ], [ 119.084098951294649, 31.933528431491919 ], [ 119.084414442877005, 31.933139259977267 ] ] ], [ [ [ 119.082127976685655, 31.935677876301959 ], [ 119.08166272, 31.93622015 ], [ 119.08054234635766, 31.93700188909466 ], [ 119.081662723782998, 31.936220154442498 ], [ 119.082127976685655, 31.935677876301959 ] ] ], [ [ [ 119.057157412456661, 31.941365505147282 ], [ 119.05611702, 31.94112058 ], [ 119.05261825, 31.94103549 ], [ 119.051137400083462, 31.941236399023445 ], [ 119.052618248084997, 31.941035490835802 ], [ 119.056117023010998, 31.941120582120298 ], [ 119.057157412456661, 31.941365505147282 ] ] ], [ [ [ 119.049883259775996, 31.941406549542581 ], [ 119.04920594, 31.94002351 ], [ 119.047077964625529, 31.938346875395013 ], [ 119.049205940435996, 31.940023513563599 ], [ 119.049883259775996, 31.941406549542581 ] ] ], [ [ [ 119.044619245210413, 31.937801582623891 ], [ 119.04111325, 31.93779359 ], [ 119.040769254391108, 31.937867233947902 ], [ 119.041113249545006, 31.937793592765001 ], [ 119.044619245210413, 31.937801582623891 ] ] ], [ [ [ 119.040688370992271, 31.937884549787572 ], [ 119.04068837, 31.93788455 ], [ 119.040359111954061, 31.938062726886923 ], [ 119.040688370992271, 31.937884549787572 ] ] ], [ [ [ 119.037495333853443, 31.939331521326974 ], [ 119.03477569, 31.93976461 ], [ 119.032380450877213, 31.940790942717875 ], [ 119.034775686046999, 31.939764613589801 ], [ 119.037495333853443, 31.939331521326974 ] ] ], [ [ [ 119.032153311271458, 31.94088826945519 ], [ 119.03215331, 31.94088827 ], [ 119.029412027554528, 31.944297765047679 ], [ 119.032153311271458, 31.94088826945519 ] ] ], [ [ [ 119.027342406837846, 31.946966591066303 ], [ 119.02411439, 31.9519276 ], [ 119.02398379, 31.95218801 ], [ 119.023896176591009, 31.953504158217651 ], [ 119.024114394026995, 31.951927598929402 ], [ 119.027342406837846, 31.946966591066303 ] ] ], [ [ [ 119.023872065590723, 31.95760530563728 ], [ 119.02389743, 31.9590148 ], [ 119.02389743163863, 31.959014801643562 ], [ 119.023872065590723, 31.95760530563728 ] ] ], [ [ [ 119.02800295002352, 31.963132678492137 ], [ 119.02903661, 31.96416945 ], [ 119.029036611965935, 31.964169451183793 ], [ 119.02800295002352, 31.963132678492137 ] ] ], [ [ [ 119.036232702281282, 31.965586968784411 ], [ 119.03650327, 31.96575245 ], [ 119.037239515735322, 31.966725221357862 ], [ 119.036503271396001, 31.965752445030699 ], [ 119.036232702281282, 31.965586968784411 ] ] ], [ [ [ 119.039938590539151, 31.969233101209944 ], [ 119.04145126, 31.97043231 ], [ 119.04346701, 31.970509 ], [ 119.045059387008166, 31.97055747044088 ], [ 119.041451263089002, 31.970432309429299 ], [ 119.039938590539151, 31.969233101209944 ] ] ], [ [ [ 119.054098443890169, 31.973312576379335 ], [ 119.05654303, 31.9743325 ], [ 119.057628733037618, 31.974683667493533 ], [ 119.056543027887002, 31.9743324983246 ], [ 119.054098443890169, 31.973312576379335 ] ] ], [ [ [ 119.061906687383924, 31.97479710885521 ], [ 119.06497331, 31.97420244 ], [ 119.065499701337174, 31.973792408912779 ], [ 119.064973313584005, 31.974202435318698 ], [ 119.061906687383924, 31.97479710885521 ] ] ], [ [ [ 119.069150401528432, 31.971226729266267 ], [ 119.06951418, 31.97118954 ], [ 119.07187615, 31.97243348 ], [ 119.07416841, 31.97458894 ], [ 119.074511970894079, 31.974820393251186 ], [ 119.071876154288006, 31.972433476764699 ], [ 119.069514182202994, 31.971189535755599 ], [ 119.069150401528432, 31.971226729266267 ] ] ], [ [ [ 119.074550989000713, 31.974846679326784 ], [ 119.07455099, 31.97484668 ], [ 119.074872871735707, 31.974986422552288 ], [ 119.074550989000713, 31.974846679326784 ] ] ], [ [ [ 119.07929917533437, 31.97604472946831 ], [ 119.08464925, 31.97595796 ], [ 119.088085165281797, 31.973968124424555 ], [ 119.084649248437998, 31.975957956404699 ], [ 119.07929917533437, 31.97604472946831 ] ] ], [ [ [ 119.090003727939148, 31.972791232762678 ], [ 119.09000671, 31.97278892 ], [ 119.090006710043596, 31.972788919948275 ], [ 119.090003727939148, 31.972791232762678 ] ] ], [ [ [ 119.090253444285935, 31.972496254481953 ], [ 119.09123965, 31.97132646 ], [ 119.09477372, 31.96891193 ], [ 119.096693356022442, 31.967850226734349 ], [ 119.094773719150993, 31.968911928553801 ], [ 119.091239645217996, 31.971326459645201 ], [ 119.090253444285935, 31.972496254481953 ] ] ], [ [ [ 119.101202883617333, 31.96726669800297 ], [ 119.10247571, 31.96762255 ], [ 119.103960067497681, 31.969066486200408 ], [ 119.102475712339, 31.967622546041799 ], [ 119.101202883617333, 31.96726669800297 ] ] ], [ [ [ 119.104220383048755, 31.969319714058926 ], [ 119.104254788748008, 31.969365519639009 ], [ 119.104220383667993, 31.9693197146613 ], [ 119.104220383048755, 31.969319714058926 ] ] ], [ [ [ 119.105545736430102, 31.971238553349469 ], [ 119.10627884, 31.97681852 ], [ 119.10708606, 31.9798977 ], [ 119.107157151523495, 31.980067776330436 ], [ 119.106278840727995, 31.976818520177499 ], [ 119.105545736430102, 31.971238553349469 ] ] ], [ [ [ 119.107755381554853, 31.980850132002853 ], [ 119.10844983, 31.98167596 ], [ 119.10946557, 31.98184068 ], [ 119.110013588933498, 31.981788261472744 ], [ 119.108449830840996, 31.981675959066401 ], [ 119.107755381554853, 31.980850132002853 ] ] ], [ [ [ 119.113128871131153, 31.979829989804646 ], [ 119.115664415478477, 31.979392100780867 ], [ 119.115664415116001, 31.9793920984674 ], [ 119.113128873465996, 31.979829988092899 ], [ 119.113128871131153, 31.979829989804646 ] ] ], [ [ [ 119.115952133829296, 31.981228453307413 ], [ 119.11620265, 31.98282739 ], [ 119.11617726, 31.98666025 ], [ 119.114773559036422, 31.987243299536626 ], [ 119.116177262373, 31.9866602530686 ], [ 119.116202654223997, 31.982827391152099 ], [ 119.115952133829296, 31.981228453307413 ] ] ], [ [ [ 119.112785702436994, 31.988001563453171 ], [ 119.112738731267868, 31.988013559676194 ], [ 119.112738734201997, 31.9880135594051 ], [ 119.112785702436994, 31.988001563453171 ] ] ], [ [ [ 119.109213692484715, 31.98903716784811 ], [ 119.10921369, 31.98903717 ], [ 119.109116877063286, 31.989245527134081 ], [ 119.109213692484715, 31.98903716784811 ] ] ], [ [ [ 119.108739528846044, 31.99998082900338 ], [ 119.1087623, 32.00010642 ], [ 119.108180683573906, 32.000594730953352 ], [ 119.108762301379002, 32.000106421262103 ], [ 119.108739528846044, 31.99998082900338 ] ] ], [ [ [ 119.107581370315984, 32.001097899734717 ], [ 119.10726007, 32.00196374 ], [ 119.107061138419425, 32.00221925337317 ], [ 119.107260073084007, 32.0019637397574 ], [ 119.107581370315984, 32.001097899734717 ] ] ], [ [ [ 119.107007878547421, 32.002287660870159 ], [ 119.10203293, 32.0052679 ], [ 119.099611396014936, 32.006013914466941 ], [ 119.102032934567006, 32.005267901224798 ], [ 119.107007878547421, 32.002287660870159 ] ] ], [ [ [ 119.095741888878393, 32.004607803722848 ], [ 119.0953984, 32.00415497 ], [ 119.095398398772204, 32.004154970027145 ], [ 119.095741888878393, 32.004607803722848 ] ] ], [ [ [ 119.093617466317156, 32.004194345726141 ], [ 119.09246438, 32.00421984 ], [ 119.08771428, 32.00453949 ], [ 119.08741937, 32.00463258 ], [ 119.08688943, 32.00595902 ], [ 119.087419371695006, 32.004632582317598 ], [ 119.087714283256005, 32.004539491963797 ], [ 119.093617466317156, 32.004194345726141 ] ] ], [ [ [ 119.089173555967136, 32.009044017679663 ], [ 119.09105687, 32.0111055 ], [ 119.09236043422851, 32.01290160999725 ], [ 119.091056874540001, 32.011105501394802 ], [ 119.089173555967136, 32.009044017679663 ] ] ], [ [ [ 119.091668708933867, 32.016583196137887 ], [ 119.09089203, 32.0201656 ], [ 119.08915614, 32.02264339 ], [ 119.08899915, 32.02296249 ], [ 119.088867310462874, 32.023853305454843 ], [ 119.089156144363997, 32.022643387224598 ], [ 119.090892033773997, 32.020165602926902 ], [ 119.091668708933867, 32.016583196137887 ] ] ], [ [ [ 119.089069837583708, 32.026116202751069 ], [ 119.08945938, 32.02983499 ], [ 119.088666459210074, 32.031124896856717 ], [ 119.089459384917006, 32.0298349866531 ], [ 119.089069837583708, 32.026116202751069 ] ] ], [ [ [ 119.087088186430606, 32.037737835431884 ], [ 119.087193119982587, 32.039458629714581 ], [ 119.087193121547003, 32.039458627351898 ], [ 119.087088186430606, 32.037737835431884 ] ] ], [ [ [ 119.086463450121315, 32.040560627609004 ], [ 119.08392008, 32.0444018 ], [ 119.082261729768689, 32.047474211621562 ], [ 119.083920079316997, 32.044401802118003 ], [ 119.086463450121315, 32.040560627609004 ] ] ], [ [ [ 119.08179802659734, 32.050724946837555 ], [ 119.08112376, 32.05475741 ], [ 119.08114172, 32.05505447 ], [ 119.08735789, 32.06218067 ], [ 119.09302872, 32.07347348 ], [ 119.09467835, 32.08779863 ], [ 119.094725801978328, 32.090534386818113 ], [ 119.094678353329002, 32.087798626107102 ], [ 119.093028724796994, 32.073473481300702 ], [ 119.087357890863004, 32.062180670322 ], [ 119.081141724258003, 32.055054465212898 ], [ 119.08179802659734, 32.050724946837555 ] ] ], [ [ [ 119.093994058272514, 32.091864832700722 ], [ 119.09338385, 32.09289363 ], [ 119.092485731395456, 32.09350841273573 ], [ 119.093383852928994, 32.092893631516702 ], [ 119.093994058272514, 32.091864832700722 ] ] ], [ [ [ 119.090210699139107, 32.093788816843023 ], [ 119.08906937, 32.0936871 ], [ 119.08584761, 32.09203052 ], [ 119.08465719, 32.09154982 ], [ 119.08427538, 32.09155196 ], [ 119.08091514, 32.09409503 ], [ 119.079971664492433, 32.095403493934413 ], [ 119.080915140189006, 32.094095030429301 ], [ 119.084275382640996, 32.091551964074498 ], [ 119.084657193734003, 32.091549821585403 ], [ 119.085847608069997, 32.0920305217509 ], [ 119.089069367446996, 32.093687102525102 ], [ 119.090210699139107, 32.093788816843023 ] ] ], [ [ [ 119.076765039020401, 32.100234546446366 ], [ 119.07576561, 32.10216004 ], [ 119.07564469, 32.10252421 ], [ 119.075048832252293, 32.107669535653002 ], [ 119.075644692707002, 32.102524209357398 ], [ 119.076765039020401, 32.100234546446366 ] ] ], [ [ [ 119.074957828852448, 32.108181901772667 ], [ 119.074863231800407, 32.108328028861003 ], [ 119.074957828595004, 32.108181903222103 ], [ 119.074957828852448, 32.108181901772667 ] ] ], [ [ [ 119.063937003317136, 32.10981815386176 ], [ 119.0638002, 32.10979195 ], [ 119.062497250863771, 32.10921326720274 ], [ 119.063800200157999, 32.109791950898803 ], [ 119.063937003317136, 32.10981815386176 ] ] ], [ [ [ 119.044724914379415, 32.106330539697119 ], [ 119.04472491, 32.10633054 ], [ 119.045038773642091, 32.106653472699669 ], [ 119.044724914379415, 32.106330539697119 ] ] ], [ [ [ 119.045675397912717, 32.107198703483029 ], [ 119.04593979, 32.10740127 ], [ 119.044423279966594, 32.110444990454937 ], [ 119.045939794798002, 32.107401271586397 ], [ 119.045675397912717, 32.107198703483029 ] ] ], [ [ [ 119.043003998128995, 32.112243528289675 ], [ 119.04250302, 32.11229542 ], [ 119.041382014272003, 32.111774743879202 ], [ 119.042503021, 32.112295421246301 ], [ 119.043003998128995, 32.112243528289675 ] ] ], [ [ [ 119.042045364465267, 32.110511661630881 ], [ 119.04224289, 32.11028458 ], [ 119.042290591827992, 32.110187631207737 ], [ 119.042242891087994, 32.110284576210297 ], [ 119.042045364465267, 32.110511661630881 ] ] ], [ [ [ 119.041443826311408, 32.110578239598603 ], [ 119.04103301, 32.11105536 ], [ 119.041006481486548, 32.111054978741286 ], [ 119.041033009862005, 32.111055363834502 ], [ 119.041443826311408, 32.110578239598603 ] ] ], [ [ [ 119.041072110338945, 32.109986602406316 ], [ 119.04103314, 32.10970509 ], [ 119.040842649064516, 32.109704510417473 ], [ 119.041033138176999, 32.109705091446202 ], [ 119.041072110338945, 32.109986602406316 ] ] ], [ [ [ 119.040675231878467, 32.109779222249138 ], [ 119.04057236, 32.10982513 ], [ 119.040572359522599, 32.109825130970776 ], [ 119.040675231878467, 32.109779222249138 ] ] ], [ [ [ 119.040511437971347, 32.109949013580717 ], [ 119.04030203, 32.11037484 ], [ 119.040247372260254, 32.110371416234536 ], [ 119.040302032458001, 32.110374841721097 ], [ 119.040511437971347, 32.109949013580717 ] ] ], [ [ [ 119.040038017338247, 32.110289413188781 ], [ 119.03989316, 32.11017471 ], [ 119.03957204, 32.11006541 ], [ 119.039893156041998, 32.110174712637502 ], [ 119.040038017338247, 32.110289413188781 ] ] ], [ [ [ 119.039801517200615, 32.110643988735745 ], [ 119.03986318, 32.1107649 ], [ 119.0395280003426, 32.111124453412323 ], [ 119.039631778035002, 32.1110944833665 ], [ 119.039863181064007, 32.110764898572498 ], [ 119.039801517200615, 32.110643988735745 ] ] ], [ [ [ 119.039422343912435, 32.111154968870025 ], [ 119.03942234, 32.11115497 ], [ 119.03975279831586, 32.111931926097391 ], [ 119.039422343912435, 32.111154968870025 ] ] ], [ [ [ 119.03976233990754, 32.111954360080837 ], [ 119.039653196609024, 32.112049786123606 ], [ 119.039762341325996, 32.111954363415897 ], [ 119.03976233990754, 32.111954360080837 ] ] ], [ [ [ 119.039532946911208, 32.112154917659836 ], [ 119.03858262, 32.11143492 ], [ 119.037644545103646, 32.111074265858335 ], [ 119.038582621306006, 32.111434924994803 ], [ 119.039532946911208, 32.112154917659836 ] ] ], [ [ [ 119.037512784889699, 32.110948700999081 ], [ 119.03692238, 32.11022451 ], [ 119.03678178, 32.11019383 ], [ 119.036922375241005, 32.110224510876598 ], [ 119.037512784889699, 32.110948700999081 ] ] ], [ [ [ 119.036796476587696, 32.110407901190207 ], [ 119.03680169, 32.11048384 ], [ 119.036801691726069, 32.110483842675087 ], [ 119.036796476587696, 32.110407901190207 ] ] ], [ [ [ 119.037222341463789, 32.112244219851576 ], [ 119.03795227, 32.11246458 ], [ 119.03894253, 32.11248432 ], [ 119.039165225356314, 32.112650354930956 ], [ 119.038942529961005, 32.112484317416403 ], [ 119.037952271893005, 32.112464575075897 ], [ 119.037222341463789, 32.112244219851576 ] ] ], [ [ [ 119.039707556463, 32.113114792376606 ], [ 119.03995269, 32.11335522 ], [ 119.039962046000284, 32.113402126687483 ], [ 119.039952691826002, 32.1133552183761 ], [ 119.039707556463, 32.113114792376606 ] ] ], [ [ [ 119.039972627653896, 32.113455190430734 ], [ 119.039743305548967, 32.113497292635365 ], [ 119.039972628336002, 32.113455193851301 ], [ 119.039972627653896, 32.113455190430734 ] ] ], [ [ [ 119.037847769146424, 32.11360421519047 ], [ 119.03658201, 32.11364399 ], [ 119.035906791083079, 32.113822199843781 ], [ 119.036582013876, 32.113643993443802 ], [ 119.037847769146424, 32.11360421519047 ] ] ], [ [ [ 119.035064998023259, 32.113950344834102 ], [ 119.03488187, 32.11393408 ], [ 119.034709781647777, 32.114004010171719 ], [ 119.034881867211993, 32.113934082832898 ], [ 119.035064998023259, 32.113950344834102 ] ] ], [ [ [ 119.032857822758345, 32.11593743107219 ], [ 119.032830704132024, 32.115953467556551 ], [ 119.032830704727004, 32.115953467382397 ], [ 119.032857822758345, 32.11593743107219 ] ] ], [ [ [ 119.032382024106738, 32.11608479840384 ], [ 119.03184164, 32.11624297 ], [ 119.030956346741235, 32.116159825951613 ], [ 119.031841637956006, 32.1162429720845 ], [ 119.032382024106738, 32.11608479840384 ] ] ], [ [ [ 119.028733820795239, 32.115987792644546 ], [ 119.02853979, 32.11598829 ], [ 119.02826926107187, 32.115988993123985 ], [ 119.028539785739, 32.115988292411302 ], [ 119.028733820795239, 32.115987792644546 ] ] ], [ [ [ 119.026756053444899, 32.11610089562042 ], [ 119.02669957, 32.11612011 ], [ 119.02655003, 32.11621152 ], [ 119.02633571, 32.1162851 ], [ 119.026231998621924, 32.116333437807555 ], [ 119.026550034539, 32.116211523502102 ], [ 119.026756053444899, 32.11610089562042 ] ] ], [ [ [ 119.025983543514869, 32.116447876729758 ], [ 119.02577946, 32.11654062 ], [ 119.025391718171306, 32.116771548117327 ], [ 119.025779463975994, 32.116540624779503 ], [ 119.025983543514869, 32.116447876729758 ] ] ], [ [ [ 119.025207795532282, 32.116831632415845 ], [ 119.02474177, 32.11691246 ], [ 119.024499651540694, 32.117104219762865 ], [ 119.024741770047001, 32.116912463474598 ], [ 119.025207795532282, 32.116831632415845 ] ] ], [ [ [ 119.024442717727752, 32.117149310973844 ], [ 119.024425261335168, 32.1171567924304 ], [ 119.024442716311, 32.117149312095897 ], [ 119.024442717727752, 32.117149310973844 ] ] ], [ [ [ 119.023454124175288, 32.117479361449178 ], [ 119.02307416, 32.11742606 ], [ 119.02268841, 32.11753613 ], [ 119.022434764761996, 32.117612176116722 ], [ 119.023074155350997, 32.117426062580101 ], [ 119.023454124175288, 32.117479361449178 ] ] ], [ [ [ 119.021816773028277, 32.117763504070169 ], [ 119.02161992, 32.11781211 ], [ 119.02147177437125, 32.117863305960881 ], [ 119.021619919512005, 32.117812112916198 ], [ 119.021816773028277, 32.117763504070169 ] ] ], [ [ [ 119.01431524500525, 32.116820274666338 ], [ 119.01411362, 32.11672409 ], [ 119.01379275, 32.11657999 ], [ 119.01364328, 32.11650741 ], [ 119.013631085965983, 32.116502281382971 ], [ 119.013792750693995, 32.116579991725601 ], [ 119.01431524500525, 32.116820274666338 ] ] ], [ [ [ 119.013149131044983, 32.116312795067913 ], [ 119.01308725, 32.11629098 ], [ 119.012977879347915, 32.11624186444412 ], [ 119.013087249367999, 32.116290981528401 ], [ 119.013149131044983, 32.116312795067913 ] ] ], [ [ [ 119.012308012738075, 32.116032200685083 ], [ 119.01230801, 32.1160322 ], [ 119.012068849717764, 32.116151920425708 ], [ 119.012308012738075, 32.116032200685083 ] ] ], [ [ [ 119.011921783162762, 32.116566322360484 ], [ 119.01185852, 32.11684267 ], [ 119.011689119785217, 32.116902180568083 ], [ 119.011858523045007, 32.116842674367902 ], [ 119.011921783162762, 32.116566322360484 ] ] ], [ [ [ 119.011671299003112, 32.116949315374924 ], [ 119.011659211694351, 32.11698128551857 ], [ 119.011659214115994, 32.1169812851657 ], [ 119.011671299003112, 32.116949315374924 ] ] ], [ [ [ 119.011093574093252, 32.117063707958117 ], [ 119.01048934, 32.11715175 ], [ 119.010434747100476, 32.117135890216403 ], [ 119.010489344413998, 32.1171517538803 ], [ 119.011093574093252, 32.117063707958117 ] ] ], [ [ [ 119.009308541230965, 32.117282264643094 ], [ 119.009317394227139, 32.117243737824893 ], [ 119.009308539138999, 32.117282265015803 ], [ 119.009308541230965, 32.117282264643094 ] ] ], [ [ [ 119.00907841048884, 32.116771847309408 ], [ 119.00910932, 32.11660172 ], [ 119.009109315104055, 32.116601720036961 ], [ 119.00907841048884, 32.116771847309408 ] ] ], [ [ [ 119.007798014151973, 32.116611619968651 ], [ 119.00779801, 32.11661162 ], [ 119.007869246718442, 32.117272006395787 ], [ 119.007798014151973, 32.116611619968651 ] ] ], [ [ [ 119.007888608884087, 32.117451510125981 ], [ 119.00637803, 32.11762205 ], [ 119.00583998, 32.11761866 ], [ 119.005143426224578, 32.117682126562521 ], [ 119.006378032910007, 32.117622052548597 ], [ 119.007888608884087, 32.117451510125981 ] ] ], [ [ [ 119.003880256233145, 32.126372886594261 ], [ 119.00394898, 32.12670212 ], [ 119.003948981132197, 32.126702119563511 ], [ 119.003880256233145, 32.126372886594261 ] ] ], [ [ [ 119.004105758980856, 32.126641678000702 ], [ 119.00433858, 32.12655192 ], [ 119.00468935, 32.12612178 ], [ 119.004908557397002, 32.126052107944503 ], [ 119.004689346190005, 32.126121780286098 ], [ 119.004105758980856, 32.126641678000702 ] ] ], [ [ [ 119.004893047999033, 32.126290012491822 ], [ 119.00487862, 32.12651129 ], [ 119.005320812755684, 32.126773317389926 ], [ 119.004878622763002, 32.126511286667302 ], [ 119.004893047999033, 32.126290012491822 ] ] ], [ [ [ 119.005737913936727, 32.127060428662411 ], [ 119.00572742, 32.12782199 ], [ 119.005871524437481, 32.127958889215613 ], [ 119.005727424213006, 32.127821992001302 ], [ 119.005737913936727, 32.127060428662411 ] ] ], [ [ [ 119.01399303394075, 32.130804960852352 ], [ 119.01518056, 32.13092078 ], [ 119.015289142715844, 32.13097754137015 ], [ 119.015180561692006, 32.130920779424201 ], [ 119.01399303394075, 32.130804960852352 ] ] ], [ [ [ 119.01680300643639, 32.132600279966553 ], [ 119.01703796837991, 32.132882848051658 ], [ 119.017037967009003, 32.132882845263403 ], [ 119.01680300643639, 32.132600279966553 ] ] ], [ [ [ 119.018810007448707, 32.136486954325527 ], [ 119.02245568, 32.1439018 ], [ 119.02620410865957, 32.146898303708731 ], [ 119.022455680568001, 32.143901798384597 ], [ 119.018810007448707, 32.136486954325527 ] ] ], [ [ [ 119.027491039779136, 32.147927080533947 ], [ 119.02721385, 32.14859593 ], [ 119.027208904066214, 32.148609481678037 ], [ 119.027213854055006, 32.1485959271334 ], [ 119.027491039779136, 32.147927080533947 ] ] ], [ [ [ 119.026729944142375, 32.149771325322071 ], [ 119.02637931, 32.15062048 ], [ 119.02637931176092, 32.150620482197034 ], [ 119.026729944142375, 32.149771325322071 ] ] ], [ [ [ 119.026490503625297, 32.150759212282516 ], [ 119.02966162, 32.1547157 ], [ 119.030830430676346, 32.155784913091274 ], [ 119.029661624924998, 32.1547156956889 ], [ 119.026490503625297, 32.150759212282516 ] ] ], [ [ [ 119.031244135656067, 32.156160691334783 ], [ 119.03125162, 32.15616593 ], [ 119.031261807766853, 32.156177926921906 ], [ 119.031251623605996, 32.156165931298801 ], [ 119.031244135656067, 32.156160691334783 ] ] ], [ [ [ 119.036802023582752, 32.159571268332392 ], [ 119.0369825, 32.15963667 ], [ 119.04592355, 32.16274771 ], [ 119.05418868, 32.1639085 ], [ 119.0643562, 32.16321224 ], [ 119.06965263, 32.16330413 ], [ 119.07053848, 32.16355627 ], [ 119.07147648, 32.17253486 ], [ 119.072840206021056, 32.175068289909248 ], [ 119.071476479636999, 32.172534855423301 ], [ 119.070538483530996, 32.163556269210197 ], [ 119.069652628707004, 32.163304129100801 ], [ 119.064356201555, 32.163212237042302 ], [ 119.054188681897998, 32.163908499225897 ], [ 119.045923549213995, 32.162747707111599 ], [ 119.036802023582752, 32.159571268332392 ] ] ], [ [ [ 119.071350585809981, 32.178602251735612 ], [ 119.07201415, 32.17975852 ], [ 119.07233574, 32.18013828 ], [ 119.072656282325923, 32.18035702970014 ], [ 119.072014152294003, 32.179758515792102 ], [ 119.071350585809981, 32.178602251735612 ] ] ], [ [ [ 119.0765590936564, 32.180444108103245 ], [ 119.07805805, 32.18026378 ], [ 119.079004560476605, 32.180268981218177 ], [ 119.078058048689996, 32.180263776504702 ], [ 119.0765590936564, 32.180444108103245 ] ] ], [ [ [ 119.089845589951224, 32.182439516508509 ], [ 119.09038854, 32.18270444 ], [ 119.092660624888111, 32.183459301667057 ], [ 119.090388537828005, 32.182704437509202 ], [ 119.089845589951224, 32.182439516508509 ] ] ], [ [ [ 119.092715185902861, 32.183477428638795 ], [ 119.10257989, 32.18563081 ], [ 119.1083711, 32.18736516 ], [ 119.11047263, 32.18818473 ], [ 119.11086294, 32.18825803 ], [ 119.11205936003644, 32.188171618256753 ], [ 119.110472628978002, 32.188184727394002 ], [ 119.108371095780996, 32.187365157407797 ], [ 119.102579894901993, 32.1856308092337 ], [ 119.092715185902861, 32.183477428638795 ] ] ], [ [ [ 119.113036244601105, 32.18818856038596 ], [ 119.11379757, 32.18833938 ], [ 119.114063918342708, 32.188430916540895 ], [ 119.113797571817997, 32.1883393769752 ], [ 119.113036244601105, 32.18818856038596 ] ] ], [ [ [ 119.116999324714612, 32.190646294741732 ], [ 119.11757524, 32.19122029 ], [ 119.11816487, 32.19165194 ], [ 119.118376985706647, 32.191758541208998 ], [ 119.116999324714612, 32.190646294741732 ] ] ], [ [ [ 119.121987217428909, 32.193011600517451 ], [ 119.12278444, 32.19326718 ], [ 119.123044018394609, 32.19329031238918 ], [ 119.122784441099995, 32.193267179340197 ], [ 119.121987217428909, 32.193011600517451 ] ] ], [ [ [ 119.124523176892993, 32.193579493202748 ], [ 119.12656965, 32.19417292 ], [ 119.128958160530871, 32.195202190096829 ], [ 119.126569654956995, 32.1941729165748 ], [ 119.124523176892993, 32.193579493202748 ] ] ], [ [ [ 119.129388535502741, 32.195280688189349 ], [ 119.12982551, 32.19536039 ], [ 119.130360626869034, 32.195334617923344 ], [ 119.129825506581, 32.195360388541602 ], [ 119.129388535502741, 32.195280688189349 ] ] ], [ [ [ 119.134623422037606, 32.194379514549702 ], [ 119.13605911, 32.19383318 ], [ 119.1396368, 32.19190248 ], [ 119.14200305209404, 32.190818800103713 ], [ 119.139636799098, 32.191902475881498 ], [ 119.136059109361995, 32.193833175404897 ], [ 119.134623422037606, 32.194379514549702 ] ] ], [ [ [ 119.150603308568293, 32.187857162059579 ], [ 119.15462952, 32.18749671 ], [ 119.15798878, 32.1875119 ], [ 119.161114573027874, 32.188086810341694 ], [ 119.157988777729997, 32.1875118965255 ], [ 119.154629515224997, 32.187496708797802 ], [ 119.150603308568293, 32.187857162059579 ] ] ], [ [ [ 119.161299046704485, 32.188107628170535 ], [ 119.16301568, 32.18830135 ], [ 119.163465385565004, 32.188384463682617 ], [ 119.163015680081003, 32.188301348641502 ], [ 119.161299046704485, 32.188107628170535 ] ] ], [ [ [ 119.168973721711069, 32.189373868511474 ], [ 119.16961217, 32.18955393 ], [ 119.17381437, 32.19040691 ], [ 119.17505917293559, 32.190802490137663 ], [ 119.173814367456998, 32.190406906314898 ], [ 119.168973721711069, 32.189373868511474 ] ] ], [ [ [ 119.179445562390455, 32.191545576653311 ], [ 119.17983838, 32.19143713 ], [ 119.18099292, 32.1906801 ], [ 119.181383283444802, 32.190305257685893 ], [ 119.179838379597996, 32.191437126589598 ], [ 119.179445562390455, 32.191545576653311 ] ] ], [ [ [ 119.186885523021047, 32.187101858782555 ], [ 119.1873195, 32.18698366 ], [ 119.187734297666822, 32.186931580969436 ], [ 119.187319504564996, 32.1869836571761 ], [ 119.186885523021047, 32.187101858782555 ] ] ], [ [ [ 119.200260902733007, 32.190118771252187 ], [ 119.200295563417797, 32.190134651859481 ], [ 119.200260903361993, 32.190118771482602 ], [ 119.200260902733007, 32.190118771252187 ] ] ], [ [ [ 119.202848121961935, 32.191077676923221 ], [ 119.20421048, 32.19146954 ], [ 119.20943557, 32.19215437 ], [ 119.210319082420895, 32.192490682612657 ], [ 119.209435572128001, 32.192154367166602 ], [ 119.204210482381001, 32.191469537749299 ], [ 119.202848121961935, 32.191077676923221 ] ] ], [ [ [ 119.211183771483661, 32.192932382542836 ], [ 119.21203015, 32.19366865 ], [ 119.21286316, 32.1951098 ], [ 119.2144087, 32.20062628 ], [ 119.21499033, 32.20196109 ], [ 119.216091824578754, 32.203140967976644 ], [ 119.214990333076003, 32.201961085974901 ], [ 119.214408704411994, 32.200626281384103 ], [ 119.212863161067006, 32.195109796098698 ], [ 119.212030150553005, 32.193668645228101 ], [ 119.211183771483661, 32.192932382542836 ] ] ], [ [ [ 119.216100627436177, 32.203150397253729 ], [ 119.21610063, 32.2031504 ], [ 119.216871392228157, 32.203703027454438 ], [ 119.216100627436177, 32.203150397253729 ] ] ], [ [ [ 119.217781015565507, 32.204291876962209 ], [ 119.21899091, 32.20487943 ], [ 119.221567886780846, 32.206580540232792 ], [ 119.218990912975002, 32.204879428874399 ], [ 119.217781015565507, 32.204291876962209 ] ] ], [ [ [ 119.226045226003805, 32.209185410754955 ], [ 119.22699334, 32.20967335 ], [ 119.227505623268982, 32.210042424722154 ], [ 119.226993336714003, 32.209673347264903 ], [ 119.226045226003805, 32.209185410754955 ] ] ], [ [ [ 119.232966252554121, 32.214706146168261 ], [ 119.23638243, 32.21835293 ], [ 119.22372105, 32.22422294 ], [ 119.236382434587995, 32.2183529307501 ], [ 119.232966252554121, 32.214706146168261 ] ] ] ] } }
]
}
